cell,nCounts,nFeatures
AAACAACGAGCTTTGA-frozen_3T3_noPEG_100_4cycles,1196,967
AAACCGTACGTGGTGA-frozen_3T3_noPEG_100_4cycles,1529,1157
AAACGAAACATTGCCA-frozen_3T3_noPEG_100_4cycles,1419,1088
AAACGCTACCCGGCTA-frozen_3T3_noPEG_100_4cycles,1968,1484
AAACTCCGAGGTAGAC-frozen_3T3_noPEG_100_4cycles,1505,1153
AAAGGATACCTGGAAG-frozen_3T3_noPEG_100_4cycles,1403,1106
AAATAGGTGATCATCG-frozen_3T3_noPEG_100_4cycles,1472,1082
AAATGCCTGCTTCACC-frozen_3T3_noPEG_100_4cycles,3572,2324
AAATGCGCTCCGTTAA-frozen_3T3_noPEG_100_4cycles,1487,1183
AACAATGGAGTCCCGA-frozen_3T3_noPEG_100_4cycles,1357,1036
AACACTCGACGCACTG-frozen_3T3_noPEG_100_4cycles,1361,1004
AACATCCGACGCCACA-frozen_3T3_noPEG_100_4cycles,1904,1373
AACATCCGATGAGGCA-frozen_3T3_noPEG_100_4cycles,1398,1093
AACCCTCACACACAAA-frozen_3T3_noPEG_100_4cycles,2662,1841
AACCCTCACTGATCAC-frozen_3T3_noPEG_100_4cycles,819,693
AACGAGGTGTCGCTAA-frozen_3T3_noPEG_100_4cycles,893,742
AACTCACGAACACCGC-frozen_3T3_noPEG_100_4cycles,1488,1144
AAGACGGTGACGCGAA-frozen_3T3_noPEG_100_4cycles,1710,1279
AAGACGGTGCTCACGG-frozen_3T3_noPEG_100_4cycles,2600,1753
AAGAGAGGAGGCAGTA-frozen_3T3_noPEG_100_4cycles,1576,1195
AAGCCTAACTTGTTTC-frozen_3T3_noPEG_100_4cycles,1962,1432
AAGCGCCACCATGCGC-frozen_3T3_noPEG_100_4cycles,1314,996
AAGGCGATGCCACTTC-frozen_3T3_noPEG_100_4cycles,1665,1238
AAGGTAATGAATCGAA-frozen_3T3_noPEG_100_4cycles,1533,1154
AAGGTGCGAGAACAGC-frozen_3T3_noPEG_100_4cycles,2338,1729
AAGTGGCGACGCAAAG-frozen_3T3_noPEG_100_4cycles,1445,1119
AATAAGGACAGCAATA-frozen_3T3_noPEG_100_4cycles,1765,1312
ACACATCGAAAGCTAA-frozen_3T3_noPEG_100_4cycles,1448,1099
ACACGTTGACCGCTAG-frozen_3T3_noPEG_100_4cycles,613,518
ACACTGCCTAGGACCA-frozen_3T3_noPEG_100_4cycles,1975,1478
ACAGACTTGAGGTGAC-frozen_3T3_noPEG_100_4cycles,1489,1112
ACATGTGTGTTTGGGT-frozen_3T3_noPEG_100_4cycles,2018,1528
ACCCTTGTGACTCGAT-frozen_3T3_noPEG_100_4cycles,1825,1365
ACCCTTGTGCCAAACT-frozen_3T3_noPEG_100_4cycles,1507,1139
ACCTGCTACACCAGTT-frozen_3T3_noPEG_100_4cycles,1342,1041
ACGAGGCCTTCTATCT-frozen_3T3_noPEG_100_4cycles,2753,1900
ACGGGAATGTAGGTTC-frozen_3T3_noPEG_100_4cycles,1332,1041
ACGGTTCCTAATGCTC-frozen_3T3_noPEG_100_4cycles,1393,1069
ACTAGTGTGTACGTTG-frozen_3T3_noPEG_100_4cycles,744,614
ACTCCGTACCTTCAAG-frozen_3T3_noPEG_100_4cycles,1397,1074
ACTCTAGGACTCTGGG-frozen_3T3_noPEG_100_4cycles,1186,936
ACTGGGCACCCACATA-frozen_3T3_noPEG_100_4cycles,1389,1057
ACTGTCCACCGTTAGT-frozen_3T3_noPEG_100_4cycles,2579,1794
ACTTATCTGCCGGCTA-frozen_3T3_noPEG_100_4cycles,1435,1064
ACTTCCTCTAGTTGAA-frozen_3T3_noPEG_100_4cycles,2407,1712
ACTTGCCTGGTCCCGA-frozen_3T3_noPEG_100_4cycles,733,628
AGAACAATGTCGTAAC-frozen_3T3_noPEG_100_4cycles,1412,1107
AGAACATGAAGCGCTC-frozen_3T3_noPEG_100_4cycles,2422,1731
AGAACGCGAACACCGC-frozen_3T3_noPEG_100_4cycles,1413,1088
AGACCATTGAGGCATG-frozen_3T3_noPEG_100_4cycles,508,451
AGCAGAGACGTCAATC-frozen_3T3_noPEG_100_4cycles,1457,1157
AGCCGAGCTGAATGTA-frozen_3T3_noPEG_100_4cycles,1118,912
AGCCGGTACGAACCTT-frozen_3T3_noPEG_100_4cycles,1339,1056
AGCGCAAGAGACACCC-frozen_3T3_noPEG_100_4cycles,1732,1256
AGCTATCGAGGTGTCC-frozen_3T3_noPEG_100_4cycles,843,707
AGCTATGACGCTAATC-frozen_3T3_noPEG_100_4cycles,1593,1223
AGCTCGGACGAACCTT-frozen_3T3_noPEG_100_4cycles,1155,934
AGCTGCTCTAAGGTGC-frozen_3T3_noPEG_100_4cycles,2138,1513
AGCTGCTCTTCGTACA-frozen_3T3_noPEG_100_4cycles,2561,1786
AGCTTCCACAAGTCTC-frozen_3T3_noPEG_100_4cycles,1660,1223
AGGTAGGTGGAGAGGG-frozen_3T3_noPEG_100_4cycles,1825,1346
AGGTTACTGGCCAGCT-frozen_3T3_noPEG_100_4cycles,1624,1187
AGTAAGTGAAACGTTC-frozen_3T3_noPEG_100_4cycles,1513,1157
AGTACAAGAGCTCAGC-frozen_3T3_noPEG_100_4cycles,1271,1057
AGTACGACTCCCGCAA-frozen_3T3_noPEG_100_4cycles,1357,1049
AGTACGACTGCCAGCT-frozen_3T3_noPEG_100_4cycles,1813,1358
AGTGCATTGGGTATGG-frozen_3T3_noPEG_100_4cycles,1550,1190
AGTGTGACTTTGACCA-frozen_3T3_noPEG_100_4cycles,1557,1204
ATAAGACGATCCAATG-frozen_3T3_noPEG_100_4cycles,853,726
ATAAGACGATCGTCCT-frozen_3T3_noPEG_100_4cycles,1511,1151
ATAAGACGATTAGAAG-frozen_3T3_noPEG_100_4cycles,1629,1272
ATAGAACGACCTCGTT-frozen_3T3_noPEG_100_4cycles,998,838
ATAGGGTCTCGTGCAC-frozen_3T3_noPEG_100_4cycles,1397,1079
ATATTCGCTATAACCC-frozen_3T3_noPEG_100_4cycles,1308,1023
ATCGGGCACCGAGTGA-frozen_3T3_noPEG_100_4cycles,1491,1139
ATCTCTTGAACCGTGC-frozen_3T3_noPEG_100_4cycles,1641,1215
ATCTTACTGGATTAAG-frozen_3T3_noPEG_100_4cycles,1876,1413
ATGATAGGATCGCTAA-frozen_3T3_noPEG_100_4cycles,1226,978
ATGCAAAGACCGCAGT-frozen_3T3_noPEG_100_4cycles,1434,1116
ATGCAAAGATGCTGTA-frozen_3T3_noPEG_100_4cycles,1370,1048
ATGCCCGGACTCGATA-frozen_3T3_noPEG_100_4cycles,1377,1071
ATGCCGCGAGCAGTTT-frozen_3T3_noPEG_100_4cycles,731,623
ATGGGTTACCTAACGT-frozen_3T3_noPEG_100_4cycles,1393,1070
ATTGTGTCTATTCTGG-frozen_3T3_noPEG_100_4cycles,1544,1161
ATTTCGACTGCTAGAG-frozen_3T3_noPEG_100_4cycles,3207,2106
CAAAGAATGAATCTGC-frozen_3T3_noPEG_100_4cycles,968,807
CAAAGACCTTTAGCTG-frozen_3T3_noPEG_100_4cycles,2058,1482
CAAAGGGACGTTGACT-frozen_3T3_noPEG_100_4cycles,1424,1080
CAACACCCTACAGGTG-frozen_3T3_noPEG_100_4cycles,1426,1136
CAACACCCTCGACTAT-frozen_3T3_noPEG_100_4cycles,1302,1071
CAACCCTACACGCCAC-frozen_3T3_noPEG_100_4cycles,2729,1912
CAACCCTACCCACAAT-frozen_3T3_noPEG_100_4cycles,1645,1261
CAACCCTACGTCCCGA-frozen_3T3_noPEG_100_4cycles,1439,1070
CAACGCGTGAAATCGA-frozen_3T3_noPEG_100_4cycles,1271,1001
CAAGAAATGTCCCGTT-frozen_3T3_noPEG_100_4cycles,1385,1066
CAAGAATGATTGCAGT-frozen_3T3_noPEG_100_4cycles,2175,1591
CAAGAGTCTTCTGGGC-frozen_3T3_noPEG_100_4cycles,1489,1115
CAAGCAACTTGAGCAG-frozen_3T3_noPEG_100_4cycles,1544,1187
CAAGGGTGAGCGGTTC-frozen_3T3_noPEG_100_4cycles,1520,1174
CAATAGAGAAGGGCTA-frozen_3T3_noPEG_100_4cycles,1048,867
CAATCAGTGATCAGCT-frozen_3T3_noPEG_100_4cycles,1319,1044
CAATCAGTGTTCTCGC-frozen_3T3_noPEG_100_4cycles,1304,986
CAATCGCCTAGTGAGC-frozen_3T3_noPEG_100_4cycles,1313,1002
CAATGTGTGGGTGTCC-frozen_3T3_noPEG_100_4cycles,1576,1169
CACAGCGTGTTGCAGT-frozen_3T3_noPEG_100_4cycles,690,618
CACCGTTACCATGCTA-frozen_3T3_noPEG_100_4cycles,842,719
CAGAAACCTCGTGCAC-frozen_3T3_noPEG_100_4cycles,1528,1140
CAGACTCCTGGTTTGT-frozen_3T3_noPEG_100_4cycles,898,737
CAGCTCACTGAACCTT-frozen_3T3_noPEG_100_4cycles,1306,1029
CAGCTGTCTAATCCAC-frozen_3T3_noPEG_100_4cycles,1142,887
CAGGGCTTGCGAGTTT-frozen_3T3_noPEG_100_4cycles,2405,1702
CAGTAGTTGTTCTGGA-frozen_3T3_noPEG_100_4cycles,2206,1572
CAGTCGTCTCCGCTAG-frozen_3T3_noPEG_100_4cycles,1531,1178
CAGTCGTCTCTTCAAG-frozen_3T3_noPEG_100_4cycles,1059,836
CAGTGATTGGTTGGTT-frozen_3T3_noPEG_100_4cycles,1370,1021
CAGTGGAGAGGCCAAA-frozen_3T3_noPEG_100_4cycles,1492,1142
CAGTGTAACTCTATCT-frozen_3T3_noPEG_100_4cycles,1490,1158
CATAGTCGAGCCAGCT-frozen_3T3_noPEG_100_4cycles,1553,1173
CATCGCGGACGATTCA-frozen_3T3_noPEG_100_4cycles,2352,1661
CATGGAGGATTCTCGC-frozen_3T3_noPEG_100_4cycles,1508,1144
CATTCAACTTAGCAGG-frozen_3T3_noPEG_100_4cycles,1007,837
CATTCCTCTAGTCTGT-frozen_3T3_noPEG_100_4cycles,1643,1209
CATTGGCCTCCATAAC-frozen_3T3_noPEG_100_4cycles,1447,1094
CATTTGTACATAGGTA-frozen_3T3_noPEG_100_4cycles,1685,1234
CCAACGGTGTAATAGG-frozen_3T3_noPEG_100_4cycles,1858,1346
CCAAGGAGAAAAGGTT-frozen_3T3_noPEG_100_4cycles,1868,1372
CCAAGTTGAATCAGGG-frozen_3T3_noPEG_100_4cycles,1519,1147
CCACAGGTGTTGCAGT-frozen_3T3_noPEG_100_4cycles,892,740
CCACTAAGAATTCTGG-frozen_3T3_noPEG_100_4cycles,1595,1210
CCACTCTGAGAGCTGA-frozen_3T3_noPEG_100_4cycles,954,809
CCAGGCAACCAGTCTA-frozen_3T3_noPEG_100_4cycles,1334,1074
CCAGGCAACCTCCTAC-frozen_3T3_noPEG_100_4cycles,1617,1203
CCAGGCAACGATTAAG-frozen_3T3_noPEG_100_4cycles,1739,1287
CCATCCATGTAGCTTG-frozen_3T3_noPEG_100_4cycles,1511,1158
CCATCCATGTGCTGGC-frozen_3T3_noPEG_100_4cycles,1578,1199
CCCAATGCTCCGTGAC-frozen_3T3_noPEG_100_4cycles,1341,1025
CCCATGTACAGGACCA-frozen_3T3_noPEG_100_4cycles,1103,871
CCCATGTACCGGCACT-frozen_3T3_noPEG_100_4cycles,1616,1244
CCCTATCGAGTGAGCA-frozen_3T3_noPEG_100_4cycles,1049,854
CCCTTGCCTCGAACAG-frozen_3T3_noPEG_100_4cycles,1652,1204
CCGACAGTGAAAGTAC-frozen_3T3_noPEG_100_4cycles,892,725
CCGCAAGTGGTGGTGA-frozen_3T3_noPEG_100_4cycles,1422,1099
CCTACGGGAATCCTTT-frozen_3T3_noPEG_100_4cycles,668,579
CCTACGGGAGGACAGT-frozen_3T3_noPEG_100_4cycles,1389,1061
CCTATCCGACTCATCC-frozen_3T3_noPEG_100_4cycles,2082,1558
CCTCATGACAATCCAC-frozen_3T3_noPEG_100_4cycles,1492,1089
CCTCTTGGACGGAATG-frozen_3T3_noPEG_100_4cycles,1217,984
CCTGATCACTCGTACA-frozen_3T3_noPEG_100_4cycles,1642,1278
CCTGCCTCTAGGACCA-frozen_3T3_noPEG_100_4cycles,1169,936
CCTGCTATGCTGGCAC-frozen_3T3_noPEG_100_4cycles,1412,1101
CCTGCTATGTGGCATT-frozen_3T3_noPEG_100_4cycles,1004,832
CCTGTTGACATTCGGT-frozen_3T3_noPEG_100_4cycles,1952,1450
CCTTCCAGAGAACCTT-frozen_3T3_noPEG_100_4cycles,1321,1049
CCTTCCAGAGACGCCT-frozen_3T3_noPEG_100_4cycles,1481,1141
CCTTGGTACTAACGAA-frozen_3T3_noPEG_100_4cycles,1359,1082
CGAGAGATGCGTTATG-frozen_3T3_noPEG_100_4cycles,1450,1125
CGATCGGTGAGCGCTC-frozen_3T3_noPEG_100_4cycles,1183,950
CGCAAAGGATCGTACA-frozen_3T3_noPEG_100_4cycles,1696,1225
CGCAATCCTCTGGGTC-frozen_3T3_noPEG_100_4cycles,1023,856
CGCGTTGGAAAATCGA-frozen_3T3_noPEG_100_4cycles,1982,1431
CGCTTAAGACAGATTC-frozen_3T3_noPEG_100_4cycles,1380,1069
CGCTTCAACTGATCAC-frozen_3T3_noPEG_100_4cycles,1651,1208
CGCTTCCCTCGCAAAG-frozen_3T3_noPEG_100_4cycles,2589,1813
CGCTTGTACTGAGCAG-frozen_3T3_noPEG_100_4cycles,1558,1188
CGGAATTTGAGCTTGT-frozen_3T3_noPEG_100_4cycles,1192,949
CGGATAGGATTCGGGC-frozen_3T3_noPEG_100_4cycles,1641,1240
CGGTCGATGTCGTAAC-frozen_3T3_noPEG_100_4cycles,1386,1103
CGGTTCACTTGCCACG-frozen_3T3_noPEG_100_4cycles,2462,1736
CGGTTCACTTGCTCAA-frozen_3T3_noPEG_100_4cycles,1454,1143
CGTAATCGATTTCCGC-frozen_3T3_noPEG_100_4cycles,1955,1393
CGTACAAACCTCTGGG-frozen_3T3_noPEG_100_4cycles,1586,1243
CGTACAAACTTGGTTG-frozen_3T3_noPEG_100_4cycles,1350,1021
CGTAGCGACGACTGTT-frozen_3T3_noPEG_100_4cycles,1594,1197
CGTAGCGACGCACGCT-frozen_3T3_noPEG_100_4cycles,876,709
CGTCGTACTCTTCAAG-frozen_3T3_noPEG_100_4cycles,3395,2204
CGTCTTGACCATGCTA-frozen_3T3_noPEG_100_4cycles,1053,825
CGTGTACCTATGGCCC-frozen_3T3_noPEG_100_4cycles,1804,1374
CGTGTCTTGTTGTTTC-frozen_3T3_noPEG_100_4cycles,840,717
CGTTACCTGAGTCTAC-frozen_3T3_noPEG_100_4cycles,1421,1077
CGTTACCTGTGGGCCT-frozen_3T3_noPEG_100_4cycles,1359,1003
CGTTGCACTGTTTACG-frozen_3T3_noPEG_100_4cycles,1727,1268
CTAACAGTGCCACTTC-frozen_3T3_noPEG_100_4cycles,1053,846
CTAACTGGATTGACAC-frozen_3T3_noPEG_100_4cycles,1256,1010
CTAATCACTTGACCTA-frozen_3T3_noPEG_100_4cycles,1273,1011
CTACATTACCTGCCAG-frozen_3T3_noPEG_100_4cycles,1786,1336
CTACCTCGACGATCGC-frozen_3T3_noPEG_100_4cycles,1052,856
CTACCTCGACTCCTAC-frozen_3T3_noPEG_100_4cycles,1805,1309
CTACCTGTGGCTTCGG-frozen_3T3_noPEG_100_4cycles,1578,1227
CTAGGGCACTCGACAT-frozen_3T3_noPEG_100_4cycles,1462,1156
CTATCTATGGCCGTTG-frozen_3T3_noPEG_100_4cycles,1110,896
CTATGCCACGGCCATC-frozen_3T3_noPEG_100_4cycles,1417,1096
CTATTGGGAACCGTTA-frozen_3T3_noPEG_100_4cycles,2627,1817
CTCAATGGACTGTGCG-frozen_3T3_noPEG_100_4cycles,1807,1308
CTCAATTTGGGCAGTA-frozen_3T3_noPEG_100_4cycles,653,567
CTCCTAGTGTCGAGAG-frozen_3T3_noPEG_100_4cycles,1359,1063
CTCTCTGGAGGTGCAA-frozen_3T3_noPEG_100_4cycles,1174,955
CTCTCTGGAGTCCCAG-frozen_3T3_noPEG_100_4cycles,1409,1103
CTCTCTGGAGTTGGTT-frozen_3T3_noPEG_100_4cycles,1515,1125
CTCTGAAGATGGCAAG-frozen_3T3_noPEG_100_4cycles,2391,1700
CTCTGGACTGCTAGAG-frozen_3T3_noPEG_100_4cycles,1867,1405
CTCTGGACTTAGCAGG-frozen_3T3_noPEG_100_4cycles,1297,987
CTGCCTTGACAGCTGC-frozen_3T3_noPEG_100_4cycles,1445,1092
CTGCTAGCTGACATAA-frozen_3T3_noPEG_100_4cycles,1774,1337
CTGCTGGGAATTAAGG-frozen_3T3_noPEG_100_4cycles,2096,1521
CTGGCCAGAACCTGCG-frozen_3T3_noPEG_100_4cycles,1370,1040
CTGGGACACGCCCTAG-frozen_3T3_noPEG_100_4cycles,2615,1796
CTGGGACACGGCCATC-frozen_3T3_noPEG_100_4cycles,2423,1706
CTGGTGGACGAATAAC-frozen_3T3_noPEG_100_4cycles,1464,1142
CTGTAACGATAATCGC-frozen_3T3_noPEG_100_4cycles,1860,1371
CTGTTGCTGCGATTAC-frozen_3T3_noPEG_100_4cycles,1193,954
CTTAGAGACTCGGGCT-frozen_3T3_noPEG_100_4cycles,1292,1028
CTTAGGCCTATCAGCT-frozen_3T3_noPEG_100_4cycles,992,785
CTTAGGCCTGGCAGTA-frozen_3T3_noPEG_100_4cycles,1616,1213
CTTATTGTGAAGGCTG-frozen_3T3_noPEG_100_4cycles,3616,2377
CTTCCTACTGAACATA-frozen_3T3_noPEG_100_4cycles,1397,1052
CTTCCTTTGAAGTAAC-frozen_3T3_noPEG_100_4cycles,1541,1202
CTTCCTTTGCGAACAG-frozen_3T3_noPEG_100_4cycles,1340,1069
CTTGCGGGAAATCCGT-frozen_3T3_noPEG_100_4cycles,1042,838
CTTGCGTTGCCGCAGT-frozen_3T3_noPEG_100_4cycles,364,330
CTTTATGTGTTGCGTA-frozen_3T3_noPEG_100_4cycles,1318,1023
CTTTCTGCTTAAGTAG-frozen_3T3_noPEG_100_4cycles,1385,1075
GAAGGACACTACTTTC-frozen_3T3_noPEG_100_4cycles,1726,1325
GACCCACGACGATCGC-frozen_3T3_noPEG_100_4cycles,1617,1213
GACCGTGTGAATCCAC-frozen_3T3_noPEG_100_4cycles,1399,1115
GACCTATGACAGCAAG-frozen_3T3_noPEG_100_4cycles,1502,1142
GACGCACACCGAATCT-frozen_3T3_noPEG_100_4cycles,993,844
GAGCGATGATGGCTTA-frozen_3T3_noPEG_100_4cycles,1448,1115
GCAACTTGAAGGTCCC-frozen_3T3_noPEG_100_4cycles,1427,1102
GCACGACACGGCCAAA-frozen_3T3_noPEG_100_4cycles,1448,1139
GCAGACCTGATCCTTT-frozen_3T3_noPEG_100_4cycles,1576,1155
GCAGACCTGGTTGGTT-frozen_3T3_noPEG_100_4cycles,1096,884
GCAGACGCTCGACAAG-frozen_3T3_noPEG_100_4cycles,1395,1078
GCAGTATTGAGTAGGC-frozen_3T3_noPEG_100_4cycles,1581,1181
GCATCCTTGAAGCTAA-frozen_3T3_noPEG_100_4cycles,2284,1609
GCATGATACTGGTCCG-frozen_3T3_noPEG_100_4cycles,1665,1229
GCCGAACTGTCCCAGG-frozen_3T3_noPEG_100_4cycles,736,627
GCCGTTTACCTCGAGC-frozen_3T3_noPEG_100_4cycles,1198,963
GCCTAAATGTCGAGAG-frozen_3T3_noPEG_100_4cycles,1434,1151
GCCTAGTCTTGGCATT-frozen_3T3_noPEG_100_4cycles,1395,1057
GCGAAGCCTCAGGGTA-frozen_3T3_noPEG_100_4cycles,1548,1178
GCGCAGTTGAGCTGAG-frozen_3T3_noPEG_100_4cycles,1619,1162
GCGTAAACTAGATTCC-frozen_3T3_noPEG_100_4cycles,1453,1150
GCGTAAGGAAGCCTAT-frozen_3T3_noPEG_100_4cycles,2574,1763
GCGTCTTTGCTCATTT-frozen_3T3_noPEG_100_4cycles,1377,1034
GCGTTTAGAAATCCGT-frozen_3T3_noPEG_100_4cycles,2951,1961
GCTTACCACAGTCTGT-frozen_3T3_noPEG_100_4cycles,822,699
GCTTCCTGAGACCGAA-frozen_3T3_noPEG_100_4cycles,1736,1238
GCTTCTGACTAACGGG-frozen_3T3_noPEG_100_4cycles,1373,1077
GCTTGTCACGAATGTA-frozen_3T3_noPEG_100_4cycles,506,454
GCTTTCCGAGTTAGAA-frozen_3T3_noPEG_100_4cycles,1440,1121
GGAAGCCCTTCGTCAA-frozen_3T3_noPEG_100_4cycles,1298,1037
GGAAGGACTTGGCATT-frozen_3T3_noPEG_100_4cycles,1352,1044
GGACACCTGCGATTGT-frozen_3T3_noPEG_100_4cycles,1127,930
GGACGAATGGACAAAT-frozen_3T3_noPEG_100_4cycles,1055,896
GGACGCTTGTCCCAGG-frozen_3T3_noPEG_100_4cycles,1885,1355
GGATACTACCTCCTAC-frozen_3T3_noPEG_100_4cycles,1398,1064
GGATTTGACGATAGCG-frozen_3T3_noPEG_100_4cycles,1323,1040
GGCAACGCTGACACCC-frozen_3T3_noPEG_100_4cycles,1534,1141
GGCGTAGCTAGGTGCA-frozen_3T3_noPEG_100_4cycles,1353,1054
GGCGTAGCTCGGAATG-frozen_3T3_noPEG_100_4cycles,1601,1213
GGCGTGACTGCGCACT-frozen_3T3_noPEG_100_4cycles,1397,1095
GGCTGACTGTCGTAAC-frozen_3T3_noPEG_100_4cycles,1574,1244
GGCTTCTACCGACACC-frozen_3T3_noPEG_100_4cycles,1354,1053
GGCTTGCGAAAGGCTG-frozen_3T3_noPEG_100_4cycles,1719,1292
GGGTGAAACTGCAAGG-frozen_3T3_noPEG_100_4cycles,1748,1311
GGGTGAATGCGTACAT-frozen_3T3_noPEG_100_4cycles,926,790
GGTAAGCGACTTTGTT-frozen_3T3_noPEG_100_4cycles,1435,1130
GGTAGTTTGTGCTTGA-frozen_3T3_noPEG_100_4cycles,1513,1145
GGTATACTGCAGACCC-frozen_3T3_noPEG_100_4cycles,1143,917
GGTATCTGAGAACAGC-frozen_3T3_noPEG_100_4cycles,1495,1140
GGTATGACTGGTGCAA-frozen_3T3_noPEG_100_4cycles,1412,1076
GGTCAAGGAATCAGCT-frozen_3T3_noPEG_100_4cycles,1469,1140
GGTCAGAGACGTAACT-frozen_3T3_noPEG_100_4cycles,1457,1092
GGTCTGGACAGGCGTA-frozen_3T3_noPEG_100_4cycles,1076,885
GGTCTGGACGCTTTGA-frozen_3T3_noPEG_100_4cycles,1507,1171
GGTGTAACTTCTGTAG-frozen_3T3_noPEG_100_4cycles,2031,1551
GGTTGGAGATGGCTGC-frozen_3T3_noPEG_100_4cycles,1426,1088
GGTTTAGTGAGCAGGT-frozen_3T3_noPEG_100_4cycles,1903,1443
GGTTTAGTGCCCGCAA-frozen_3T3_noPEG_100_4cycles,1421,1106
GTAAACAGAGAGCTGA-frozen_3T3_noPEG_100_4cycles,1379,1063
GTAAACAGATCATTGG-frozen_3T3_noPEG_100_4cycles,863,732
GTAAGGCGAAGGGAGG-frozen_3T3_noPEG_100_4cycles,1457,1141
GTAATCGACAGTAGGC-frozen_3T3_noPEG_100_4cycles,1918,1446
GTAATCGACGCACCCA-frozen_3T3_noPEG_100_4cycles,1116,926
GTACATCGACCAAGTT-frozen_3T3_noPEG_100_4cycles,1521,1131
GTACATCGAGCCAGCT-frozen_3T3_noPEG_100_4cycles,1090,897
GTAGGTTTGCGACAAG-frozen_3T3_noPEG_100_4cycles,1508,1143
GTCGAAGGAAACGTGG-frozen_3T3_noPEG_100_4cycles,1307,996
GTCGAAGGACTCATTT-frozen_3T3_noPEG_100_4cycles,1875,1390
GTCGAAGGAGCCAGCT-frozen_3T3_noPEG_100_4cycles,2042,1422
GTCGACCGATCGTAAC-frozen_3T3_noPEG_100_4cycles,1498,1136
GTCGCATCTCTTTGTT-frozen_3T3_noPEG_100_4cycles,1429,1133
GTGGCAGCTTGCATCA-frozen_3T3_noPEG_100_4cycles,1299,1012
GTGGTTAACTGGGCCT-frozen_3T3_noPEG_100_4cycles,1457,1085
GTTCCCATGCCAGCTG-frozen_3T3_noPEG_100_4cycles,1641,1257
GTTGAGTTGATGAATG-frozen_3T3_noPEG_100_4cycles,1639,1222
GTTGTTGGAGCTTCGG-frozen_3T3_noPEG_100_4cycles,1928,1452
TAAACGCACGATCATC-frozen_3T3_noPEG_100_4cycles,1480,1146
TAACAGAGATGAAAGT-frozen_3T3_noPEG_100_4cycles,821,689
TAACGCATGCCTCGTT-frozen_3T3_noPEG_100_4cycles,1388,1048
TAACGTTCTTGTGCTA-frozen_3T3_noPEG_100_4cycles,1335,1006
TAAGGGCGAACGCCAC-frozen_3T3_noPEG_100_4cycles,1232,978
TAAGTGCACCTTGTGA-frozen_3T3_noPEG_100_4cycles,1468,1138
TACAACCGAGGCCTGT-frozen_3T3_noPEG_100_4cycles,465,428
TACATTGCTCTTAGTG-frozen_3T3_noPEG_100_4cycles,2122,1481
TACCACCTGCGCAAAG-frozen_3T3_noPEG_100_4cycles,1333,1061
TACCAGTGACAATAGA-frozen_3T3_noPEG_100_4cycles,1479,1141
TACGCCTTGAATCTGC-frozen_3T3_noPEG_100_4cycles,2233,1626
TACTGGCCTGCCCAAC-frozen_3T3_noPEG_100_4cycles,2835,1909
TAGACCTGACGAATCT-frozen_3T3_noPEG_100_4cycles,1412,1099
TAGAGCGGACCATAAC-frozen_3T3_noPEG_100_4cycles,2608,1806
TAGAGCGGACTTGAAC-frozen_3T3_noPEG_100_4cycles,890,758
TAGGATAGACTGTACA-frozen_3T3_noPEG_100_4cycles,1009,831
TAGTACCGACCAGCAC-frozen_3T3_noPEG_100_4cycles,1629,1245
TAGTACCGAGCGCTGT-frozen_3T3_noPEG_100_4cycles,2861,1957
TAGTTGCGAACAGGCA-frozen_3T3_noPEG_100_4cycles,1171,967
TATCAGCGACGAGTGA-frozen_3T3_noPEG_100_4cycles,1548,1194
TATGCTTTGAGGACAC-frozen_3T3_noPEG_100_4cycles,1320,1022
TATGCTTTGTTGACCA-frozen_3T3_noPEG_100_4cycles,1912,1372
TATGGGTACTAACTCG-frozen_3T3_noPEG_100_4cycles,1299,993
TATTGGTCTTGTTGTG-frozen_3T3_noPEG_100_4cycles,1441,1127
TCAAACTCTCTGTGCG-frozen_3T3_noPEG_100_4cycles,2060,1531
TCAAAGGCTAAAGTAC-frozen_3T3_noPEG_100_4cycles,1329,1032
TCACGGGACCGACACC-frozen_3T3_noPEG_100_4cycles,1858,1377
TCAGCGCGAAGGTGCA-frozen_3T3_noPEG_100_4cycles,1328,1037
TCCATATACGGCCTTG-frozen_3T3_noPEG_100_4cycles,1322,1059
TCCATTCCTCGGCTCA-frozen_3T3_noPEG_100_4cycles,1309,980
TCCCAGACTACCTGCG-frozen_3T3_noPEG_100_4cycles,954,774
TCCCAGACTTCTGGGC-frozen_3T3_noPEG_100_4cycles,1542,1178
TCCCAGACTTCTTTGT-frozen_3T3_noPEG_100_4cycles,1420,1090
TCCGAGTCTCACTCAA-frozen_3T3_noPEG_100_4cycles,1573,1159
TCCGTTGTGCTGGCAC-frozen_3T3_noPEG_100_4cycles,1304,1007
TCCTACCGATGCTACA-frozen_3T3_noPEG_100_4cycles,1486,1139
TCCTTGGTGCCGGACT-frozen_3T3_noPEG_100_4cycles,2479,1815
TCGGGTCGACGACATT-frozen_3T3_noPEG_100_4cycles,1470,1158
TCTGAACGAACCTGCG-frozen_3T3_noPEG_100_4cycles,1368,1081
TCTTGAGGAATCATCG-frozen_3T3_noPEG_100_4cycles,1952,1432
TCTTGAGGAGAGAGGG-frozen_3T3_noPEG_100_4cycles,1472,1130
TGACTTGGATATTGCG-frozen_3T3_noPEG_100_4cycles,1319,1071
TGAGGAGTGTTCTGGA-frozen_3T3_noPEG_100_4cycles,1047,881
TGAGGTACTAGTTGAA-frozen_3T3_noPEG_100_4cycles,1358,1065
TGCCAAATGCCGGACT-frozen_3T3_noPEG_100_4cycles,1144,915
TGCCGGAACAAACATG-frozen_3T3_noPEG_100_4cycles,971,805
TGCCGGAACCGTTAGT-frozen_3T3_noPEG_100_4cycles,1342,1011
TGCCGTTACTCTTTGT-frozen_3T3_noPEG_100_4cycles,1525,1146
TGCCTACTGAATCCTG-frozen_3T3_noPEG_100_4cycles,1688,1272
TGCGAATACCGACTAT-frozen_3T3_noPEG_100_4cycles,1503,1118
TGCGAATACGTTGACT-frozen_3T3_noPEG_100_4cycles,1783,1338
TGCGCAGACAAAGGTT-frozen_3T3_noPEG_100_4cycles,1179,953
TGCGCAGACACAGGCA-frozen_3T3_noPEG_100_4cycles,1458,1162
TGCGCAGACGACAAAT-frozen_3T3_noPEG_100_4cycles,1589,1191
TGCGCAGACTGCCACG-frozen_3T3_noPEG_100_4cycles,1110,900
TGGAACACTGGAATAT-frozen_3T3_noPEG_100_4cycles,1311,1010
TGGAAGTCTTATCTGG-frozen_3T3_noPEG_100_4cycles,1283,999
TGGACAACTAAAGTAC-frozen_3T3_noPEG_100_4cycles,1979,1450
TGGCAATTGGGATGGT-frozen_3T3_noPEG_100_4cycles,1369,1042
TGGGCGTACAGCAATA-frozen_3T3_noPEG_100_4cycles,3262,2205
TGGGTTTGAAGGACAC-frozen_3T3_noPEG_100_4cycles,1540,1157
TGGTAGGGACCGCTAG-frozen_3T3_noPEG_100_4cycles,1962,1439
TGGTTAGACCGAGTTT-frozen_3T3_noPEG_100_4cycles,1385,1068
TGTAACGTGAACGCAG-frozen_3T3_noPEG_100_4cycles,3305,2134
TGTCGCTTGAGTACGG-frozen_3T3_noPEG_100_4cycles,3353,2120
TGTCGCTTGTGCATGT-frozen_3T3_noPEG_100_4cycles,2095,1539
TGTGTAGTGGCTCCTT-frozen_3T3_noPEG_100_4cycles,2048,1455
TGTTTGTTGTGTTCCC-frozen_3T3_noPEG_100_4cycles,1753,1307
TTACGGATGTTGGCGC-frozen_3T3_noPEG_100_4cycles,1480,1137
TTAGACCGAGGCCTTG-frozen_3T3_noPEG_100_4cycles,1018,845
TTATGGTCTCGATGTT-frozen_3T3_noPEG_100_4cycles,1372,1040
TTCCAAACTTCTGTGA-frozen_3T3_noPEG_100_4cycles,1590,1186
TTCGCCAACGACTCGC-frozen_3T3_noPEG_100_4cycles,1192,945
TTCGCCAACGAGCTGA-frozen_3T3_noPEG_100_4cycles,1767,1297
TTCTAGTTGTGCGCCA-frozen_3T3_noPEG_100_4cycles,885,762
TTGATTCACCCGCTAG-frozen_3T3_noPEG_100_4cycles,763,648
TTGCGATGAAAAGGTT-frozen_3T3_noPEG_100_4cycles,1304,1014
TTGGCAAACGCTCTTC-frozen_3T3_noPEG_100_4cycles,819,707
TTGGCGCGAGTCTTGA-frozen_3T3_noPEG_100_4cycles,2295,1665
TTGTAACCTTTTCCGC-frozen_3T3_noPEG_100_4cycles,1414,1077
TTGTCAACTCGTTAGT-frozen_3T3_noPEG_100_4cycles,1426,1103
TTGTCAACTGAATAAC-frozen_3T3_noPEG_100_4cycles,1336,1039
TTGTCAACTGCTTTGA-frozen_3T3_noPEG_100_4cycles,991,822
TTGTGCCTGACAGATA-frozen_3T3_noPEG_100_4cycles,1350,1027
TTTACCATGGAGCTGA-frozen_3T3_noPEG_100_4cycles,1674,1285
TTTGGGAACCAGGCCT-frozen_3T3_noPEG_100_4cycles,1551,1192
AAACATGGAAGCGCTC-frozen_3T3_noPEG_200_4cycles,1761,1292
AAACGCTACAACGTAA-frozen_3T3_noPEG_200_4cycles,1445,1136
AAACGCTACAAGTCTC-frozen_3T3_noPEG_200_4cycles,2143,1563
AAACTCCGAGCTCAGC-frozen_3T3_noPEG_200_4cycles,1500,1133
AAAGCGGACGTTTGGT-frozen_3T3_noPEG_200_4cycles,1554,1207
AAATAGGTGATCACAC-frozen_3T3_noPEG_200_4cycles,935,765
AAATAGGTGTGCATGT-frozen_3T3_noPEG_200_4cycles,1428,1101
AAATGCGCTAGTTGAA-frozen_3T3_noPEG_200_4cycles,1578,1235
AACACACACGCCACGT-frozen_3T3_noPEG_200_4cycles,1556,1155
AACACTCGAATGTCCA-frozen_3T3_noPEG_200_4cycles,1463,1146
AACGAACCTGCTCAGC-frozen_3T3_noPEG_200_4cycles,2083,1485
AACGAGGTGCCTGAGC-frozen_3T3_noPEG_200_4cycles,838,720
AACTACGACGGCAGTA-frozen_3T3_noPEG_200_4cycles,2138,1532
AACTAGCACATCCTAG-frozen_3T3_noPEG_200_4cycles,1021,860
AACTAGCACTACCAAC-frozen_3T3_noPEG_200_4cycles,852,729
AACTGTGACCCGATTA-frozen_3T3_noPEG_200_4cycles,1014,818
AAGCGTGGACGATGTT-frozen_3T3_noPEG_200_4cycles,2020,1428
AAGGTGCGACTGTGCG-frozen_3T3_noPEG_200_4cycles,1622,1222
AAGTGCTTGAAGACAT-frozen_3T3_noPEG_200_4cycles,2368,1666
AATAAGGACAGCAATA-frozen_3T3_noPEG_200_4cycles,1977,1453
AATAAGGACTCGCAGC-frozen_3T3_noPEG_200_4cycles,1587,1211
AATAGGAACCCAAGTT-frozen_3T3_noPEG_200_4cycles,1082,880
AATGTGCTGGAGAGGG-frozen_3T3_noPEG_200_4cycles,678,589
ACAAAGAACTGCGGCT-frozen_3T3_noPEG_200_4cycles,1149,933
ACAAGACCTCTTGAAC-frozen_3T3_noPEG_200_4cycles,1213,927
ACACATCGACCTGTGG-frozen_3T3_noPEG_200_4cycles,537,470
ACACATCGACGGTTGC-frozen_3T3_noPEG_200_4cycles,1094,883
ACACGTTGATTGTACG-frozen_3T3_noPEG_200_4cycles,1950,1426
ACACTCCACGGCATTT-frozen_3T3_noPEG_200_4cycles,1786,1353
ACAGCCGACTACCTGA-frozen_3T3_noPEG_200_4cycles,1825,1345
ACCGTGTCTCGAAGCA-frozen_3T3_noPEG_200_4cycles,667,575
ACCTCAGCTATCGGTT-frozen_3T3_noPEG_200_4cycles,1615,1259
ACCTCCAACCCTCCTA-frozen_3T3_noPEG_200_4cycles,2180,1565
ACGAACTTGTCATTGG-frozen_3T3_noPEG_200_4cycles,1319,1023
ACGACGCTGAGACTTC-frozen_3T3_noPEG_200_4cycles,1627,1260
ACGCCCAGAAATGCTC-frozen_3T3_noPEG_200_4cycles,1415,1098
ACGCTCTTGATAACCC-frozen_3T3_noPEG_200_4cycles,1620,1196
ACGGCTTCTGATAGCG-frozen_3T3_noPEG_200_4cycles,1368,1058
ACGGCTTCTGCTGTTA-frozen_3T3_noPEG_200_4cycles,1825,1327
ACGGTTAACGCACTTA-frozen_3T3_noPEG_200_4cycles,1708,1330
ACGTCCACTAGCTGAG-frozen_3T3_noPEG_200_4cycles,1568,1187
ACGTGTTGATGCGCCA-frozen_3T3_noPEG_200_4cycles,1232,991
ACTAACGTGGCCGCTA-frozen_3T3_noPEG_200_4cycles,1391,1012
ACTACCCACTCTGGAT-frozen_3T3_noPEG_200_4cycles,1339,1059
ACTAGTGTGTACTTTC-frozen_3T3_noPEG_200_4cycles,1133,899
ACTCGGGACGTACACT-frozen_3T3_noPEG_200_4cycles,1466,1133
AGAACCTTGTTGACAC-frozen_3T3_noPEG_200_4cycles,1165,928
AGATGGGTGTCGTAAC-frozen_3T3_noPEG_200_4cycles,1943,1449
AGCCAATTGATAGGTA-frozen_3T3_noPEG_200_4cycles,1914,1456
AGCCCAGACTGGCTGC-frozen_3T3_noPEG_200_4cycles,1410,1066
AGCCGGTACGAAGGTC-frozen_3T3_noPEG_200_4cycles,1641,1268
AGCCGGTACTGGGCCT-frozen_3T3_noPEG_200_4cycles,1299,1075
AGCGTATACGGCCTTG-frozen_3T3_noPEG_200_4cycles,1622,1256
AGCTCTGCTAAGTAAC-frozen_3T3_noPEG_200_4cycles,1317,1018
AGCTGCTCTGGCCTTG-frozen_3T3_noPEG_200_4cycles,1380,1096
AGGACAGACTTTCTTG-frozen_3T3_noPEG_200_4cycles,1956,1406
AGGCATTACCGGTTTA-frozen_3T3_noPEG_200_4cycles,1353,1047
AGGCCAAGATTCGCAA-frozen_3T3_noPEG_200_4cycles,902,770
AGGGCGTCTATTAAGG-frozen_3T3_noPEG_200_4cycles,1628,1263
AGGTAGGTGGGACCAA-frozen_3T3_noPEG_200_4cycles,900,769
AGTACGTTGTTCAGTG-frozen_3T3_noPEG_200_4cycles,584,485
AGTCGCGTGTTCCATT-frozen_3T3_noPEG_200_4cycles,1919,1367
AGTGGAGTGTCTGGGC-frozen_3T3_noPEG_200_4cycles,1549,1198
AGTGTGACTGCGCAAA-frozen_3T3_noPEG_200_4cycles,1909,1373
AGTTTCACTAATAGCA-frozen_3T3_noPEG_200_4cycles,1811,1347
AGTTTGCGACGATTGT-frozen_3T3_noPEG_200_4cycles,1042,835
ATACAGGCTTCTATCT-frozen_3T3_noPEG_200_4cycles,1356,1067
ATACCACGACCTATCC-frozen_3T3_noPEG_200_4cycles,1400,1123
ATACCACGACGACATT-frozen_3T3_noPEG_200_4cycles,1087,879
ATAGAACGATGCGCCA-frozen_3T3_noPEG_200_4cycles,1167,934
ATATTCGCTGTTGGTT-frozen_3T3_noPEG_200_4cycles,549,490
ATCAATCCTCTCACGG-frozen_3T3_noPEG_200_4cycles,1102,926
ATCCCGACTCGAATCT-frozen_3T3_noPEG_200_4cycles,1124,911
ATCGGGCACGGAATAT-frozen_3T3_noPEG_200_4cycles,1503,1172
ATCTGCCTGAGGCGTA-frozen_3T3_noPEG_200_4cycles,1534,1186
ATGCATCGATAGGTTC-frozen_3T3_noPEG_200_4cycles,1598,1169
ATGCGCGTGATTGCCA-frozen_3T3_noPEG_200_4cycles,1408,1094
ATGCGCGTGGAAATCA-frozen_3T3_noPEG_200_4cycles,1684,1263
ATGTGTGTGGTCTTGA-frozen_3T3_noPEG_200_4cycles,1446,1108
ATTCAGGTGCCCGAGT-frozen_3T3_noPEG_200_4cycles,1487,1119
ATTGTGCGACCGATTA-frozen_3T3_noPEG_200_4cycles,1294,979
ATTGTGCGACGGGTAA-frozen_3T3_noPEG_200_4cycles,1305,1047
ATTGTGTCTAAGTCTC-frozen_3T3_noPEG_200_4cycles,1235,974
ATTTCTGACAACGTTC-frozen_3T3_noPEG_200_4cycles,1041,832
CAAGAATGAGAAGGCT-frozen_3T3_noPEG_200_4cycles,1446,1112
CAAGATAGATGAAAGT-frozen_3T3_noPEG_200_4cycles,1385,1019
CAAGATAGATGCCACG-frozen_3T3_noPEG_200_4cycles,1470,1129
CAAGGGATGCCGGCTA-frozen_3T3_noPEG_200_4cycles,1675,1252
CACACCACTCCACTTC-frozen_3T3_noPEG_200_4cycles,1842,1430
CACACCACTCGTAGAG-frozen_3T3_noPEG_200_4cycles,1886,1438
CACAGCGTGTCATTTC-frozen_3T3_noPEG_200_4cycles,1259,1034
CACATCCTGCGCAAAG-frozen_3T3_noPEG_200_4cycles,1699,1265
CACATCCTGCGGTACC-frozen_3T3_noPEG_200_4cycles,831,709
CACATGATGCTGGAAG-frozen_3T3_noPEG_200_4cycles,1378,1073
CACATTACTCCAACGC-frozen_3T3_noPEG_200_4cycles,1387,1070
CACTATACTGAATCTC-frozen_3T3_noPEG_200_4cycles,759,639
CACTCTGACGCGCACT-frozen_3T3_noPEG_200_4cycles,3109,2102
CAGAAACCTTGGGCCT-frozen_3T3_noPEG_200_4cycles,1384,1070
CAGGCCATGGAGTGAC-frozen_3T3_noPEG_200_4cycles,1417,1104
CAGTGGAGACAGGTGA-frozen_3T3_noPEG_200_4cycles,3200,2080
CATAGGTACTGGCTGC-frozen_3T3_noPEG_200_4cycles,765,643
CATCAGAACCCGGCTA-frozen_3T3_noPEG_200_4cycles,1322,996
CATCAGTGATACGATC-frozen_3T3_noPEG_200_4cycles,1231,1015
CATCCGTACCTTTGTT-frozen_3T3_noPEG_200_4cycles,1215,1003
CATCGAAACGACCGAA-frozen_3T3_noPEG_200_4cycles,1717,1308
CATCGAAACGCTGAGA-frozen_3T3_noPEG_200_4cycles,1523,1162
CATCGCGGATTATGGC-frozen_3T3_noPEG_200_4cycles,1505,1132
CATGTTACTATACGCT-frozen_3T3_noPEG_200_4cycles,2901,2002
CATTCAACTCATACTG-frozen_3T3_noPEG_200_4cycles,2634,1852
CATTGGCCTACACCTA-frozen_3T3_noPEG_200_4cycles,1043,855
CATTTCCCTAAGTTCC-frozen_3T3_noPEG_200_4cycles,1284,1003
CATTTCCCTAGCTGAG-frozen_3T3_noPEG_200_4cycles,1455,1130
CATTTCCCTTGCAAGG-frozen_3T3_noPEG_200_4cycles,839,707
CATTTGTACAGGACCA-frozen_3T3_noPEG_200_4cycles,1330,1023
CCAAGGAGACCAGCAC-frozen_3T3_noPEG_200_4cycles,1887,1362
CCAGAATACGGGTTCC-frozen_3T3_noPEG_200_4cycles,1310,1021
CCAGGACTGGGATGGT-frozen_3T3_noPEG_200_4cycles,1626,1192
CCAGGCAACGATTAAG-frozen_3T3_noPEG_200_4cycles,1557,1200
CCAGTTGCTTCGGGCT-frozen_3T3_noPEG_200_4cycles,1499,1156
CCATAAGTGTCAATGC-frozen_3T3_noPEG_200_4cycles,2612,1810
CCATCCATGTAGCTTG-frozen_3T3_noPEG_200_4cycles,884,721
CCATCTGTGGTTAGAA-frozen_3T3_noPEG_200_4cycles,1634,1299
CCATGATGAGCCCTAG-frozen_3T3_noPEG_200_4cycles,1226,971
CCATGCTACCCTAGTA-frozen_3T3_noPEG_200_4cycles,1536,1137
CCCAGAGACCGAAAGC-frozen_3T3_noPEG_200_4cycles,780,666
CCCAGGATGCCAAGTT-frozen_3T3_noPEG_200_4cycles,1108,904
CCCAGGATGCTGCCAG-frozen_3T3_noPEG_200_4cycles,1460,1111
CCCATGTACCGGCACT-frozen_3T3_noPEG_200_4cycles,1415,1092
CCCATGTACGTTAGGG-frozen_3T3_noPEG_200_4cycles,1486,1109
CCCATTTCTAGTCTAC-frozen_3T3_noPEG_200_4cycles,1857,1404
CCCATTTCTCGAACGA-frozen_3T3_noPEG_200_4cycles,1175,966
CCCGACAGACCTAACA-frozen_3T3_noPEG_200_4cycles,855,745
CCCGGAAACGGCCAAA-frozen_3T3_noPEG_200_4cycles,1231,997
CCCTCCTTGTGCGCCA-frozen_3T3_noPEG_200_4cycles,1931,1429
CCCTCCTTGTTACGCA-frozen_3T3_noPEG_200_4cycles,1580,1196
CCGACAGTGTTGGCGC-frozen_3T3_noPEG_200_4cycles,1351,1028
CCGAGACACTGAGGCA-frozen_3T3_noPEG_200_4cycles,1272,1006
CCGCAAGTGATCATGC-frozen_3T3_noPEG_200_4cycles,1033,856
CCGCAAGTGCAGATTC-frozen_3T3_noPEG_200_4cycles,2682,1864
CCGCTATTGAATACAG-frozen_3T3_noPEG_200_4cycles,1584,1248
CCGGGTATGAGACAAT-frozen_3T3_noPEG_200_4cycles,1045,874
CCGTACGGATGAGCAG-frozen_3T3_noPEG_200_4cycles,1348,1045
CCGTCTATGCCTATCC-frozen_3T3_noPEG_200_4cycles,577,505
CCGTTCTGAGGCCAAA-frozen_3T3_noPEG_200_4cycles,1156,934
CCTAACGCTGCTGAGA-frozen_3T3_noPEG_200_4cycles,1393,1060
CCTAAGAACAAGGCTG-frozen_3T3_noPEG_200_4cycles,960,792
CCTATCGACGTCCCAG-frozen_3T3_noPEG_200_4cycles,1306,998
CCTCATGACAATCCAC-frozen_3T3_noPEG_200_4cycles,2035,1446
CCTCATGACCTCGAGC-frozen_3T3_noPEG_200_4cycles,1409,1089
CCTCATGACTCGTAAC-frozen_3T3_noPEG_200_4cycles,1775,1335
CCTCCTGCTTGGGCAA-frozen_3T3_noPEG_200_4cycles,1362,1044
CCTGATCACTCGTACA-frozen_3T3_noPEG_200_4cycles,789,648
CCTTACTCTTTCTGAG-frozen_3T3_noPEG_200_4cycles,1325,1017
CCTTCAGTGCTTCAAG-frozen_3T3_noPEG_200_4cycles,1378,1073
CCTTGGTACGTTAGGG-frozen_3T3_noPEG_200_4cycles,2342,1676
CGACATCCTACTCGAT-frozen_3T3_noPEG_200_4cycles,1671,1227
CGAGCACTGGTACGTT-frozen_3T3_noPEG_200_4cycles,478,435
CGATCGGTGAGCGCTC-frozen_3T3_noPEG_200_4cycles,1124,895
CGCAATCCTGGTTGAG-frozen_3T3_noPEG_200_4cycles,1096,916
CGCCCTTCTAAGCTAA-frozen_3T3_noPEG_200_4cycles,2278,1659
CGCTAGTCTCACTCAA-frozen_3T3_noPEG_200_4cycles,1174,949
CGGAATTTGAGGTGAC-frozen_3T3_noPEG_200_4cycles,1765,1369
CGGATGAGAGGCATTT-frozen_3T3_noPEG_200_4cycles,1488,1123
CGGTCTACTTCGAGAG-frozen_3T3_noPEG_200_4cycles,1212,990
CGTACAAACAATCCAC-frozen_3T3_noPEG_200_4cycles,1352,1039
CGTACAAACGAACAGC-frozen_3T3_noPEG_200_4cycles,1506,1135
CGTAGCTCTGGTGCAA-frozen_3T3_noPEG_200_4cycles,874,709
CGTGCTGGACGATCGC-frozen_3T3_noPEG_200_4cycles,1522,1171
CGTTACCTGACCTTGA-frozen_3T3_noPEG_200_4cycles,1211,963
CGTTATGGATGCTTGA-frozen_3T3_noPEG_200_4cycles,984,814
CGTTCTCGAGAACATA-frozen_3T3_noPEG_200_4cycles,1590,1196
CGTTGCTTGTAGCGAG-frozen_3T3_noPEG_200_4cycles,1382,1058
CTAAGTCGAGTTTACG-frozen_3T3_noPEG_200_4cycles,1266,999
CTACGTGCTCACAGTT-frozen_3T3_noPEG_200_4cycles,1458,1119
CTACGTGCTCCTATCC-frozen_3T3_noPEG_200_4cycles,1215,978
CTACTTTGACCACATA-frozen_3T3_noPEG_200_4cycles,2085,1458
CTATGGATGACTAGGG-frozen_3T3_noPEG_200_4cycles,637,546
CTATGTTACCGAGGAT-frozen_3T3_noPEG_200_4cycles,1860,1372
CTATTCAACCAGATTC-frozen_3T3_noPEG_200_4cycles,1257,983
CTATTGGGATGATGAA-frozen_3T3_noPEG_200_4cycles,3041,1947
CTCATAACTCGGCTCA-frozen_3T3_noPEG_200_4cycles,1270,981
CTCTATATGTAGCGAG-frozen_3T3_noPEG_200_4cycles,1430,1109
CTCTATATGTCGGGCT-frozen_3T3_noPEG_200_4cycles,1246,979
CTCTTTCTGTTCTCGC-frozen_3T3_noPEG_200_4cycles,1793,1300
CTGCTGGGATTCTCGC-frozen_3T3_noPEG_200_4cycles,2138,1509
CTGGTGGACATCCTTT-frozen_3T3_noPEG_200_4cycles,895,730
CTGTAACGAGAACAGC-frozen_3T3_noPEG_200_4cycles,1516,1144
CTGTTGCACTCCAGCG-frozen_3T3_noPEG_200_4cycles,1849,1409
CTGTTGCTGGAAGGTC-frozen_3T3_noPEG_200_4cycles,1301,1039
CTTAGAGACAAGACAT-frozen_3T3_noPEG_200_4cycles,1598,1182
CTTAGGCCTCATGCTA-frozen_3T3_noPEG_200_4cycles,1315,1017
CTTATTGTGTACTTTC-frozen_3T3_noPEG_200_4cycles,1104,926
CTTCCTTTGTTTGTCT-frozen_3T3_noPEG_200_4cycles,1970,1400
CTTCGCCCTTCGCTAA-frozen_3T3_noPEG_200_4cycles,1159,915
CTTGCGGGATGCGTGC-frozen_3T3_noPEG_200_4cycles,2677,1859
CTTGCGTACCGTTAGT-frozen_3T3_noPEG_200_4cycles,1879,1345
CTTGCGTTGAAGGCCA-frozen_3T3_noPEG_200_4cycles,1376,1063
CTTGCTGACCCGCAGT-frozen_3T3_noPEG_200_4cycles,1079,895
CTTGCTGACGCCCAAC-frozen_3T3_noPEG_200_4cycles,1645,1221
CTTTAGGGATTCAGTG-frozen_3T3_noPEG_200_4cycles,1833,1316
CTTTCGTCTAAGGTGC-frozen_3T3_noPEG_200_4cycles,1720,1239
GAACGTTTGTTTGGGT-frozen_3T3_noPEG_200_4cycles,998,842
GAAGTATGAATCAGGG-frozen_3T3_noPEG_200_4cycles,1418,1067
GAAGTCTTGGCATGAG-frozen_3T3_noPEG_200_4cycles,1381,1061
GAATTCTCTTTTCCGC-frozen_3T3_noPEG_200_4cycles,1406,1103
GACCCACGAGGACTGA-frozen_3T3_noPEG_200_4cycles,1384,1073
GACCGCTGATAATCGC-frozen_3T3_noPEG_200_4cycles,1240,1027
GACGCACACCGAATCT-frozen_3T3_noPEG_200_4cycles,1353,1045
GACGCGACTCGACTAT-frozen_3T3_noPEG_200_4cycles,2380,1673
GACGCGACTCGATGTT-frozen_3T3_noPEG_200_4cycles,2284,1624
GCAACTTGATGATCAC-frozen_3T3_noPEG_200_4cycles,1745,1273
GCAATCATGTCGTAAC-frozen_3T3_noPEG_200_4cycles,1401,1082
GCACAATACGCCGCTA-frozen_3T3_noPEG_200_4cycles,1483,1103
GCACGACACCGTTAGT-frozen_3T3_noPEG_200_4cycles,1784,1319
GCAGATACTAATAGCA-frozen_3T3_noPEG_200_4cycles,1371,1028
GCATCACCTGACACCC-frozen_3T3_noPEG_200_4cycles,1432,1085
GCCATAATGATCATGC-frozen_3T3_noPEG_200_4cycles,1153,1018
GCCTAAATGTCTATCT-frozen_3T3_noPEG_200_4cycles,1682,1280
GCGACAAGAATCATGC-frozen_3T3_noPEG_200_4cycles,1351,1064
GCGCGAACTGGCCTGT-frozen_3T3_noPEG_200_4cycles,1952,1460
GCGGTTCGAACACCTA-frozen_3T3_noPEG_200_4cycles,1913,1422
GCGTATATGTGATCAC-frozen_3T3_noPEG_200_4cycles,1334,1046
GCTATGATGCCCGAGT-frozen_3T3_noPEG_200_4cycles,1337,1049
GCTATGATGGACAAAT-frozen_3T3_noPEG_200_4cycles,1521,1120
GCTCCTAACACCAGTT-frozen_3T3_noPEG_200_4cycles,1489,1198
GCTCGTGGATTAGCTG-frozen_3T3_noPEG_200_4cycles,559,499
GCTGGAAGAGTTTACG-frozen_3T3_noPEG_200_4cycles,3155,2168
GCTGTGGTGGTTAGGG-frozen_3T3_noPEG_200_4cycles,1157,943
GCTTCTCGATTGGTTG-frozen_3T3_noPEG_200_4cycles,995,811
GGAAGCCCTCCGATTA-frozen_3T3_noPEG_200_4cycles,1298,985
GGACACCTGAGGCGTA-frozen_3T3_noPEG_200_4cycles,1206,972
GGACGAATGGACAAAT-frozen_3T3_noPEG_200_4cycles,1007,841
GGACGCTTGGTTAGTC-frozen_3T3_noPEG_200_4cycles,2899,1927
GGAGTTACTGCTCAGC-frozen_3T3_noPEG_200_4cycles,2126,1502
GGATGCCTGGTCTTGA-frozen_3T3_noPEG_200_4cycles,1316,1020
GGATGGAACCTCACGG-frozen_3T3_noPEG_200_4cycles,1347,1020
GGCAACGCTGACACCC-frozen_3T3_noPEG_200_4cycles,1354,1111
GGCACAAGATCTGGGC-frozen_3T3_noPEG_200_4cycles,1461,1073
GGCGTAGCTAATGCTC-frozen_3T3_noPEG_200_4cycles,1166,915
GGCGTTTCTCGCCACA-frozen_3T3_noPEG_200_4cycles,1326,1021
GGCTCAGACCAGATTC-frozen_3T3_noPEG_200_4cycles,1852,1375
GGCTGACTGAGGGAGG-frozen_3T3_noPEG_200_4cycles,1698,1295
GGCTTGCGAGCTCCTT-frozen_3T3_noPEG_200_4cycles,1621,1233
GGGAAAGCTTCAATGC-frozen_3T3_noPEG_200_4cycles,2212,1565
GGGATGTGATACAGAA-frozen_3T3_noPEG_200_4cycles,951,799
GGGATTGGAGCGCACT-frozen_3T3_noPEG_200_4cycles,1792,1327
GGGCTGACTTCGTAAC-frozen_3T3_noPEG_200_4cycles,1144,939
GGGTAGTGAGAGTAAT-frozen_3T3_noPEG_200_4cycles,1734,1330
GGGTTGCTGAATCCGT-frozen_3T3_noPEG_200_4cycles,3605,2287
GGGTTGCTGGATGGAC-frozen_3T3_noPEG_200_4cycles,1367,1055
GGTAGCCTGTTGCGTA-frozen_3T3_noPEG_200_4cycles,1686,1255
GGTATACTGAGGACAC-frozen_3T3_noPEG_200_4cycles,1365,1020
GGTCTGGACAGGCGTA-frozen_3T3_noPEG_200_4cycles,3098,2095
GGTGCGTTGGCCGCTA-frozen_3T3_noPEG_200_4cycles,1734,1315
GGTGTAACTGGATGGT-frozen_3T3_noPEG_200_4cycles,1322,1016
GGTTCACCTGCCCAAC-frozen_3T3_noPEG_200_4cycles,1445,1168
GGTTGAACTGCCCAAC-frozen_3T3_noPEG_200_4cycles,1091,890
GTACCGGACAATCGCT-frozen_3T3_noPEG_200_4cycles,1046,872
GTAGCATACGCCCAAC-frozen_3T3_noPEG_200_4cycles,1729,1308
GTAGCATACGGGACTA-frozen_3T3_noPEG_200_4cycles,1249,975
GTAGGTTTGCCTAGCG-frozen_3T3_noPEG_200_4cycles,872,732
GTCCGTTACTCGTCAA-frozen_3T3_noPEG_200_4cycles,1659,1196
GTCCTACACGTACGTT-frozen_3T3_noPEG_200_4cycles,398,370
GTCGCATCTTACGATC-frozen_3T3_noPEG_200_4cycles,1139,912
GTCGCATCTTTCGTTT-frozen_3T3_noPEG_200_4cycles,1421,1086
GTCGTGGTGCCTGTGG-frozen_3T3_noPEG_200_4cycles,1248,994
GTCGTTCTGCGCCACA-frozen_3T3_noPEG_200_4cycles,1395,1123
GTCTGGCGACGAGTGA-frozen_3T3_noPEG_200_4cycles,1506,1168
GTCTGGCGATCGCAGC-frozen_3T3_noPEG_200_4cycles,1687,1247
GTGAGATCTCATGATC-frozen_3T3_noPEG_200_4cycles,969,826
GTGCAGAGAGGACTGA-frozen_3T3_noPEG_200_4cycles,1348,1099
GTGCATTGAGTACTAC-frozen_3T3_noPEG_200_4cycles,741,623
GTTCGCTTGGAGTGAC-frozen_3T3_noPEG_200_4cycles,1422,1131
GTTCGGCGACGATTCA-frozen_3T3_noPEG_200_4cycles,2388,1692
GTTTCAGGAGCGTATT-frozen_3T3_noPEG_200_4cycles,1902,1444
GTTTCATTGCGTAGAG-frozen_3T3_noPEG_200_4cycles,1836,1332
TAACAGAGATGAAAGT-frozen_3T3_noPEG_200_4cycles,1177,955
TAACGTTCTTGTGCTA-frozen_3T3_noPEG_200_4cycles,1765,1231
TAATGGGCTCTCACTC-frozen_3T3_noPEG_200_4cycles,2449,1771
TACAACCGACGACTAT-frozen_3T3_noPEG_200_4cycles,1380,1065
TACAACCGAGAGTGAC-frozen_3T3_noPEG_200_4cycles,1491,1145
TACAACGTGATCATCG-frozen_3T3_noPEG_200_4cycles,1091,881
TACATTGCTGCTGAGA-frozen_3T3_noPEG_200_4cycles,1863,1349
TACCACCACCAGCTGC-frozen_3T3_noPEG_200_4cycles,1828,1369
TACCACCTGCTGGGTC-frozen_3T3_noPEG_200_4cycles,1151,914
TACCACCTGTCAGGTT-frozen_3T3_noPEG_200_4cycles,3398,2267
TAGACCTGACGAATCT-frozen_3T3_noPEG_200_4cycles,1339,1046
TAGAGCGGAGTTTACG-frozen_3T3_noPEG_200_4cycles,2383,1681
TAGGATAGACTCACTC-frozen_3T3_noPEG_200_4cycles,1564,1198
TAGGTAAGACAGTCCG-frozen_3T3_noPEG_200_4cycles,3289,2043
TAGTGAAGACAGTCCG-frozen_3T3_noPEG_200_4cycles,1851,1361
TATAGCCGACTCGATA-frozen_3T3_noPEG_200_4cycles,1306,1044
TATCAGCGACGACTAT-frozen_3T3_noPEG_200_4cycles,1165,938
TATGGAGCTCGTTATG-frozen_3T3_noPEG_200_4cycles,633,526
TATTCAGCTGGCCAAA-frozen_3T3_noPEG_200_4cycles,1340,1084
TATTCCTGACAGCACC-frozen_3T3_noPEG_200_4cycles,2239,1603
TCAAGCAACCCTGCGA-frozen_3T3_noPEG_200_4cycles,1307,1010
TCACGGGACCGACACC-frozen_3T3_noPEG_200_4cycles,976,816
TCAGCCGGACCAGCTG-frozen_3T3_noPEG_200_4cycles,1404,1055
TCAGGAGGAACTAGGG-frozen_3T3_noPEG_200_4cycles,1333,1020
TCCAAAGTGCCATAAC-frozen_3T3_noPEG_200_4cycles,1716,1255
TCCATATACTCGGGCT-frozen_3T3_noPEG_200_4cycles,1567,1203
TCCATGGCTAGTGAGC-frozen_3T3_noPEG_200_4cycles,1091,919
TCCCACATGTTTCGCC-frozen_3T3_noPEG_200_4cycles,2246,1557
TCCCAGACTCATTCAG-frozen_3T3_noPEG_200_4cycles,1544,1189
TCCGTGTTGTCTGGAT-frozen_3T3_noPEG_200_4cycles,2065,1468
TCCGTTGTGATCAGCT-frozen_3T3_noPEG_200_4cycles,1344,1057
TCCTGTTCTCGATCGC-frozen_3T3_noPEG_200_4cycles,1076,871
TCGACGGACCCTAGCG-frozen_3T3_noPEG_200_4cycles,1518,1146
TCGACTCACACTCGAT-frozen_3T3_noPEG_200_4cycles,1333,1016
TCGCCGAGAAGCCATT-frozen_3T3_noPEG_200_4cycles,1345,1064
TCGGACTCTCAACGCC-frozen_3T3_noPEG_200_4cycles,1108,926
TCGGGTGACAGGTAAT-frozen_3T3_noPEG_200_4cycles,1285,1041
TCGGGTGACCGCCACA-frozen_3T3_noPEG_200_4cycles,963,782
TCGTTGCTGTTCAGTG-frozen_3T3_noPEG_200_4cycles,1010,822
TCTACGAGAATCACAC-frozen_3T3_noPEG_200_4cycles,1571,1230
TGAATGGCTGTTGACT-frozen_3T3_noPEG_200_4cycles,3183,2164
TGACCCTACTCTGTAG-frozen_3T3_noPEG_200_4cycles,1044,853
TGACTTGGACGATCGC-frozen_3T3_noPEG_200_4cycles,842,725
TGAGGAGTGCATTCAG-frozen_3T3_noPEG_200_4cycles,1282,978
TGAGGCCACCTGGGTC-frozen_3T3_noPEG_200_4cycles,1642,1226
TGATATCCTCCTAGGC-frozen_3T3_noPEG_200_4cycles,1035,862
TGCAGTATGGCGCAAA-frozen_3T3_noPEG_200_4cycles,1771,1321
TGCCGTGGAGTCAATC-frozen_3T3_noPEG_200_4cycles,2994,2059
TGCGAATACGTTGACT-frozen_3T3_noPEG_200_4cycles,1478,1127
TGCGAATACGTTTGGT-frozen_3T3_noPEG_200_4cycles,1956,1431
TGCGCAGACAGACTTC-frozen_3T3_noPEG_200_4cycles,1850,1337
TGCGCAGACATCGGTT-frozen_3T3_noPEG_200_4cycles,998,803
TGCTACCTGGTCCCAG-frozen_3T3_noPEG_200_4cycles,1392,1080
TGGAACACTCCTCGTT-frozen_3T3_noPEG_200_4cycles,1443,1111
TGGACATACCAGGTGA-frozen_3T3_noPEG_200_4cycles,2103,1432
TGGATTGACTTGCAGT-frozen_3T3_noPEG_200_4cycles,794,667
TGGCATCCTTATGACC-frozen_3T3_noPEG_200_4cycles,1436,1117
TGGTAGGGACCGCTAG-frozen_3T3_noPEG_200_4cycles,1437,1141
TGGTTTGGAGTCGGTC-frozen_3T3_noPEG_200_4cycles,1141,924
TGGTTTGGATGAGCAG-frozen_3T3_noPEG_200_4cycles,1301,969
TGTACTGGACCAGCAC-frozen_3T3_noPEG_200_4cycles,2082,1526
TGTACTGGACCGTTAA-frozen_3T3_noPEG_200_4cycles,2211,1518
TGTACTGGAGTCTGGC-frozen_3T3_noPEG_200_4cycles,1066,890
TGTATTCACCATGCGC-frozen_3T3_noPEG_200_4cycles,1703,1288
TGTCCGTTGATTGGTC-frozen_3T3_noPEG_200_4cycles,1034,825
TGTCTTCCTGTTGGTT-frozen_3T3_noPEG_200_4cycles,1529,1107
TGTGACTGAGGGACTA-frozen_3T3_noPEG_200_4cycles,1445,1110
TGTGGCTCTGCGTATT-frozen_3T3_noPEG_200_4cycles,1320,1053
TGTGGCTCTTAGGCGA-frozen_3T3_noPEG_200_4cycles,1319,1032
TTAAGGAGACCCGCAA-frozen_3T3_noPEG_200_4cycles,1857,1358
TTACGTTACGAACAGC-frozen_3T3_noPEG_200_4cycles,1593,1195
TTACGTTACTACAGCT-frozen_3T3_noPEG_200_4cycles,976,783
TTACTGGGAAAGCTAA-frozen_3T3_noPEG_200_4cycles,745,633
TTACTGGGATCTTTGT-frozen_3T3_noPEG_200_4cycles,2360,1686
TTAGACCGATCTGGGC-frozen_3T3_noPEG_200_4cycles,1419,1125
TTCAAGTCTGCGTATT-frozen_3T3_noPEG_200_4cycles,1805,1333
TTCCCAGACACAACAA-frozen_3T3_noPEG_200_4cycles,839,735
TTCCCATCTAAACTGA-frozen_3T3_noPEG_200_4cycles,1577,1174
TTCCTACCTTTGGTTG-frozen_3T3_noPEG_200_4cycles,1150,908
TTCGACCACTCATGCA-frozen_3T3_noPEG_200_4cycles,2021,1460
TTCGCCAACCGCACTG-frozen_3T3_noPEG_200_4cycles,1580,1186
TTCGCCAACGAGCTGA-frozen_3T3_noPEG_200_4cycles,1627,1248
TTCGTCCGATCCAGCG-frozen_3T3_noPEG_200_4cycles,2973,1994
TTCTAGACTCTGAGAG-frozen_3T3_noPEG_200_4cycles,660,572
TTCTAGTTGTGCGCCA-frozen_3T3_noPEG_200_4cycles,884,740
TTGACAGTGATCTGTG-frozen_3T3_noPEG_200_4cycles,1544,1156
TTGCGTCACCCAGGCT-frozen_3T3_noPEG_200_4cycles,1458,1114
TTGGAGACTGACAAAT-frozen_3T3_noPEG_200_4cycles,1670,1293
TTGTATCTGTTGCGTA-frozen_3T3_noPEG_200_4cycles,2876,1901
TTGTCAACTCAGGGAT-frozen_3T3_noPEG_200_4cycles,770,652
TTGTCAACTCGTTAGT-frozen_3T3_noPEG_200_4cycles,1611,1157
TTGTCCCGACGAACAG-frozen_3T3_noPEG_200_4cycles,933,800
TTGTGCGCTGCAGGAT-frozen_3T3_noPEG_200_4cycles,1624,1196
TTGTTAGCTTAGCGAG-frozen_3T3_noPEG_200_4cycles,1436,1106
TTTCGCTCTCCTGTGG-frozen_3T3_noPEG_200_4cycles,922,747
TTTCGGCTGCGGTTTA-frozen_3T3_noPEG_200_4cycles,1714,1269
TTTGCGGCTTTTCTGT-frozen_3T3_noPEG_200_4cycles,1508,1189
TTTGGGAACGCAGGAT-frozen_3T3_noPEG_200_4cycles,1727,1276
AAACCCTGAGGGACTA-fresh_3T3_noPEG_100_4cycles,905,742
AAACGAAACTAATGCC-fresh_3T3_noPEG_100_4cycles,2068,1568
AAACGCTACAAGTCTC-fresh_3T3_noPEG_100_4cycles,1299,1055
AAACGCTACCATCCTC-fresh_3T3_noPEG_100_4cycles,2534,1858
AAACTCCGAGCTCAGC-fresh_3T3_noPEG_100_4cycles,1150,937
AAACTCCGAGGTAGAC-fresh_3T3_noPEG_100_4cycles,1575,1185
AAACTCTCTCCTGTGG-fresh_3T3_noPEG_100_4cycles,2503,1775
AAACTCTCTGCTTTGA-fresh_3T3_noPEG_100_4cycles,2976,2058
AAAGATCGATAATGCC-fresh_3T3_noPEG_100_4cycles,1610,1218
AAAGCCTTGCTTAGTG-fresh_3T3_noPEG_100_4cycles,1500,1138
AAAGCGGACGCACCCA-fresh_3T3_noPEG_100_4cycles,2215,1601
AAAGCGGACGTTTGGT-fresh_3T3_noPEG_100_4cycles,1677,1323
AAAGGATACTGGGCAA-fresh_3T3_noPEG_100_4cycles,1954,1389
AAATAGCGATCAGGTT-fresh_3T3_noPEG_100_4cycles,1476,1165
AAATAGGACTGGAACG-fresh_3T3_noPEG_100_4cycles,850,723
AAATAGGTGACGCGAA-fresh_3T3_noPEG_100_4cycles,1825,1372
AAATAGGTGATCACAC-fresh_3T3_noPEG_100_4cycles,1502,1173
AAATAGGTGTTAGCTG-fresh_3T3_noPEG_100_4cycles,1577,1209
AACAGCTACACGTGCC-fresh_3T3_noPEG_100_4cycles,1553,1201
AACCCTCACAACGTAA-fresh_3T3_noPEG_100_4cycles,2064,1501
AACCCTCACATTGCCA-fresh_3T3_noPEG_100_4cycles,1246,998
AACCCTCACGAGCCTC-fresh_3T3_noPEG_100_4cycles,2318,1607
AACCTATCTTTATGGC-fresh_3T3_noPEG_100_4cycles,2134,1581
AACGTAGCTACAGGTG-fresh_3T3_noPEG_100_4cycles,1857,1391
AACTACGACCGGTACC-fresh_3T3_noPEG_100_4cycles,2380,1680
AAGAACCCTGGCCATC-fresh_3T3_noPEG_100_4cycles,2991,2034
AAGAATGTGTACAGCT-fresh_3T3_noPEG_100_4cycles,1442,1105
AAGACCTACATCAGGG-fresh_3T3_noPEG_100_4cycles,1089,888
AAGACCTACCGAGGAT-fresh_3T3_noPEG_100_4cycles,1511,1158
AAGAGAGGACGAGTTT-fresh_3T3_noPEG_100_4cycles,2388,1716
AAGCGCCACCATGCGC-fresh_3T3_noPEG_100_4cycles,2384,1722
AAGCGCCACGAATGTA-fresh_3T3_noPEG_100_4cycles,1846,1273
AAGCGTGGATGAGCAG-fresh_3T3_noPEG_100_4cycles,2012,1437
AAGGCTTACCCTAGTA-fresh_3T3_noPEG_100_4cycles,1663,1249
AAGGCTTACTTGTGAC-fresh_3T3_noPEG_100_4cycles,3717,2396
AAGGGCATGAGTAGGC-fresh_3T3_noPEG_100_4cycles,2516,1757
AAGGTGCGAAAAGCTA-fresh_3T3_noPEG_100_4cycles,1407,1135
AAGTGACCTGAAATCA-fresh_3T3_noPEG_100_4cycles,1245,983
AAGTGCTTGAACGAAT-fresh_3T3_noPEG_100_4cycles,542,478
AAGTGCTTGGAGCTGA-fresh_3T3_noPEG_100_4cycles,2152,1531
AAGTGGCGATGCACCG-fresh_3T3_noPEG_100_4cycles,2160,1505
AAGTTTCCTCTACTCC-fresh_3T3_noPEG_100_4cycles,752,664
AATAAGGACTCGCAGC-fresh_3T3_noPEG_100_4cycles,1231,996
AATCACCGACGAGGAT-fresh_3T3_noPEG_100_4cycles,965,822
AATCTCTTGCCTCCTA-fresh_3T3_noPEG_100_4cycles,1543,1183
AATCTCTTGGACTGTT-fresh_3T3_noPEG_100_4cycles,1402,1087
AATGGCTACGCTCCTT-fresh_3T3_noPEG_100_4cycles,1752,1322
AATGTGCACGAACATA-fresh_3T3_noPEG_100_4cycles,913,762
AATTCGGTGGCCCTAG-fresh_3T3_noPEG_100_4cycles,1658,1276
AATTCTGCTCAAGGTG-fresh_3T3_noPEG_100_4cycles,1356,1046
ACAATGCACGAATTGA-fresh_3T3_noPEG_100_4cycles,2044,1542
ACACATCGATGCCACG-fresh_3T3_noPEG_100_4cycles,2864,1882
ACACTCCACTCCTACC-fresh_3T3_noPEG_100_4cycles,1717,1346
ACAGACTTGCGGTTTA-fresh_3T3_noPEG_100_4cycles,1495,1171
ACAGCCGACTAAGTAG-fresh_3T3_noPEG_100_4cycles,1301,986
ACAGCGGCTGCTTACA-fresh_3T3_noPEG_100_4cycles,1563,1173
ACAGCGGCTTTACGAC-fresh_3T3_noPEG_100_4cycles,1633,1225
ACAGTCATGCGGAATG-fresh_3T3_noPEG_100_4cycles,1707,1322
ACAGTTGACAACGAAT-fresh_3T3_noPEG_100_4cycles,1622,1200
ACAGTTGACGTGGTGA-fresh_3T3_noPEG_100_4cycles,1475,1105
ACCAAGTTGCCTGAGC-fresh_3T3_noPEG_100_4cycles,1715,1292
ACCAATGACGTTTGGT-fresh_3T3_noPEG_100_4cycles,1392,1057
ACCCGAGACTCGTAGT-fresh_3T3_noPEG_100_4cycles,1489,1119
ACCCTTTCTGAGTGAC-fresh_3T3_noPEG_100_4cycles,1418,1113
ACCTACCTGAATCGAA-fresh_3T3_noPEG_100_4cycles,2057,1536
ACCTACCTGTAATCGC-fresh_3T3_noPEG_100_4cycles,2340,1682
ACCTCCAACAGCTTTG-fresh_3T3_noPEG_100_4cycles,2833,1944
ACCTGCTACACCAGTT-fresh_3T3_noPEG_100_4cycles,1475,1171
ACCTGCTACCGAACGA-fresh_3T3_noPEG_100_4cycles,1466,1142
ACGACGCTGAGACTTC-fresh_3T3_noPEG_100_4cycles,1561,1198
ACGACGCTGCTGAGAG-fresh_3T3_noPEG_100_4cycles,1987,1434
ACGAGGATGCATTCAG-fresh_3T3_noPEG_100_4cycles,1251,992
ACGAGGATGTCGTCAA-fresh_3T3_noPEG_100_4cycles,1107,918
ACGCAGAGATGGGCAA-fresh_3T3_noPEG_100_4cycles,1600,1243
ACGCAGAGATTGACAC-fresh_3T3_noPEG_100_4cycles,1691,1321
ACGCTCTTGGAATCTC-fresh_3T3_noPEG_100_4cycles,1096,902
ACGTAGGGAGAATCTC-fresh_3T3_noPEG_100_4cycles,2127,1602
ACGTGGCTGTAGCAGG-fresh_3T3_noPEG_100_4cycles,1281,984
ACGTGGCTGTGATCAC-fresh_3T3_noPEG_100_4cycles,1098,866
ACGTGTTGAAAACATG-fresh_3T3_noPEG_100_4cycles,1245,983
ACTAACCGAGTTGGTT-fresh_3T3_noPEG_100_4cycles,2420,1767
ACTACGCCTAAGGTGC-fresh_3T3_noPEG_100_4cycles,1067,859
ACTCAGAACCGATTAC-fresh_3T3_noPEG_100_4cycles,1939,1422
ACTCCGTACCAGTCCG-fresh_3T3_noPEG_100_4cycles,1434,1150
ACTCGCTACTCCCGTT-fresh_3T3_noPEG_100_4cycles,1567,1178
ACTCGCTACTCTGTAG-fresh_3T3_noPEG_100_4cycles,1208,928
ACTCGGGACTAGACAA-fresh_3T3_noPEG_100_4cycles,831,694
ACTCTAGGACCTAGTA-fresh_3T3_noPEG_100_4cycles,2467,1695
ACTCTAGGAGATCCAT-fresh_3T3_noPEG_100_4cycles,1618,1202
ACTGATTCTACTAGTC-fresh_3T3_noPEG_100_4cycles,1615,1211
ACTGATTCTGTTGGTT-fresh_3T3_noPEG_100_4cycles,1652,1244
ACTGGAGGACGAAAGC-fresh_3T3_noPEG_100_4cycles,3752,2408
ACTGTCCACCGTTAGT-fresh_3T3_noPEG_100_4cycles,2000,1432
ACTGTCCACTGAGGCA-fresh_3T3_noPEG_100_4cycles,1697,1274
ACTGTGATGTGCTGTA-fresh_3T3_noPEG_100_4cycles,1439,1121
ACTTATCACCAGTCTA-fresh_3T3_noPEG_100_4cycles,1068,899
ACTTATCTGCTTCACC-fresh_3T3_noPEG_100_4cycles,3190,2209
ACTTCATACTGCACCG-fresh_3T3_noPEG_100_4cycles,1871,1357
ACTTGCCTGGTCCCGA-fresh_3T3_noPEG_100_4cycles,1870,1284
ACTTGCCTGTACGTTG-fresh_3T3_noPEG_100_4cycles,1354,1082
ACTTGCCTGTAGGTTC-fresh_3T3_noPEG_100_4cycles,1681,1247
AGAATGTGAGATTAAG-fresh_3T3_noPEG_100_4cycles,1418,1124
AGACTACTGAGGACAC-fresh_3T3_noPEG_100_4cycles,1376,1083
AGAGAATACGCGGTAA-fresh_3T3_noPEG_100_4cycles,1378,1085
AGAGCAGTGGCCACGT-fresh_3T3_noPEG_100_4cycles,2938,2030
AGAGCAGTGGGGTAGT-fresh_3T3_noPEG_100_4cycles,1604,1171
AGATGTAGAAACGTGG-fresh_3T3_noPEG_100_4cycles,1234,1000
AGATGTAGATAACGGG-fresh_3T3_noPEG_100_4cycles,1594,1249
AGCAACTTGCAGCAAG-fresh_3T3_noPEG_100_4cycles,1463,1056
AGCAGAGACGAACGTG-fresh_3T3_noPEG_100_4cycles,1212,978
AGCCCAGACCCTCCTA-fresh_3T3_noPEG_100_4cycles,956,807
AGCCTACCTGCTAGAG-fresh_3T3_noPEG_100_4cycles,894,749
AGCGTATACATGTGGG-fresh_3T3_noPEG_100_4cycles,2228,1615
AGCGTATACGGCCTTG-fresh_3T3_noPEG_100_4cycles,1667,1293
AGCGTATACGTTGTCA-fresh_3T3_noPEG_100_4cycles,2633,1844
AGCTATCGATATTGCG-fresh_3T3_noPEG_100_4cycles,2788,1851
AGCTATCGATTTGTCT-fresh_3T3_noPEG_100_4cycles,1974,1447
AGCTTGCCTTTGGGAG-fresh_3T3_noPEG_100_4cycles,1395,1082
AGGAACCGACCAACGC-fresh_3T3_noPEG_100_4cycles,3051,2103
AGGAAGAGAGCGCAAA-fresh_3T3_noPEG_100_4cycles,1587,1193
AGGAAGCACATGTCCA-fresh_3T3_noPEG_100_4cycles,3275,2216
AGGAAGCACTGCCACG-fresh_3T3_noPEG_100_4cycles,1704,1318
AGGAATTGAGCCGCTA-fresh_3T3_noPEG_100_4cycles,1564,1204
AGGAGGTTGAATCCGT-fresh_3T3_noPEG_100_4cycles,1447,1078
AGGAGGTTGCAGACCC-fresh_3T3_noPEG_100_4cycles,1536,1222
AGGAGTTCTAAGCTAA-fresh_3T3_noPEG_100_4cycles,1685,1269
AGGCCAAGAAAGTTCC-fresh_3T3_noPEG_100_4cycles,1858,1367
AGGCGATGAAATGCTC-fresh_3T3_noPEG_100_4cycles,1335,1024
AGGCGATGATGGGCCT-fresh_3T3_noPEG_100_4cycles,1462,1173
AGGGAGTTGCACTCAA-fresh_3T3_noPEG_100_4cycles,1341,1072
AGGGAGTTGTCGCAGC-fresh_3T3_noPEG_100_4cycles,1705,1342
AGGTATAGAAAGACAT-fresh_3T3_noPEG_100_4cycles,1051,875
AGGTCGAGAATCCGTA-fresh_3T3_noPEG_100_4cycles,807,674
AGGTGATCTTCATGTG-fresh_3T3_noPEG_100_4cycles,1424,1090
AGGTGTGGATCATGTG-fresh_3T3_noPEG_100_4cycles,1565,1235
AGTACGACTTTGTTTC-fresh_3T3_noPEG_100_4cycles,1466,1157
AGTACGTTGAAATGCA-fresh_3T3_noPEG_100_4cycles,1491,1147
AGTAGAAACGCCCTTT-fresh_3T3_noPEG_100_4cycles,2529,1769
AGTCACAACGCGTATT-fresh_3T3_noPEG_100_4cycles,4591,2737
AGTGACACTGGAGTCA-fresh_3T3_noPEG_100_4cycles,1780,1410
AGTGCATTGCATACTG-fresh_3T3_noPEG_100_4cycles,1298,1016
AGTGGAGTGGCACTTA-fresh_3T3_noPEG_100_4cycles,1495,1154
AGTGGTACTTCAATGC-fresh_3T3_noPEG_100_4cycles,1704,1314
AGTGTGACTGACAAAT-fresh_3T3_noPEG_100_4cycles,1191,943
AGTGTGACTTTGACCA-fresh_3T3_noPEG_100_4cycles,1725,1321
AGTTCACGATTGTTTC-fresh_3T3_noPEG_100_4cycles,1564,1224
AGTTTCACTCAAGGTG-fresh_3T3_noPEG_100_4cycles,1316,1018
AGTTTCTTGTTGCGCG-fresh_3T3_noPEG_100_4cycles,1969,1450
AGTTTGCGACAGCAAG-fresh_3T3_noPEG_100_4cycles,1304,1018
AGTTTGCGATTAGAAG-fresh_3T3_noPEG_100_4cycles,2031,1468
ATAACCGTGCCGATTA-fresh_3T3_noPEG_100_4cycles,1138,942
ATACAGGCTAATACAG-fresh_3T3_noPEG_100_4cycles,2130,1553
ATACAGGCTTATCTGG-fresh_3T3_noPEG_100_4cycles,2695,1909
ATACATCCTGCTTACA-fresh_3T3_noPEG_100_4cycles,1164,925
ATACCACGATAGACAA-fresh_3T3_noPEG_100_4cycles,1523,1171
ATACCTGGAAATACAG-fresh_3T3_noPEG_100_4cycles,1581,1220
ATAGAACGAGGAGTCA-fresh_3T3_noPEG_100_4cycles,1272,1041
ATAGATGGATGCGCCA-fresh_3T3_noPEG_100_4cycles,1462,1160
ATAGGAAACGCCGCTA-fresh_3T3_noPEG_100_4cycles,2820,1957
ATAGGGTCTCAGGGAT-fresh_3T3_noPEG_100_4cycles,3227,2138
ATCATCTACAATCCGT-fresh_3T3_noPEG_100_4cycles,1493,1176
ATCATCTACCCAACGC-fresh_3T3_noPEG_100_4cycles,1291,1039
ATCCCGACTCCGGACT-fresh_3T3_noPEG_100_4cycles,3617,2348
ATCGAGTTGATCAGCT-fresh_3T3_noPEG_100_4cycles,1017,856
ATCGCAATGTACGTTG-fresh_3T3_noPEG_100_4cycles,1380,1121
ATCGGGCACCCTCAAA-fresh_3T3_noPEG_100_4cycles,1568,1132
ATCGGGCACCTGTACA-fresh_3T3_noPEG_100_4cycles,1365,1078
ATCGGGCACGTTAGAA-fresh_3T3_noPEG_100_4cycles,2943,1979
ATCGGTCCTCCATGTA-fresh_3T3_noPEG_100_4cycles,1487,1153
ATCTATCACAACGTGG-fresh_3T3_noPEG_100_4cycles,1335,1030
ATCTGCCTGGGTGCAA-fresh_3T3_noPEG_100_4cycles,2658,1861
ATGACAAGACATTCAG-fresh_3T3_noPEG_100_4cycles,2943,2089
ATGATGGCTGAAGGCT-fresh_3T3_noPEG_100_4cycles,1331,1013
ATGCAACTGATCGGTT-fresh_3T3_noPEG_100_4cycles,1759,1363
ATGCAACTGGCGCAAA-fresh_3T3_noPEG_100_4cycles,1311,1001
ATGCCCGGACAGCTGC-fresh_3T3_noPEG_100_4cycles,1370,1083
ATGCCCGGATCAATGC-fresh_3T3_noPEG_100_4cycles,1606,1175
ATGCCCGGATTGTACG-fresh_3T3_noPEG_100_4cycles,1749,1325
ATGCGCGTGTGAGGCA-fresh_3T3_noPEG_100_4cycles,2145,1563
ATGCTCCTGCTGCGGT-fresh_3T3_noPEG_100_4cycles,1695,1183
ATGGCTATGCGCAAAG-fresh_3T3_noPEG_100_4cycles,1403,1075
ATGGGACGAACGTAAA-fresh_3T3_noPEG_100_4cycles,1359,1108
ATGGGTACTTTGTACG-fresh_3T3_noPEG_100_4cycles,1653,1234
ATGGGTTACTCCTACC-fresh_3T3_noPEG_100_4cycles,2021,1447
ATGTACGTGAGTCTGT-fresh_3T3_noPEG_100_4cycles,1538,1135
ATGTCCGCTGACATAA-fresh_3T3_noPEG_100_4cycles,1654,1246
ATTAGCGTGCCTAACA-fresh_3T3_noPEG_100_4cycles,1529,1146
ATTCCAGGAACAGATA-fresh_3T3_noPEG_100_4cycles,1416,1123
ATTCCTAACGCACGCT-fresh_3T3_noPEG_100_4cycles,1483,1162
ATTGCTACTTGATCAC-fresh_3T3_noPEG_100_4cycles,2026,1471
ATTGTGTCTTGCTACA-fresh_3T3_noPEG_100_4cycles,1422,1108
ATTTAGCCTTCGTAAC-fresh_3T3_noPEG_100_4cycles,2022,1424
ATTTCTGACGCTTTGA-fresh_3T3_noPEG_100_4cycles,1549,1199
CAAACCTGAGGACAGT-fresh_3T3_noPEG_100_4cycles,1717,1313
CAAAGAATGTTGGTTG-fresh_3T3_noPEG_100_4cycles,2821,1852
CAAAGGGACCTACTCC-fresh_3T3_noPEG_100_4cycles,2345,1743
CAAAGGGACGAAGTTA-fresh_3T3_noPEG_100_4cycles,962,776
CAAAGTAGAATTAAGG-fresh_3T3_noPEG_100_4cycles,1890,1478
CAAAGTAGATCCAATG-fresh_3T3_noPEG_100_4cycles,1578,1154
CAACACCCTTAATGCC-fresh_3T3_noPEG_100_4cycles,1431,1110
CAACACCCTTACAGCT-fresh_3T3_noPEG_100_4cycles,1463,1114
CAACGAACTCGATGGA-fresh_3T3_noPEG_100_4cycles,940,807
CAACGCGTGGTCAATC-fresh_3T3_noPEG_100_4cycles,1085,899
CAACTGAACGTTGACT-fresh_3T3_noPEG_100_4cycles,1670,1258
CAAGAGTCTGTACACT-fresh_3T3_noPEG_100_4cycles,651,575
CAAGATAGACCACTTC-fresh_3T3_noPEG_100_4cycles,1769,1415
CAAGGGAACAATCCTG-fresh_3T3_noPEG_100_4cycles,2107,1587
CAAGGGAACCGAATCT-fresh_3T3_noPEG_100_4cycles,2060,1519
CAAGGGAACGACTCGC-fresh_3T3_noPEG_100_4cycles,2737,1941
CAAGGGATGCGGAAGT-fresh_3T3_noPEG_100_4cycles,929,769
CAAGGGTGAAGTCTGT-fresh_3T3_noPEG_100_4cycles,1232,1002
CAATCGCCTCACAGTT-fresh_3T3_noPEG_100_4cycles,1623,1322
CAATCGTGAGAAGGCT-fresh_3T3_noPEG_100_4cycles,2363,1697
CAATGTGTGGAGTGAC-fresh_3T3_noPEG_100_4cycles,1352,1032
CACACCACTAGCTGAG-fresh_3T3_noPEG_100_4cycles,1098,894
CACACCACTGGACAGT-fresh_3T3_noPEG_100_4cycles,1326,1080
CACACCACTTGCTGTA-fresh_3T3_noPEG_100_4cycles,2673,1880
CACATATCTCTCTGGG-fresh_3T3_noPEG_100_4cycles,1560,1206
CACATCCTGGGATGGT-fresh_3T3_noPEG_100_4cycles,1337,1010
CACTATACTATCATCG-fresh_3T3_noPEG_100_4cycles,2212,1595
CACTATACTGAATCTC-fresh_3T3_noPEG_100_4cycles,1175,969
CAGAAACCTTGCTTGA-fresh_3T3_noPEG_100_4cycles,1752,1336
CAGATACTGAAGGTGC-fresh_3T3_noPEG_100_4cycles,1445,1133
CAGATGACTATCGGTT-fresh_3T3_noPEG_100_4cycles,1026,869
CAGATTTCTGGGTAGT-fresh_3T3_noPEG_100_4cycles,945,777
CAGGCCATGGTGGTGA-fresh_3T3_noPEG_100_4cycles,1617,1266
CAGGCGACTACGTAAA-fresh_3T3_noPEG_100_4cycles,2668,1763
CAGGCGACTGCCGTTG-fresh_3T3_noPEG_100_4cycles,1377,1085
CAGGGCTTGCGATTGT-fresh_3T3_noPEG_100_4cycles,1508,1150
CAGGGCTTGGCGGTTC-fresh_3T3_noPEG_100_4cycles,2418,1671
CAGTATTCTCCATGTA-fresh_3T3_noPEG_100_4cycles,2045,1513
CAGTCGTCTCTTCAAG-fresh_3T3_noPEG_100_4cycles,775,647
CAGTCGTCTTTGTACG-fresh_3T3_noPEG_100_4cycles,1346,1089
CAGTGCTCTAAGTAAC-fresh_3T3_noPEG_100_4cycles,1176,939
CAGTGTAACACCCGGT-fresh_3T3_noPEG_100_4cycles,1774,1313
CATAGGTACTGGCTGC-fresh_3T3_noPEG_100_4cycles,1728,1343
CATAGTCGATTGTACG-fresh_3T3_noPEG_100_4cycles,997,843
CATATCACTAGACTTC-fresh_3T3_noPEG_100_4cycles,1970,1469
CATCAGTGAGGTGCAA-fresh_3T3_noPEG_100_4cycles,1549,1185
CATCAGTGATACGATC-fresh_3T3_noPEG_100_4cycles,3172,2141
CATCGCGGAAATACAG-fresh_3T3_noPEG_100_4cycles,936,800
CATGTTACTGCACGCT-fresh_3T3_noPEG_100_4cycles,1551,1175
CATTACTTGCCGTTAA-fresh_3T3_noPEG_100_4cycles,1201,992
CATTCAACTGTTAGTC-fresh_3T3_noPEG_100_4cycles,1992,1422
CATTCTATGGAACAGC-fresh_3T3_noPEG_100_4cycles,1678,1305
CATTCTATGGCATGAG-fresh_3T3_noPEG_100_4cycles,3125,2151
CATTGCGCTCGTACAT-fresh_3T3_noPEG_100_4cycles,744,647
CATTGCGCTTAGCGAG-fresh_3T3_noPEG_100_4cycles,2058,1458
CATTGGAACTGGCTTA-fresh_3T3_noPEG_100_4cycles,1316,1047
CATTGGCCTGCTGAGA-fresh_3T3_noPEG_100_4cycles,1502,1162
CATTTCCCTAGCTGAG-fresh_3T3_noPEG_100_4cycles,1757,1356
CATTTCCCTGAGCCTC-fresh_3T3_noPEG_100_4cycles,1861,1355
CATTTGTACCGTACAT-fresh_3T3_noPEG_100_4cycles,1484,1164
CCAACACCTTACCAAC-fresh_3T3_noPEG_100_4cycles,2564,1818
CCAACTCACGCCCTGA-fresh_3T3_noPEG_100_4cycles,3038,2048
CCAAGGAGAGGCCTGT-fresh_3T3_noPEG_100_4cycles,1940,1438
CCACAGGTGGCCCTAG-fresh_3T3_noPEG_100_4cycles,1163,946
CCACATCACCGAACGA-fresh_3T3_noPEG_100_4cycles,1455,1166
CCACATGCTGGCCATC-fresh_3T3_noPEG_100_4cycles,1423,1144
CCACGAGTGACAGGCA-fresh_3T3_noPEG_100_4cycles,1844,1357
CCACGGATGCCTCCTA-fresh_3T3_noPEG_100_4cycles,1428,1146
CCACTAAGAATCCTCC-fresh_3T3_noPEG_100_4cycles,1732,1269
CCACTTGTGTGACTCA-fresh_3T3_noPEG_100_4cycles,1324,1001
CCAGGACTGGGACAGT-fresh_3T3_noPEG_100_4cycles,1329,1058
CCAGGCAACCATGCTA-fresh_3T3_noPEG_100_4cycles,1194,923
CCAGTTGCTTCGGGCT-fresh_3T3_noPEG_100_4cycles,1219,966
CCATAAGTGAGCTGAG-fresh_3T3_noPEG_100_4cycles,1143,938
CCATAAGTGGGAATAT-fresh_3T3_noPEG_100_4cycles,1546,1168
CCATCCATGTAGCTTG-fresh_3T3_noPEG_100_4cycles,1415,1098
CCATGATGAAAGGTGC-fresh_3T3_noPEG_100_4cycles,1492,1132
CCCACAGGAACCAGTT-fresh_3T3_noPEG_100_4cycles,1964,1425
CCCACAGGAACGCGAA-fresh_3T3_noPEG_100_4cycles,1526,1171
CCCACAGGATCGTACA-fresh_3T3_noPEG_100_4cycles,1797,1308
CCCAGGATGCCAAGTT-fresh_3T3_noPEG_100_4cycles,1207,1010
CCCATTTCTAGTCTAC-fresh_3T3_noPEG_100_4cycles,1390,1101
CCCGAGTGATCATGTG-fresh_3T3_noPEG_100_4cycles,1759,1344
CCCGGAAACCCTACGG-fresh_3T3_noPEG_100_4cycles,1076,878
CCCGGAAACTTACGCA-fresh_3T3_noPEG_100_4cycles,1805,1307
CCCTCCTTGTGCGCCA-fresh_3T3_noPEG_100_4cycles,1332,1031
CCCTCCTTGTTACGCA-fresh_3T3_noPEG_100_4cycles,1422,1127
CCCTGAACTAGCCCTG-fresh_3T3_noPEG_100_4cycles,3225,2195
CCCTGATTGCGGCTCA-fresh_3T3_noPEG_100_4cycles,1445,1148
CCGAACTCTTTAGCTG-fresh_3T3_noPEG_100_4cycles,1362,1043
CCGAGACACTGAGGCA-fresh_3T3_noPEG_100_4cycles,2647,1884
CCGAGTCGATTGACCA-fresh_3T3_noPEG_100_4cycles,1829,1388
CCGCTATTGAGTACGG-fresh_3T3_noPEG_100_4cycles,476,432
CCGCTATTGATGTCCA-fresh_3T3_noPEG_100_4cycles,1553,1192
CCGGGTATGAGACAAT-fresh_3T3_noPEG_100_4cycles,1160,942
CCGTTAAGACCAAACT-fresh_3T3_noPEG_100_4cycles,1408,1051
CCTAAGAACTTTCTGT-fresh_3T3_noPEG_100_4cycles,2201,1602
CCTACGGGAGGACAGT-fresh_3T3_noPEG_100_4cycles,1744,1325
CCTATCGACATCACAC-fresh_3T3_noPEG_100_4cycles,1934,1457
CCTATCGACCAGACCC-fresh_3T3_noPEG_100_4cycles,1512,1155
CCTATCGACTTGCGCG-fresh_3T3_noPEG_100_4cycles,3359,2346
CCTCACAACCATACTG-fresh_3T3_noPEG_100_4cycles,1196,983
CCTCACAACTCCCAGG-fresh_3T3_noPEG_100_4cycles,1502,1097
CCTCCTGCTTGGGCAA-fresh_3T3_noPEG_100_4cycles,2241,1670
CCTGAGGACCTGATCA-fresh_3T3_noPEG_100_4cycles,1305,973
CCTGCCTCTAGGACCA-fresh_3T3_noPEG_100_4cycles,1558,1188
CCTTCTTTGGTTGTCA-fresh_3T3_noPEG_100_4cycles,1785,1303
CCTTGGTACGGTGCAA-fresh_3T3_noPEG_100_4cycles,3322,2275
CGAAATAGAGTACGTT-fresh_3T3_noPEG_100_4cycles,1279,1032
CGAACATACTCCAGCG-fresh_3T3_noPEG_100_4cycles,824,686
CGAATTTCTGGACACA-fresh_3T3_noPEG_100_4cycles,1607,1249
CGACAGCACGACCGAA-fresh_3T3_noPEG_100_4cycles,1622,1280
CGATAAAGATGTGCTA-fresh_3T3_noPEG_100_4cycles,1381,1046
CGATACAACAATCCAC-fresh_3T3_noPEG_100_4cycles,1677,1243
CGATATGTGTAATGCC-fresh_3T3_noPEG_100_4cycles,1520,1155
CGATCGGTGAGCGCTC-fresh_3T3_noPEG_100_4cycles,3276,2233
CGATCGGTGCCTACGG-fresh_3T3_noPEG_100_4cycles,2408,1665
CGATGATTGGTCTGGC-fresh_3T3_noPEG_100_4cycles,1344,1062
CGATGATTGTGCTACA-fresh_3T3_noPEG_100_4cycles,1738,1315
CGCACACGATGCTTGA-fresh_3T3_noPEG_100_4cycles,2283,1664
CGCACTTACGTTAGGG-fresh_3T3_noPEG_100_4cycles,1575,1116
CGCACTTACTATCTGG-fresh_3T3_noPEG_100_4cycles,1318,1021
CGCATCGGAGATGGAC-fresh_3T3_noPEG_100_4cycles,1384,1060
CGCATCGGATTAGCTG-fresh_3T3_noPEG_100_4cycles,1315,1010
CGCATCTTGGCCGCTA-fresh_3T3_noPEG_100_4cycles,2144,1579
CGCTAGTCTCGTGCAC-fresh_3T3_noPEG_100_4cycles,964,811
CGCTGAGTGGGTTTGT-fresh_3T3_noPEG_100_4cycles,1573,1251
CGCTTAAGACAGCAAG-fresh_3T3_noPEG_100_4cycles,1017,839
CGCTTCCCTCGCAAAG-fresh_3T3_noPEG_100_4cycles,3436,2182
CGCTTCCCTCTCGATA-fresh_3T3_noPEG_100_4cycles,2995,1961
CGCTTCCCTGACGCCT-fresh_3T3_noPEG_100_4cycles,1401,1069
CGGAATTTGAGCTTGT-fresh_3T3_noPEG_100_4cycles,888,719
CGGAATTTGAGGTGAC-fresh_3T3_noPEG_100_4cycles,1054,883
CGGAATTTGGCTTTGA-fresh_3T3_noPEG_100_4cycles,1344,1078
CGGACGTTGTTCTCGC-fresh_3T3_noPEG_100_4cycles,2899,2013
CGGATGAGAATCAGCT-fresh_3T3_noPEG_100_4cycles,1586,1242
CGGCTAGTGTCAGGTT-fresh_3T3_noPEG_100_4cycles,1906,1417
CGGTCTACTGGCCATC-fresh_3T3_noPEG_100_4cycles,1318,1026
CGGTTGGACAGATTCC-fresh_3T3_noPEG_100_4cycles,2446,1770
CGTACAAACTTGGTTG-fresh_3T3_noPEG_100_4cycles,1709,1309
CGTAGCGACCTTTAGG-fresh_3T3_noPEG_100_4cycles,2212,1615
CGTAGCGACGTTAGTC-fresh_3T3_noPEG_100_4cycles,1654,1227
CGTAGCTCTGGTGCAA-fresh_3T3_noPEG_100_4cycles,1659,1271
CGTCGTACTGAATAGT-fresh_3T3_noPEG_100_4cycles,1320,1052
CGTCGTTTGTCGACAT-fresh_3T3_noPEG_100_4cycles,1835,1431
CGTGCAGACCAGGCCT-fresh_3T3_noPEG_100_4cycles,1319,1023
CGTGCCAGATGCAAGG-fresh_3T3_noPEG_100_4cycles,1328,1081
CGTGTCTTGAGCAGGT-fresh_3T3_noPEG_100_4cycles,1639,1268
CGTTACCTGCGAACGA-fresh_3T3_noPEG_100_4cycles,1506,1133
CGTTATGGAAACTAGA-fresh_3T3_noPEG_100_4cycles,1379,1011
CGTTATGGAGACAAAT-fresh_3T3_noPEG_100_4cycles,1729,1339
CGTTGCACTACCATGT-fresh_3T3_noPEG_100_4cycles,1075,870
CGTTGCTTGAGACAAT-fresh_3T3_noPEG_100_4cycles,1896,1409
CGTTGCTTGAGTACGG-fresh_3T3_noPEG_100_4cycles,3386,2301
CTAACAGTGATGAATG-fresh_3T3_noPEG_100_4cycles,2062,1511
CTAACTGGAAAATCGA-fresh_3T3_noPEG_100_4cycles,1160,968
CTAACTGGATGATCAC-fresh_3T3_noPEG_100_4cycles,1180,977
CTAAGTCGAAACGTTC-fresh_3T3_noPEG_100_4cycles,1452,1118
CTAATCACTCGATCGC-fresh_3T3_noPEG_100_4cycles,1383,1081
CTACAACGAAACCAAA-fresh_3T3_noPEG_100_4cycles,1635,1273
CTACAACGAAGGTGAC-fresh_3T3_noPEG_100_4cycles,1687,1290
CTACAACGACATCTTT-fresh_3T3_noPEG_100_4cycles,1312,1030
CTACATTACGAATCTC-fresh_3T3_noPEG_100_4cycles,1579,1230
CTAGTGCCTGGTATGG-fresh_3T3_noPEG_100_4cycles,1639,1244
CTATCTATGGAGCCTC-fresh_3T3_noPEG_100_4cycles,1982,1424
CTATCTATGGATCATC-fresh_3T3_noPEG_100_4cycles,1659,1253
CTATCTATGGCACCCA-fresh_3T3_noPEG_100_4cycles,640,556
CTATGCCACGCGCACT-fresh_3T3_noPEG_100_4cycles,1578,1194
CTCAATTTGCCGGACT-fresh_3T3_noPEG_100_4cycles,2163,1607
CTCATAACTTGAAAGT-fresh_3T3_noPEG_100_4cycles,1141,958
CTCCTAGTGAACTAGA-fresh_3T3_noPEG_100_4cycles,1237,1005
CTCCTAGTGCGGTACC-fresh_3T3_noPEG_100_4cycles,2156,1579
CTCTATATGTAACTCG-fresh_3T3_noPEG_100_4cycles,2368,1652
CTCTATATGTTATGGC-fresh_3T3_noPEG_100_4cycles,1019,820
CTCTCTGGAACCTAGT-fresh_3T3_noPEG_100_4cycles,1938,1448
CTCTCTGGAGGTGCAA-fresh_3T3_noPEG_100_4cycles,1562,1236
CTCTGCAACAACGCAG-fresh_3T3_noPEG_100_4cycles,1630,1234
CTCTGGACTCCAGCTG-fresh_3T3_noPEG_100_4cycles,2518,1756
CTCTGGACTCCCGCAA-fresh_3T3_noPEG_100_4cycles,1782,1319
CTCTTGGACTACCTGA-fresh_3T3_noPEG_100_4cycles,1272,1048
CTGAGCGTGAGGCGTA-fresh_3T3_noPEG_100_4cycles,2053,1517
CTGCCATTGCTAACGT-fresh_3T3_noPEG_100_4cycles,1421,1138
CTGCGAGTGGAACAGC-fresh_3T3_noPEG_100_4cycles,1432,1101
CTGCGAGTGTGGCTTA-fresh_3T3_noPEG_100_4cycles,1482,1146
CTGCTAGCTCGGTTTA-fresh_3T3_noPEG_100_4cycles,1286,1044
CTGCTAGCTGCGGTAA-fresh_3T3_noPEG_100_4cycles,2182,1435
CTGCTAGCTTACCTGA-fresh_3T3_noPEG_100_4cycles,1941,1436
CTGCTGGGAGACGCCT-fresh_3T3_noPEG_100_4cycles,1582,1207
CTGCTGGGATTCTCGC-fresh_3T3_noPEG_100_4cycles,1686,1269
CTGCTGGGATTGGCGC-fresh_3T3_noPEG_100_4cycles,1555,1220
CTGCTTTCTCGGCTCA-fresh_3T3_noPEG_100_4cycles,1342,1081
CTGGCCAGATAACTCG-fresh_3T3_noPEG_100_4cycles,1680,1292
CTGGCCAGATGCGTGC-fresh_3T3_noPEG_100_4cycles,2121,1576
CTGGCCAGATGGTGAG-fresh_3T3_noPEG_100_4cycles,1683,1227
CTGTAACGAGACTCGC-fresh_3T3_noPEG_100_4cycles,1970,1416
CTGTTGCACCTCGAGC-fresh_3T3_noPEG_100_4cycles,2469,1710
CTGTTGCACGTTGACT-fresh_3T3_noPEG_100_4cycles,1453,1109
CTTAGAGACCCGGACT-fresh_3T3_noPEG_100_4cycles,4378,2688
CTTAGGCCTCATGCTA-fresh_3T3_noPEG_100_4cycles,1832,1297
CTTATGTTGCCAACGC-fresh_3T3_noPEG_100_4cycles,2051,1505
CTTATGTTGTCTGGGC-fresh_3T3_noPEG_100_4cycles,1676,1283
CTTATTGTGGGAATGC-fresh_3T3_noPEG_100_4cycles,1335,1005
CTTCACGTGGGATGGT-fresh_3T3_noPEG_100_4cycles,1572,1244
CTTCCTACTTTAGCTG-fresh_3T3_noPEG_100_4cycles,2410,1705
CTTCTAAACTCTATCT-fresh_3T3_noPEG_100_4cycles,1474,1116
CTTGACGCTAGCTTGT-fresh_3T3_noPEG_100_4cycles,1510,1148
CTTGCGGGACCTAGGC-fresh_3T3_noPEG_100_4cycles,1451,1106
CTTGCTGACTTGCGTA-fresh_3T3_noPEG_100_4cycles,1771,1326
CTTTAACTGGCCGTTG-fresh_3T3_noPEG_100_4cycles,1377,1060
GAAATCCACGGCAGTA-fresh_3T3_noPEG_100_4cycles,1768,1250
GAAATCCACTGTCACA-fresh_3T3_noPEG_100_4cycles,1039,869
GAAGCAGTGGTACGTT-fresh_3T3_noPEG_100_4cycles,821,681
GAAGCGCCTCTTGTGA-fresh_3T3_noPEG_100_4cycles,1334,1068
GAAGCGCCTGGCCAAA-fresh_3T3_noPEG_100_4cycles,1390,1085
GAAGGCATGCGAGTGA-fresh_3T3_noPEG_100_4cycles,1326,1021
GAAGTATGACCTATCC-fresh_3T3_noPEG_100_4cycles,1754,1313
GAAGTTCTGGAACCTT-fresh_3T3_noPEG_100_4cycles,1151,951
GAATCGGGAAACCAAA-fresh_3T3_noPEG_100_4cycles,806,693
GAATCGGGACATGCTA-fresh_3T3_noPEG_100_4cycles,1601,1229
GAATTCTCTGTCGGTC-fresh_3T3_noPEG_100_4cycles,1919,1424
GACAATAGAATTCTGG-fresh_3T3_noPEG_100_4cycles,1365,1054
GACACGCACCGTACAT-fresh_3T3_noPEG_100_4cycles,2807,2046
GACTATTCTTAAGTAG-fresh_3T3_noPEG_100_4cycles,1594,1235
GACTCCTTGTGGCTGC-fresh_3T3_noPEG_100_4cycles,1923,1443
GACTCTCACTGAACAA-fresh_3T3_noPEG_100_4cycles,965,812
GAGAGTGACCGATGTT-fresh_3T3_noPEG_100_4cycles,1501,1213
GAGCGATGATGGCTTA-fresh_3T3_noPEG_100_4cycles,1415,1113
GAGGTGCCTAATCCAC-fresh_3T3_noPEG_100_4cycles,1221,984
GAGGTGCCTATGTCAC-fresh_3T3_noPEG_100_4cycles,819,709
GAGGTGCCTGTTAGTC-fresh_3T3_noPEG_100_4cycles,1533,1169
GATCATGTGGACTGTT-fresh_3T3_noPEG_100_4cycles,1519,1137
GATGAATGACCTAGCG-fresh_3T3_noPEG_100_4cycles,1310,1033
GATGAATGATGCTGGC-fresh_3T3_noPEG_100_4cycles,1845,1354
GATTACGACGTCCCAG-fresh_3T3_noPEG_100_4cycles,1222,996
GATTCTGGACGGAATG-fresh_3T3_noPEG_100_4cycles,1778,1346
GCAAACTACGCGGTAA-fresh_3T3_noPEG_100_4cycles,1324,1015
GCAATCATGCCGCAGT-fresh_3T3_noPEG_100_4cycles,1305,1075
GCACAATACAGCAGGT-fresh_3T3_noPEG_100_4cycles,1444,1104
GCACTTCTGGCTTACA-fresh_3T3_noPEG_100_4cycles,991,826
GCACTTCTGGGCATTT-fresh_3T3_noPEG_100_4cycles,1026,843
GCAGACCTGCCAGCTG-fresh_3T3_noPEG_100_4cycles,2106,1543
GCAGATACTATCTGTG-fresh_3T3_noPEG_100_4cycles,1416,1149
GCAGTATTGAGTAGGC-fresh_3T3_noPEG_100_4cycles,2087,1524
GCATAGTACGACGCCT-fresh_3T3_noPEG_100_4cycles,1335,1092
GCATCACCTCGATGGA-fresh_3T3_noPEG_100_4cycles,1344,1077
GCATCCTTGAAGCTAA-fresh_3T3_noPEG_100_4cycles,1334,1053
GCATCCTTGGGACACA-fresh_3T3_noPEG_100_4cycles,1483,1155
GCATCTCTGAAAGGTT-fresh_3T3_noPEG_100_4cycles,2355,1700
GCATGATACCGACAAG-fresh_3T3_noPEG_100_4cycles,2194,1585
GCCAATATGCTGGGTC-fresh_3T3_noPEG_100_4cycles,1771,1339
GCCAGTCGATTGTTTC-fresh_3T3_noPEG_100_4cycles,1352,1036
GCCATAATGGAATAAC-fresh_3T3_noPEG_100_4cycles,1137,918
GCCATAATGTGCCACG-fresh_3T3_noPEG_100_4cycles,968,804
GCCTATAGACGAATCT-fresh_3T3_noPEG_100_4cycles,1613,1209
GCCTCTTGATGCAAGG-fresh_3T3_noPEG_100_4cycles,1576,1231
GCGACGTTGCATCTTT-fresh_3T3_noPEG_100_4cycles,1528,1181
GCGCTACGAGACACCC-fresh_3T3_noPEG_100_4cycles,3332,2272
GCGGTTCGACTCATCC-fresh_3T3_noPEG_100_4cycles,2911,1969
GCGTAAGGATAATCGC-fresh_3T3_noPEG_100_4cycles,1894,1384
GCGTATATGGGGATTG-fresh_3T3_noPEG_100_4cycles,1805,1397
GCGTGCTGAACACCTA-fresh_3T3_noPEG_100_4cycles,1359,1021
GCGTTCTACCCGCAGT-fresh_3T3_noPEG_100_4cycles,917,754
GCGTTCTACGCCCTAG-fresh_3T3_noPEG_100_4cycles,1305,982
GCGTTGTCTGACCGAA-fresh_3T3_noPEG_100_4cycles,2305,1628
GCGTTTAGACCACTTC-fresh_3T3_noPEG_100_4cycles,1342,1061
GCTACAAACACCCGGT-fresh_3T3_noPEG_100_4cycles,951,804
GCTAGATACCGTTAGT-fresh_3T3_noPEG_100_4cycles,1469,1125
GCTATCCTGTACGATC-fresh_3T3_noPEG_100_4cycles,1631,1179
GCTATCCTGTGCCACG-fresh_3T3_noPEG_100_4cycles,1986,1457
GCTATGATGCCCGAGT-fresh_3T3_noPEG_100_4cycles,1011,844
GCTATGATGGAACATA-fresh_3T3_noPEG_100_4cycles,1330,1084
GCTATTGGACAAGTAA-fresh_3T3_noPEG_100_4cycles,2375,1725
GCTCCTAACCGAAAGC-fresh_3T3_noPEG_100_4cycles,1872,1411
GCTCGTGGATTAGCTG-fresh_3T3_noPEG_100_4cycles,1001,857
GCTGTTCTGACGTAAA-fresh_3T3_noPEG_100_4cycles,1075,891
GCTGTTCTGAGCTTGT-fresh_3T3_noPEG_100_4cycles,1580,1229
GCTTACCACCTCATCC-fresh_3T3_noPEG_100_4cycles,1527,1152
GCTTCTCGATTGGTTG-fresh_3T3_noPEG_100_4cycles,769,666
GCTTGTCACTGACTCA-fresh_3T3_noPEG_100_4cycles,1322,1010
GCTTTCCGAGATTAAG-fresh_3T3_noPEG_100_4cycles,2353,1690
GCTTTCCGATTCGTTT-fresh_3T3_noPEG_100_4cycles,2010,1513
GGAACATCTATTAAGG-fresh_3T3_noPEG_100_4cycles,1120,941
GGAAGCCCTAGCAATA-fresh_3T3_noPEG_100_4cycles,1398,1105
GGAATGGTGCAGTCCG-fresh_3T3_noPEG_100_4cycles,1402,1089
GGACCACTGACCTTGA-fresh_3T3_noPEG_100_4cycles,1691,1240
GGACCTCGAACCAAGG-fresh_3T3_noPEG_100_4cycles,860,721
GGACCTCGATTGGTTG-fresh_3T3_noPEG_100_4cycles,2032,1452
GGACTTAACGAAACAT-fresh_3T3_noPEG_100_4cycles,1475,1120
GGACTTAACGTTAGAA-fresh_3T3_noPEG_100_4cycles,1394,1076
GGATACTACCTGTACA-fresh_3T3_noPEG_100_4cycles,1645,1263
GGCAACGCTGCTCCTT-fresh_3T3_noPEG_100_4cycles,5002,3006
GGCACAAGATCTGGGC-fresh_3T3_noPEG_100_4cycles,1370,1060
GGCAGTAGAAATGCTC-fresh_3T3_noPEG_100_4cycles,1643,1249
GGCGCAACTGAATTGA-fresh_3T3_noPEG_100_4cycles,1524,1156
GGCGTACACCTAACGT-fresh_3T3_noPEG_100_4cycles,1401,1109
GGCGTAGCTGATTAAG-fresh_3T3_noPEG_100_4cycles,753,626
GGCGTGACTAGGTCCC-fresh_3T3_noPEG_100_4cycles,1100,904
GGCGTGACTTGCAAGG-fresh_3T3_noPEG_100_4cycles,1378,1026
GGCTCAGACTTCAGTG-fresh_3T3_noPEG_100_4cycles,1619,1297
GGCTGACTGTGCTTGA-fresh_3T3_noPEG_100_4cycles,1131,933
GGCTTAAACCGAACGA-fresh_3T3_noPEG_100_4cycles,1583,1237
GGGAAAGCTTCGTCCT-fresh_3T3_noPEG_100_4cycles,1443,1122
GGGCTGACTGAACATA-fresh_3T3_noPEG_100_4cycles,1337,1062
GGGCTGACTTAACGAA-fresh_3T3_noPEG_100_4cycles,1446,1112
GGGCTTCGATGTCACA-fresh_3T3_noPEG_100_4cycles,1996,1470
GGGTAGAACTGCTGTA-fresh_3T3_noPEG_100_4cycles,1862,1448
GGGTAGTGAGGCCATC-fresh_3T3_noPEG_100_4cycles,1636,1236
GGGTGAATGCTTCAAG-fresh_3T3_noPEG_100_4cycles,1219,939
GGGTTGCTGAATCCAC-fresh_3T3_noPEG_100_4cycles,1427,1114
GGTAAGCGACTTTGTT-fresh_3T3_noPEG_100_4cycles,1936,1416
GGTAAGCGAGACATAA-fresh_3T3_noPEG_100_4cycles,810,696
GGTACGCTGCGAGTTT-fresh_3T3_noPEG_100_4cycles,2497,1733
GGTAGCCTGGTTAGAA-fresh_3T3_noPEG_100_4cycles,2607,1818
GGTATCTGATTCGCAA-fresh_3T3_noPEG_100_4cycles,1362,1068
GGTATTGACGTCCCAG-fresh_3T3_noPEG_100_4cycles,1619,1229
GGTATTTCTAAAGTAC-fresh_3T3_noPEG_100_4cycles,1919,1439
GGTCAGAGACACTCAA-fresh_3T3_noPEG_100_4cycles,649,577
GGTCGCATGGGTGTCC-fresh_3T3_noPEG_100_4cycles,2628,1876
GGTCGTTCTTAGGCGA-fresh_3T3_noPEG_100_4cycles,1378,1059
GGTCTGGACAGGCGTA-fresh_3T3_noPEG_100_4cycles,2713,1869
GGTGCGTTGGCCGCTA-fresh_3T3_noPEG_100_4cycles,2179,1476
GGTGCGTTGTGCTCAA-fresh_3T3_noPEG_100_4cycles,1374,1074
GGTGGAAACCGACATT-fresh_3T3_noPEG_100_4cycles,1174,968
GGTTCATGATTTGTCT-fresh_3T3_noPEG_100_4cycles,2156,1554
GGTTGGAGAGCTAATC-fresh_3T3_noPEG_100_4cycles,1834,1379
GTAAAGCCTCCTTTGC-fresh_3T3_noPEG_100_4cycles,1815,1359
GTAAAGCCTGTTAGAA-fresh_3T3_noPEG_100_4cycles,903,760
GTAACTCGATTACGAC-fresh_3T3_noPEG_100_4cycles,1604,1209
GTAAGGCGAAGGGAGG-fresh_3T3_noPEG_100_4cycles,1166,876
GTAAGGCGACAGATTC-fresh_3T3_noPEG_100_4cycles,2303,1670
GTAAGGCGATTATGGC-fresh_3T3_noPEG_100_4cycles,1674,1266
GTAATCGACGCACCCA-fresh_3T3_noPEG_100_4cycles,1724,1337
GTACATCGACCAAGTT-fresh_3T3_noPEG_100_4cycles,1480,1161
GTACTCAGAACTCGAT-fresh_3T3_noPEG_100_4cycles,870,763
GTACTGAACATTCTGG-fresh_3T3_noPEG_100_4cycles,1420,1068
GTACTGCCTTAGGAGC-fresh_3T3_noPEG_100_4cycles,953,789
GTAGAGCGAGGACCTC-fresh_3T3_noPEG_100_4cycles,1922,1472
GTAGAGCGAGGTGTCC-fresh_3T3_noPEG_100_4cycles,1636,1248
GTAGGCGCTGGGATTG-fresh_3T3_noPEG_100_4cycles,1409,1126
GTAGGTTTGCGAAGCA-fresh_3T3_noPEG_100_4cycles,1282,1016
GTAGGTTTGGCTCAGC-fresh_3T3_noPEG_100_4cycles,1388,1071
GTAGTGGGATTACGCA-fresh_3T3_noPEG_100_4cycles,1532,1247
GTATAGCTGGCGCAAA-fresh_3T3_noPEG_100_4cycles,1423,1149
GTATTCACTTCCTACC-fresh_3T3_noPEG_100_4cycles,1452,1078
GTCACAATGAGCCTAT-fresh_3T3_noPEG_100_4cycles,2248,1496
GTCACAATGAGTCTAC-fresh_3T3_noPEG_100_4cycles,1484,1155
GTCACAATGATCATGC-fresh_3T3_noPEG_100_4cycles,1535,1222
GTCACCTACTATGACC-fresh_3T3_noPEG_100_4cycles,1026,845
GTCACGCGAGCGCTGT-fresh_3T3_noPEG_100_4cycles,590,532
GTCACGCGATACAGCT-fresh_3T3_noPEG_100_4cycles,2734,1843
GTCCCAGGAGACTCGC-fresh_3T3_noPEG_100_4cycles,2717,1952
GTCCTACACGTACGTT-fresh_3T3_noPEG_100_4cycles,763,663
GTCCTGACTGTCAATC-fresh_3T3_noPEG_100_4cycles,2546,1744
GTCGAATACTGATCAC-fresh_3T3_noPEG_100_4cycles,1096,887
GTCGCATCTGTCAATC-fresh_3T3_noPEG_100_4cycles,1834,1332
GTCGTGGTGTGGCTGC-fresh_3T3_noPEG_100_4cycles,3029,2042
GTCGTTCTGAGACTTC-fresh_3T3_noPEG_100_4cycles,1486,1219
GTCTACCACCGCAACC-fresh_3T3_noPEG_100_4cycles,1334,995
GTCTGGCGATCGCAGC-fresh_3T3_noPEG_100_4cycles,1737,1351
GTCTTGCACCAGATTC-fresh_3T3_noPEG_100_4cycles,682,573
GTGAAGCGAGGCCTGT-fresh_3T3_noPEG_100_4cycles,2091,1566
GTGAAGGACTGGCTTA-fresh_3T3_noPEG_100_4cycles,2945,2046
GTGCATAACTTCGGGC-fresh_3T3_noPEG_100_4cycles,2075,1464
GTGCTAATGAGGTCCC-fresh_3T3_noPEG_100_4cycles,1804,1325
GTGGTTTGACGAACAG-fresh_3T3_noPEG_100_4cycles,1530,1147
GTGTGATACAGCAGGT-fresh_3T3_noPEG_100_4cycles,1432,1118
GTGTGATACTAACCCA-fresh_3T3_noPEG_100_4cycles,1872,1360
GTTAAGAGACGTAACT-fresh_3T3_noPEG_100_4cycles,1597,1194
GTTACAGTGATGGCCC-fresh_3T3_noPEG_100_4cycles,1374,1077
GTTACAGTGTCATTTC-fresh_3T3_noPEG_100_4cycles,1954,1446
GTTACAGTGTCGTCCT-fresh_3T3_noPEG_100_4cycles,1860,1432
GTTAGTTCTAGCAATA-fresh_3T3_noPEG_100_4cycles,993,834
GTTAGTTCTTGGAACG-fresh_3T3_noPEG_100_4cycles,1346,1057
GTTATTGCTAGGTAAT-fresh_3T3_noPEG_100_4cycles,1217,985
GTTGAAGCTTAACGAA-fresh_3T3_noPEG_100_4cycles,929,769
GTTGATGACCAGGTGA-fresh_3T3_noPEG_100_4cycles,2116,1513
GTTTCATTGTGCATGT-fresh_3T3_noPEG_100_4cycles,951,805
TAAACGCACGATCATC-fresh_3T3_noPEG_100_4cycles,1497,1138
TAACGAGCTGGCCTGT-fresh_3T3_noPEG_100_4cycles,1535,1206
TAACGCATGCTCACTC-fresh_3T3_noPEG_100_4cycles,1801,1363
TAAGCACACTCAGGTT-fresh_3T3_noPEG_100_4cycles,1986,1508
TAAGCCAACCCCGCAA-fresh_3T3_noPEG_100_4cycles,2338,1656
TAAGGCTTGACCATGT-fresh_3T3_noPEG_100_4cycles,2987,1997
TAAGGCTTGGAATTGA-fresh_3T3_noPEG_100_4cycles,1718,1347
TAAGGCTTGTCCAGCG-fresh_3T3_noPEG_100_4cycles,1343,1064
TAAGGGCGACGATGGA-fresh_3T3_noPEG_100_4cycles,2340,1659
TAAGTGCACCTCACGG-fresh_3T3_noPEG_100_4cycles,2181,1623
TAAGTGCACCTTGTGA-fresh_3T3_noPEG_100_4cycles,1327,1095
TAATGAGGATCTGCAA-fresh_3T3_noPEG_100_4cycles,1323,1050
TAATGGGCTCTCACTC-fresh_3T3_noPEG_100_4cycles,3466,2300
TAATTGCCTGCCCTAG-fresh_3T3_noPEG_100_4cycles,1863,1447
TACACAGACGATCCAT-fresh_3T3_noPEG_100_4cycles,1467,1120
TACACTACTAGGGCTA-fresh_3T3_noPEG_100_4cycles,1193,955
TACATTCACTTTCGCC-fresh_3T3_noPEG_100_4cycles,2343,1664
TACATTGCTCTCACGG-fresh_3T3_noPEG_100_4cycles,1011,829
TACCAGTGACAATAGA-fresh_3T3_noPEG_100_4cycles,3057,2109
TACCGCTACAACGAAT-fresh_3T3_noPEG_100_4cycles,1674,1275
TACCGCTTGAATCCAC-fresh_3T3_noPEG_100_4cycles,797,678
TACCGCTTGAGTCTGT-fresh_3T3_noPEG_100_4cycles,1670,1332
TACCGCTTGTAAGTAG-fresh_3T3_noPEG_100_4cycles,2019,1484
TACCGCTTGTGGCTGC-fresh_3T3_noPEG_100_4cycles,1341,1041
TACCTCTCTTCGCAGC-fresh_3T3_noPEG_100_4cycles,1103,887
TACCTGCTGTCGCAGC-fresh_3T3_noPEG_100_4cycles,1297,984
TACGATGACGGACAGT-fresh_3T3_noPEG_100_4cycles,1858,1307
TACGATGACTCGCTAA-fresh_3T3_noPEG_100_4cycles,1243,998
TACTGGCCTGCAGGAT-fresh_3T3_noPEG_100_4cycles,1846,1369
TACTGTACTCAGTCCG-fresh_3T3_noPEG_100_4cycles,913,757
TACTGTTTGAAAGCTA-fresh_3T3_noPEG_100_4cycles,1513,1128
TACTGTTTGCCTGAGC-fresh_3T3_noPEG_100_4cycles,3255,2109
TAGAGAAACAATCGAA-fresh_3T3_noPEG_100_4cycles,1357,1067
TAGAGCGGAAAAGGTT-fresh_3T3_noPEG_100_4cycles,1347,1021
TAGAGCGGACCATAAC-fresh_3T3_noPEG_100_4cycles,1682,1250
TAGAGCGGACTTGAAC-fresh_3T3_noPEG_100_4cycles,1058,874
TAGAGCGGATTACGAC-fresh_3T3_noPEG_100_4cycles,2359,1687
TAGCATTCTATCTGTG-fresh_3T3_noPEG_100_4cycles,4230,2673
TAGGCCTCTGCCAGCT-fresh_3T3_noPEG_100_4cycles,1434,1081
TAGGGACGAGCCCAAC-fresh_3T3_noPEG_100_4cycles,1711,1289
TAGGGTTTGTCCAATG-fresh_3T3_noPEG_100_4cycles,1309,1074
TAGTTGCGATCTGCAA-fresh_3T3_noPEG_100_4cycles,1666,1236
TATCAGCGAACGTAAA-fresh_3T3_noPEG_100_4cycles,1097,830
TATCAGCGAGTCTGGC-fresh_3T3_noPEG_100_4cycles,2273,1681
TATCAGCGAGTGAGCA-fresh_3T3_noPEG_100_4cycles,806,662
TATCATGCTCCTGCGA-fresh_3T3_noPEG_100_4cycles,2270,1661
TATCGATCTATTGCCA-fresh_3T3_noPEG_100_4cycles,1299,994
TATGCTTTGTTGACCA-fresh_3T3_noPEG_100_4cycles,1771,1303
TATGGAGCTCGTTATG-fresh_3T3_noPEG_100_4cycles,1585,1252
TATGGGTACGTTGGTT-fresh_3T3_noPEG_100_4cycles,1593,1202
TATTGGTCTGCGCTGT-fresh_3T3_noPEG_100_4cycles,1943,1434
TCAAAGCACTTCGTTT-fresh_3T3_noPEG_100_4cycles,786,683
TCACCTGACCATACTG-fresh_3T3_noPEG_100_4cycles,2733,1880
TCACGGGACCGACACC-fresh_3T3_noPEG_100_4cycles,896,782
TCAGCCGGATAGCGAG-fresh_3T3_noPEG_100_4cycles,3018,2079
TCAGGCTCTATCGGTT-fresh_3T3_noPEG_100_4cycles,1028,845
TCAGTCCACGCTCTTC-fresh_3T3_noPEG_100_4cycles,1466,1112
TCAGTCCTGCCAGCTG-fresh_3T3_noPEG_100_4cycles,1583,1209
TCATCATTGATCATCG-fresh_3T3_noPEG_100_4cycles,1085,869
TCCAAAGTGCTTCAAG-fresh_3T3_noPEG_100_4cycles,1690,1302
TCCCACATGAGGACAC-fresh_3T3_noPEG_100_4cycles,1373,1060
TCCCACATGTGACTCA-fresh_3T3_noPEG_100_4cycles,1621,1227
TCCGAGTCTTCGTACA-fresh_3T3_noPEG_100_4cycles,1411,1061
TCCGCGAGAAGGTAAT-fresh_3T3_noPEG_100_4cycles,1775,1238
TCCGTAAGATCTGCAA-fresh_3T3_noPEG_100_4cycles,2471,1746
TCCGTGGGAAATCCGT-fresh_3T3_noPEG_100_4cycles,930,776
TCCGTTGACTGAGGCA-fresh_3T3_noPEG_100_4cycles,733,619
TCCGTTGTGAGGACAC-fresh_3T3_noPEG_100_4cycles,1292,1043
TCCGTTGTGGTCGGTC-fresh_3T3_noPEG_100_4cycles,1447,1089
TCCTAATTGTGCTGTA-fresh_3T3_noPEG_100_4cycles,1228,998
TCCTTGGTGTTCGCCT-fresh_3T3_noPEG_100_4cycles,1260,1030
TCGAAGTACGGACCTC-fresh_3T3_noPEG_100_4cycles,1737,1367
TCGACACCTATCTGTG-fresh_3T3_noPEG_100_4cycles,734,627
TCGACCTTGAGTCGGA-fresh_3T3_noPEG_100_4cycles,1708,1247
TCGACTAGAGCGCTGT-fresh_3T3_noPEG_100_4cycles,942,782
TCGACTCTGCGCAAAG-fresh_3T3_noPEG_100_4cycles,801,690
TCGACTCTGTCTGGAT-fresh_3T3_noPEG_100_4cycles,1012,862
TCGATGATGAGATTCC-fresh_3T3_noPEG_100_4cycles,1608,1212
TCGCCGAGAAGCCATT-fresh_3T3_noPEG_100_4cycles,1345,1055
TCGCCTATGCTCGAGC-fresh_3T3_noPEG_100_4cycles,1840,1356
TCGCCTATGTTCTGGA-fresh_3T3_noPEG_100_4cycles,907,709
TCGGCTTACAGTAGGC-fresh_3T3_noPEG_100_4cycles,1720,1278
TCGGCTTACGCCCTGA-fresh_3T3_noPEG_100_4cycles,1716,1307
TCGGGTTCTTAAGTAG-fresh_3T3_noPEG_100_4cycles,1701,1226
TCGTATACTTCATGCA-fresh_3T3_noPEG_100_4cycles,1453,1101
TCGTCCAACCAGCTGC-fresh_3T3_noPEG_100_4cycles,1655,1288
TCGTTGCTGGACCGAA-fresh_3T3_noPEG_100_4cycles,1311,1016
TCGTTGCTGGTTGTCA-fresh_3T3_noPEG_100_4cycles,1540,1177
TCTAACGGACTCTGGG-fresh_3T3_noPEG_100_4cycles,1309,1027
TCTACTAACCCAAGTT-fresh_3T3_noPEG_100_4cycles,3554,2279
TCTATGGGAGCCCTTT-fresh_3T3_noPEG_100_4cycles,1596,1193
TCTATGGGATTTCTTG-fresh_3T3_noPEG_100_4cycles,1640,1245
TCTCAGAGATCTATCT-fresh_3T3_noPEG_100_4cycles,1098,900
TCTGAACGATGCACCG-fresh_3T3_noPEG_100_4cycles,1063,866
TCTGAGCCTCACCTAA-fresh_3T3_noPEG_100_4cycles,1297,1047
TCTGGTCACCCAAACT-fresh_3T3_noPEG_100_4cycles,1769,1334
TCTTGAGGAAGTACGG-fresh_3T3_noPEG_100_4cycles,2265,1678
TCTTTAGACGAGTGAC-fresh_3T3_noPEG_100_4cycles,1548,1202
TCTTTAGACGATCATC-fresh_3T3_noPEG_100_4cycles,1681,1268
TCTTTCCACCGATTAC-fresh_3T3_noPEG_100_4cycles,2358,1726
TGAACTGTGTGCTTGA-fresh_3T3_noPEG_100_4cycles,2276,1627
TGAATGGCTCGTAACT-fresh_3T3_noPEG_100_4cycles,1992,1496
TGACCCTACTGGCTGC-fresh_3T3_noPEG_100_4cycles,3946,2542
TGAGCCCGAATAGGTA-fresh_3T3_noPEG_100_4cycles,2057,1533
TGAGCTAACGGACAGT-fresh_3T3_noPEG_100_4cycles,2986,2093
TGAGCTAACGTCTTGA-fresh_3T3_noPEG_100_4cycles,1418,1113
TGAGGAGTGCATTCAG-fresh_3T3_noPEG_100_4cycles,1486,1139
TGAGGTACTGTCCCGA-fresh_3T3_noPEG_100_4cycles,1020,846
TGAGTAAGAATCATCG-fresh_3T3_noPEG_100_4cycles,1334,1047
TGAGTAAGATCAGGTT-fresh_3T3_noPEG_100_4cycles,1401,1073
TGATAGAGATAAGTAG-fresh_3T3_noPEG_100_4cycles,1717,1275
TGATAGAGATGCGTGC-fresh_3T3_noPEG_100_4cycles,2994,2050
TGATATCCTTTCCATT-fresh_3T3_noPEG_100_4cycles,944,806
TGCAATGACCGTAACT-fresh_3T3_noPEG_100_4cycles,3081,2097
TGCAATGACGAATCTC-fresh_3T3_noPEG_100_4cycles,1022,844
TGCAATGTGGCGTATT-fresh_3T3_noPEG_100_4cycles,2596,1839
TGCAATGTGTAACCCA-fresh_3T3_noPEG_100_4cycles,1776,1317
TGCAGTATGTACAGCT-fresh_3T3_noPEG_100_4cycles,1794,1342
TGCAGTATGTCCAATG-fresh_3T3_noPEG_100_4cycles,1680,1301
TGCATGCCTAAGGCTG-fresh_3T3_noPEG_100_4cycles,1524,1226
TGCCGGAACCAATAGA-fresh_3T3_noPEG_100_4cycles,3314,2290
TGCCGTTACTCTTTGT-fresh_3T3_noPEG_100_4cycles,2006,1451
TGCCTACTGCCGATTA-fresh_3T3_noPEG_100_4cycles,1225,989
TGCCTACTGGAGAGGG-fresh_3T3_noPEG_100_4cycles,2145,1619
TGCGCAGACAAAGGTT-fresh_3T3_noPEG_100_4cycles,1560,1215
TGCGCAGACACAACAA-fresh_3T3_noPEG_100_4cycles,1336,1037
TGCGCATCTTCGCTAA-fresh_3T3_noPEG_100_4cycles,1363,1060
TGCGCATCTTGCTGGC-fresh_3T3_noPEG_100_4cycles,2138,1561
TGCGGGACTTGTGCTA-fresh_3T3_noPEG_100_4cycles,1832,1305
TGCGTCTACGCTGAGA-fresh_3T3_noPEG_100_4cycles,1551,1188
TGCTTGCACGAATTGA-fresh_3T3_noPEG_100_4cycles,1253,1023
TGGAATGCTAAGTAAC-fresh_3T3_noPEG_100_4cycles,2020,1452
TGGACAACTCCCGAGT-fresh_3T3_noPEG_100_4cycles,1434,1154
TGGACATACGAAGGTC-fresh_3T3_noPEG_100_4cycles,1456,1096
TGGATCCCTTTACGAC-fresh_3T3_noPEG_100_4cycles,908,753
TGGCATCCTGATTAAG-fresh_3T3_noPEG_100_4cycles,1354,1050
TGGCCTGGACATGCTA-fresh_3T3_noPEG_100_4cycles,1426,1128
TGGCCTTTGTTGGGAG-fresh_3T3_noPEG_100_4cycles,1443,1129
TGGCGTTCTGAGTGAC-fresh_3T3_noPEG_100_4cycles,1495,1146
TGGCTAATGATCCTTT-fresh_3T3_noPEG_100_4cycles,2280,1590
TGGGCGTACAACGCAG-fresh_3T3_noPEG_100_4cycles,1096,918
TGGGCGTACGAATTGA-fresh_3T3_noPEG_100_4cycles,2227,1654
TGGGTTTGAAGGACAC-fresh_3T3_noPEG_100_4cycles,2146,1544
TGGGTTTGACCACATA-fresh_3T3_noPEG_100_4cycles,1459,1162
TGGTTAGACAGGGAGG-fresh_3T3_noPEG_100_4cycles,1216,975
TGGTTTGGAGTCGGTC-fresh_3T3_noPEG_100_4cycles,2935,1996
TGTAACGTGAACGCAG-fresh_3T3_noPEG_100_4cycles,1784,1314
TGTAACGTGATGTCCA-fresh_3T3_noPEG_100_4cycles,1377,1077
TGTAAGCACGCACCCA-fresh_3T3_noPEG_100_4cycles,2035,1519
TGTACCAGACTCACGG-fresh_3T3_noPEG_100_4cycles,4037,2565
TGTACCAGAGAATCTC-fresh_3T3_noPEG_100_4cycles,1068,859
TGTACCCTGCGAAGCA-fresh_3T3_noPEG_100_4cycles,894,726
TGTACTGGACCAGCAC-fresh_3T3_noPEG_100_4cycles,2117,1529
TGTAGACACCCAAGTT-fresh_3T3_noPEG_100_4cycles,886,735
TGTCAATCTCGAGTTT-fresh_3T3_noPEG_100_4cycles,1430,1097
TGTCCGTTGAGGTAAT-fresh_3T3_noPEG_100_4cycles,4399,2715
TGTCCGTTGTACACTG-fresh_3T3_noPEG_100_4cycles,1721,1308
TGTCGAAACTCGAGAG-fresh_3T3_noPEG_100_4cycles,1318,1015
TGTCGCTTGCATCCTC-fresh_3T3_noPEG_100_4cycles,1411,1095
TGTCGCTTGTACTTTC-fresh_3T3_noPEG_100_4cycles,2124,1553
TGTGCAATGCAGTCCG-fresh_3T3_noPEG_100_4cycles,1102,876
TGTGCAATGGCTCTTC-fresh_3T3_noPEG_100_4cycles,1348,1062
TGTGGCTCTTAGGCGA-fresh_3T3_noPEG_100_4cycles,1759,1216
TGTGTTACTGACGCCT-fresh_3T3_noPEG_100_4cycles,1190,967
TGTTACTTGGCTGGCT-fresh_3T3_noPEG_100_4cycles,2414,1792
TGTTCTCCTGCGTATT-fresh_3T3_noPEG_100_4cycles,1875,1365
TGTTGACGAGAGTGAC-fresh_3T3_noPEG_100_4cycles,1757,1354
TGTTGACGATGGAACG-fresh_3T3_noPEG_100_4cycles,3597,2378
TTACCATTGATTAAGG-fresh_3T3_noPEG_100_4cycles,1542,1108
TTACGGATGTTGGCGC-fresh_3T3_noPEG_100_4cycles,1357,1063
TTACGTTACCGCAAAG-fresh_3T3_noPEG_100_4cycles,1506,1117
TTACTGGGACGAACGA-fresh_3T3_noPEG_100_4cycles,546,483
TTAGCCAGACCTAGCG-fresh_3T3_noPEG_100_4cycles,1513,1180
TTAGCCAGAGAATAAC-fresh_3T3_noPEG_100_4cycles,1774,1343
TTAGTCTTGCGCCACA-fresh_3T3_noPEG_100_4cycles,1530,1189
TTCCAAACTCCAGCAC-fresh_3T3_noPEG_100_4cycles,1079,908
TTCCACTCTTACAGCT-fresh_3T3_noPEG_100_4cycles,1853,1393
TTCCCAGACACAACAA-fresh_3T3_noPEG_100_4cycles,928,787
TTCCCAGACTTGCGCG-fresh_3T3_noPEG_100_4cycles,1679,1288
TTCCCGAACAAGTAAC-fresh_3T3_noPEG_100_4cycles,980,834
TTCCCGAACCAATAGA-fresh_3T3_noPEG_100_4cycles,1358,1077
TTCCCTGGAAACCCGC-fresh_3T3_noPEG_100_4cycles,1418,1109
TTCCGGACTCGCAACC-fresh_3T3_noPEG_100_4cycles,2553,1762
TTCCGGACTTGGTGAG-fresh_3T3_noPEG_100_4cycles,1080,908
TTCCTAAACAAGGTGC-fresh_3T3_noPEG_100_4cycles,1241,1036
TTCGACCACCGCCACA-fresh_3T3_noPEG_100_4cycles,1536,1207
TTCGACCACCTCATTT-fresh_3T3_noPEG_100_4cycles,1329,1068
TTCGATGGACCAGGCT-fresh_3T3_noPEG_100_4cycles,1629,1237
TTCGTCCGAACTCGAT-fresh_3T3_noPEG_100_4cycles,1505,1141
TTCTAGTTGTGCGCCA-fresh_3T3_noPEG_100_4cycles,1071,835
TTCTCTCTGCTTGAAC-fresh_3T3_noPEG_100_4cycles,3087,2142
TTGATTCACTTCTGGA-fresh_3T3_noPEG_100_4cycles,2273,1647
TTGCATTACATCCTTT-fresh_3T3_noPEG_100_4cycles,1517,1138
TTGCGGTCTAGTACGG-fresh_3T3_noPEG_100_4cycles,3598,2330
TTGCGGTCTCGAGGTA-fresh_3T3_noPEG_100_4cycles,2572,1801
TTGCGTCACGCGAGTA-fresh_3T3_noPEG_100_4cycles,1558,1177
TTGGCGCGAGTCTTGA-fresh_3T3_noPEG_100_4cycles,1435,1115
TTGGCGCGAGTTCTCC-fresh_3T3_noPEG_100_4cycles,1808,1348
TTGGCGTCTATGGCCC-fresh_3T3_noPEG_100_4cycles,2568,1792
TTGGTATCTCAAGGTG-fresh_3T3_noPEG_100_4cycles,1260,1002
TTGTCCCGATGTGCTA-fresh_3T3_noPEG_100_4cycles,1912,1406
TTGTGCCTGCAGCTGC-fresh_3T3_noPEG_100_4cycles,1368,1065
TTGTGCCTGCGTTATG-fresh_3T3_noPEG_100_4cycles,1311,995
TTGTTTGACAAAGTAC-fresh_3T3_noPEG_100_4cycles,1938,1502
TTGTTTGACGGCAGTA-fresh_3T3_noPEG_100_4cycles,3775,2447
TTGTTTGTGCGTTAGT-fresh_3T3_noPEG_100_4cycles,854,710
TTTAGGGACTAAAGCA-fresh_3T3_noPEG_100_4cycles,1363,1084
TTTCGTAACTGCACCG-fresh_3T3_noPEG_100_4cycles,2568,1880
TTTCTGAACCGAGTGA-fresh_3T3_noPEG_100_4cycles,1156,970
TTTCTGAACTCCAGCG-fresh_3T3_noPEG_100_4cycles,1134,911
TTTGGGAACGGTGTCC-fresh_3T3_noPEG_100_4cycles,1093,905
AAACAACGAATGTCAC-fresh_3T3_noPEG_200_4cycles,2607,1873
AAACATGGAAGCGCTC-fresh_3T3_noPEG_200_4cycles,2151,1605
AAACGAAACTATTGCG-fresh_3T3_noPEG_200_4cycles,1473,1131
AAACTCCGACGGTTGC-fresh_3T3_noPEG_200_4cycles,3321,2254
AAACTCTCTACAGATA-fresh_3T3_noPEG_200_4cycles,1604,1200
AAAGATCGATTGGCGC-fresh_3T3_noPEG_200_4cycles,1675,1321
AAAGCATGAAGCCCTG-fresh_3T3_noPEG_200_4cycles,3067,2048
AAAGCCTTGCTGGCAC-fresh_3T3_noPEG_200_4cycles,972,790
AAAGCCTTGGCCCTTT-fresh_3T3_noPEG_200_4cycles,2834,1900
AAAGCCTTGTACGATC-fresh_3T3_noPEG_200_4cycles,2275,1604
AAAGCGGACCTTAAGC-fresh_3T3_noPEG_200_4cycles,1724,1310
AAATAGGTGGCCGTTG-fresh_3T3_noPEG_200_4cycles,2931,2049
AAATGCCTGTCCCAGG-fresh_3T3_noPEG_200_4cycles,2230,1709
AACCACTGATGCATCA-fresh_3T3_noPEG_200_4cycles,1431,1104
AACCCTCACTGATCAC-fresh_3T3_noPEG_200_4cycles,1494,1168
AACGAGGTGTAGACAA-fresh_3T3_noPEG_200_4cycles,1375,1062
AACTCACGAACACCGC-fresh_3T3_noPEG_200_4cycles,1675,1269
AACTCCCTGGAACAGC-fresh_3T3_noPEG_200_4cycles,2009,1531
AACTCGATGGCTAATC-fresh_3T3_noPEG_200_4cycles,1456,1125
AAGAAACACATCCGTA-fresh_3T3_noPEG_200_4cycles,796,688
AAGAACCCTTGAGTAA-fresh_3T3_noPEG_200_4cycles,839,715
AAGAATGTGAGTAGGC-fresh_3T3_noPEG_200_4cycles,3515,2248
AAGACGGTGACGCGAA-fresh_3T3_noPEG_200_4cycles,2994,1991
AAGATCAGACGAAAGC-fresh_3T3_noPEG_200_4cycles,1116,917
AAGCCATTGGGCCTTG-fresh_3T3_noPEG_200_4cycles,4082,2549
AAGGTAATGCAGATTC-fresh_3T3_noPEG_200_4cycles,1386,1096
AAGGTGCGAAAAGCTA-fresh_3T3_noPEG_200_4cycles,3089,2019
AAGGTGCGACTGTGCG-fresh_3T3_noPEG_200_4cycles,2087,1584
AAGTACCACCATGCAT-fresh_3T3_noPEG_200_4cycles,1772,1371
AAGTGACCTGAAATCA-fresh_3T3_noPEG_200_4cycles,1554,1218
AAGTGCTTGAAGACAT-fresh_3T3_noPEG_200_4cycles,1615,1184
AAGTTTCCTACAGGCA-fresh_3T3_noPEG_200_4cycles,1512,1102
AATAGGAACCGTTCTC-fresh_3T3_noPEG_200_4cycles,2013,1446
AATCACCGATTCTGAG-fresh_3T3_noPEG_200_4cycles,1687,1276
AATCAGCTGGGCAGTA-fresh_3T3_noPEG_200_4cycles,1057,863
AATCCAGACAGCAGGT-fresh_3T3_noPEG_200_4cycles,1297,991
AATCGGACTCCGTTAA-fresh_3T3_noPEG_200_4cycles,1461,1104
AATCGGACTCGCACTG-fresh_3T3_noPEG_200_4cycles,2148,1576
AATGATGGAGGTTGAG-fresh_3T3_noPEG_200_4cycles,1605,1215
AATGGCTACCAGGCCT-fresh_3T3_noPEG_200_4cycles,1639,1268
AATGGCTACTCCAGCG-fresh_3T3_noPEG_200_4cycles,1231,973
AATGGTGCTCGGAATG-fresh_3T3_noPEG_200_4cycles,1939,1455
AATGGTGCTGTTGTCA-fresh_3T3_noPEG_200_4cycles,1642,1293
AATGTGCTGGAGAGGG-fresh_3T3_noPEG_200_4cycles,1035,862
AATTACCCTTCAGGTT-fresh_3T3_noPEG_200_4cycles,1575,1235
ACACACTGAATCGGTT-fresh_3T3_noPEG_200_4cycles,2004,1489
ACACATCGAGTTAGAA-fresh_3T3_noPEG_200_4cycles,1218,961
ACACGTTGAAACGCAG-fresh_3T3_noPEG_200_4cycles,823,695
ACACTCCACCGAAAGC-fresh_3T3_noPEG_200_4cycles,1427,1109
ACACTGCCTCCGATTA-fresh_3T3_noPEG_200_4cycles,1616,1199
ACACTGCCTGCTAGAG-fresh_3T3_noPEG_200_4cycles,1399,1068
ACAGACTTGCAGGGTA-fresh_3T3_noPEG_200_4cycles,1726,1322
ACAGCCGACTAAGCAA-fresh_3T3_noPEG_200_4cycles,4192,2598
ACAGTCATGCCAGCAC-fresh_3T3_noPEG_200_4cycles,2346,1661
ACAGTCATGCGGAATG-fresh_3T3_noPEG_200_4cycles,1714,1277
ACAGTTGACGATCCAT-fresh_3T3_noPEG_200_4cycles,1328,1046
ACCAAGTTGCCTGAGC-fresh_3T3_noPEG_200_4cycles,3252,2192
ACCAATGACGCTAGAG-fresh_3T3_noPEG_200_4cycles,1839,1342
ACCCTTGTGAGGCATG-fresh_3T3_noPEG_200_4cycles,1403,1093
ACCTACCTGCCACATA-fresh_3T3_noPEG_200_4cycles,1818,1391
ACCTAGTGAATTGGTC-fresh_3T3_noPEG_200_4cycles,1161,910
ACCTCCAACTCGTCAA-fresh_3T3_noPEG_200_4cycles,1926,1450
ACCTGCTTGATTGGTC-fresh_3T3_noPEG_200_4cycles,1514,1136
ACCTGCTTGCACAGTT-fresh_3T3_noPEG_200_4cycles,3003,2038
ACGATCATGCCAGCTG-fresh_3T3_noPEG_200_4cycles,1970,1411
ACGCAGAGACTCGATA-fresh_3T3_noPEG_200_4cycles,2002,1382
ACGCCACGATTGGCGC-fresh_3T3_noPEG_200_4cycles,1242,1021
ACGCCCAGAACAGGCA-fresh_3T3_noPEG_200_4cycles,1518,1150
ACGCTCTTGCAATGAA-fresh_3T3_noPEG_200_4cycles,1302,996
ACGGAATCTCCTAGGC-fresh_3T3_noPEG_200_4cycles,1473,1129
ACGGAATCTTTGACAC-fresh_3T3_noPEG_200_4cycles,1494,1205
ACGGCCTGACGAATCT-fresh_3T3_noPEG_200_4cycles,1578,1185
ACGGTTCCTGCCAGCT-fresh_3T3_noPEG_200_4cycles,1425,1101
ACGTGTTGATGAACAA-fresh_3T3_noPEG_200_4cycles,1305,1038
ACTAACGTGCGCAACC-fresh_3T3_noPEG_200_4cycles,1142,917
ACTACCCACGGTATGG-fresh_3T3_noPEG_200_4cycles,851,731
ACTACCCACTGGCATT-fresh_3T3_noPEG_200_4cycles,1647,1272
ACTAGTGTGCGAGGAT-fresh_3T3_noPEG_200_4cycles,1531,1177
ACTCCAGCTTAATGCC-fresh_3T3_noPEG_200_4cycles,1422,1125
ACTCCGTACTGTTGTG-fresh_3T3_noPEG_200_4cycles,1479,1143
ACTCGCTACTCTGTAG-fresh_3T3_noPEG_200_4cycles,775,662
ACTCGGGACATCCTTT-fresh_3T3_noPEG_200_4cycles,1869,1426
ACTCGGGACATTGCCA-fresh_3T3_noPEG_200_4cycles,1069,908
ACTCTAACTCTCATCC-fresh_3T3_noPEG_200_4cycles,1650,1273
ACTGTCCACCGTTAGT-fresh_3T3_noPEG_200_4cycles,1916,1400
ACTGTGATGGCAGGAT-fresh_3T3_noPEG_200_4cycles,1460,1098
ACTTATCTGAAGGCCA-fresh_3T3_noPEG_200_4cycles,1427,1080
ACTTGCCTGTGTTCCC-fresh_3T3_noPEG_200_4cycles,1916,1419
AGAACAATGGTGAGCA-fresh_3T3_noPEG_200_4cycles,1405,1092
AGAACGCGAACGCGAA-fresh_3T3_noPEG_200_4cycles,1385,1088
AGAATCCACAGCCATT-fresh_3T3_noPEG_200_4cycles,1420,1109
AGAGCAGTGTGCAAGG-fresh_3T3_noPEG_200_4cycles,1688,1230
AGAGTAATGCATCTTT-fresh_3T3_noPEG_200_4cycles,2524,1684
AGATATGGAATTCTGG-fresh_3T3_noPEG_200_4cycles,2016,1516
AGATATGGAGACAAAT-fresh_3T3_noPEG_200_4cycles,1165,971
AGATGGGTGGCTGAGA-fresh_3T3_noPEG_200_4cycles,2255,1689
AGATGTAGATAACGGG-fresh_3T3_noPEG_200_4cycles,1647,1246
AGCAACTTGTGCGGCT-fresh_3T3_noPEG_200_4cycles,4067,2574
AGCAGAGACCGACATT-fresh_3T3_noPEG_200_4cycles,1339,1064
AGCCAATTGAGTACGG-fresh_3T3_noPEG_200_4cycles,2036,1517
AGCCTACCTTAAAGCA-fresh_3T3_noPEG_200_4cycles,1490,1168
AGCGCAAGACCGTTAA-fresh_3T3_noPEG_200_4cycles,2862,1909
AGCGCAAGACTCACGG-fresh_3T3_noPEG_200_4cycles,1420,1047
AGCGCTCGAACCAGTT-fresh_3T3_noPEG_200_4cycles,2244,1605
AGCGCTCGAGCTCCTT-fresh_3T3_noPEG_200_4cycles,1768,1384
AGCTATCGAGAATAAC-fresh_3T3_noPEG_200_4cycles,1806,1337
AGCTATCGATTTGTCT-fresh_3T3_noPEG_200_4cycles,1489,1146
AGCTGCTCTCAATAGA-fresh_3T3_noPEG_200_4cycles,943,802
AGCTTCCACGAAATCA-fresh_3T3_noPEG_200_4cycles,1706,1303
AGGAATTGAGCCGCTA-fresh_3T3_noPEG_200_4cycles,3172,2149
AGGACAGACTAGCTTG-fresh_3T3_noPEG_200_4cycles,1455,1107
AGGACGCCTTGCTCAA-fresh_3T3_noPEG_200_4cycles,1235,972
AGGAGGTTGAATACAG-fresh_3T3_noPEG_200_4cycles,1667,1249
AGGGAGTTGTCGCAGC-fresh_3T3_noPEG_200_4cycles,1515,1177
AGGGCAAACGCTTTGA-fresh_3T3_noPEG_200_4cycles,4202,2575
AGGTATGCTGAGTAAT-fresh_3T3_noPEG_200_4cycles,1589,1229
AGGTCGAGAGGCAGTA-fresh_3T3_noPEG_200_4cycles,1396,1106
AGTACAAGATGATCAC-fresh_3T3_noPEG_200_4cycles,4335,2688
AGTCGCGTGATAGGTA-fresh_3T3_noPEG_200_4cycles,1752,1247
AGTGGTACTCGATCGC-fresh_3T3_noPEG_200_4cycles,690,604
AGTGTTCGACAAGTTC-fresh_3T3_noPEG_200_4cycles,1490,1153
AGTTCACGAGATTAAG-fresh_3T3_noPEG_200_4cycles,1280,1053
ATACCACGACCTATCC-fresh_3T3_noPEG_200_4cycles,2490,1726
ATACCTGGAAAGCTAA-fresh_3T3_noPEG_200_4cycles,1597,1236
ATAGGCGGATTACGCA-fresh_3T3_noPEG_200_4cycles,1673,1290
ATCAAAGGAGTTAGGG-fresh_3T3_noPEG_200_4cycles,2532,1847
ATCACGATGGAACAGC-fresh_3T3_noPEG_200_4cycles,2385,1766
ATCCCGACTAGTACGG-fresh_3T3_noPEG_200_4cycles,1762,1316
ATCCCGACTTACGATC-fresh_3T3_noPEG_200_4cycles,2766,1933
ATCGCAATGCAGGGAT-fresh_3T3_noPEG_200_4cycles,1889,1441
ATCGTCCACTCATGCA-fresh_3T3_noPEG_200_4cycles,1604,1225
ATCGTTTACATGGCCC-fresh_3T3_noPEG_200_4cycles,1760,1358
ATCGTTTACCGACACC-fresh_3T3_noPEG_200_4cycles,1550,1116
ATCTTACTGTGGGCAA-fresh_3T3_noPEG_200_4cycles,1588,1167
ATGATAGGACCGTTAA-fresh_3T3_noPEG_200_4cycles,1541,1173
ATGCATCGACGCAACC-fresh_3T3_noPEG_200_4cycles,1467,1113
ATGCCCGGAGTACTAC-fresh_3T3_noPEG_200_4cycles,1393,1057
ATGGCATTGGATGGAC-fresh_3T3_noPEG_200_4cycles,1836,1329
ATGGGACGAAAAGGTT-fresh_3T3_noPEG_200_4cycles,1592,1193
ATGTACGTGTCGCTAA-fresh_3T3_noPEG_200_4cycles,4175,2663
ATGTCCAGACGGTTGC-fresh_3T3_noPEG_200_4cycles,1549,1162
ATGTCCAGAGCTGAGA-fresh_3T3_noPEG_200_4cycles,2366,1708
ATGTTTCACCATAGCT-fresh_3T3_noPEG_200_4cycles,1601,1244
ATTACTCACGTTGGTT-fresh_3T3_noPEG_200_4cycles,1489,1170
ATTAGCGTGTTATGGC-fresh_3T3_noPEG_200_4cycles,1890,1487
ATTCAGGTGTCCTACC-fresh_3T3_noPEG_200_4cycles,892,743
ATTCCAGGACAAGTAA-fresh_3T3_noPEG_200_4cycles,1668,1227
ATTCCAGGACATTCAG-fresh_3T3_noPEG_200_4cycles,1613,1213
ATTCCTAACATGTGGG-fresh_3T3_noPEG_200_4cycles,1546,1254
ATTGTGTCTTCTGTGA-fresh_3T3_noPEG_200_4cycles,3362,2235
ATTTAGCCTACGTAAA-fresh_3T3_noPEG_200_4cycles,1676,1299
ATTTCTGACAAGTTCC-fresh_3T3_noPEG_200_4cycles,954,795
CAAACCATGCAGACCC-fresh_3T3_noPEG_200_4cycles,1891,1418
CAAACCTGACAGCAAG-fresh_3T3_noPEG_200_4cycles,1451,1135
CAAAGAATGAATCTGC-fresh_3T3_noPEG_200_4cycles,1505,1180
CAAAGAATGATAGGTA-fresh_3T3_noPEG_200_4cycles,1403,1082
CAAAGACCTGTTGGTT-fresh_3T3_noPEG_200_4cycles,2187,1604
CAACAACACCGATTGT-fresh_3T3_noPEG_200_4cycles,1758,1347
CAACAACACTTCTGAG-fresh_3T3_noPEG_200_4cycles,1431,1115
CAACACCCTGAAACAT-fresh_3T3_noPEG_200_4cycles,930,778
CAACCCTACACGCCAC-fresh_3T3_noPEG_200_4cycles,927,772
CAACCCTACTTATGGC-fresh_3T3_noPEG_200_4cycles,1574,1207
CAACGAACTCAGATTC-fresh_3T3_noPEG_200_4cycles,2694,1926
CAACGCGTGAAATCGA-fresh_3T3_noPEG_200_4cycles,1701,1305
CAACGCGTGCAGATTC-fresh_3T3_noPEG_200_4cycles,2090,1588
CAACTGAACGGCCATC-fresh_3T3_noPEG_200_4cycles,2995,2033
CAAGAAATGAGAGGCT-fresh_3T3_noPEG_200_4cycles,1249,989
CAAGAAATGCTGAGAG-fresh_3T3_noPEG_200_4cycles,5780,3343
CAAGAGTCTTACGTTG-fresh_3T3_noPEG_200_4cycles,1316,1046
CAAGATAGACCTCGTT-fresh_3T3_noPEG_200_4cycles,1431,1133
CAAGCAACTGAGTGAC-fresh_3T3_noPEG_200_4cycles,1192,970
CAAGGCCACTAATCGC-fresh_3T3_noPEG_200_4cycles,1525,1225
CAAGGCCACTTAGAAG-fresh_3T3_noPEG_200_4cycles,2172,1580
CAAGGGAACTTTCTTG-fresh_3T3_noPEG_200_4cycles,1305,1044
CAAGGGAACTTTGTCT-fresh_3T3_noPEG_200_4cycles,1584,1177
CAATAGAGAAGGACCA-fresh_3T3_noPEG_200_4cycles,2485,1775
CAATCGTGATGGAACG-fresh_3T3_noPEG_200_4cycles,1674,1173
CAATGCCCTTGCATGT-fresh_3T3_noPEG_200_4cycles,836,714
CACACCACTAGCTGAG-fresh_3T3_noPEG_200_4cycles,1604,1219
CACACCACTTGCTGTA-fresh_3T3_noPEG_200_4cycles,1716,1313
CACATCCTGGGATGGT-fresh_3T3_noPEG_200_4cycles,1686,1237
CACCAAATGCGTTAGT-fresh_3T3_noPEG_200_4cycles,2016,1378
CACCAAATGTAGACAA-fresh_3T3_noPEG_200_4cycles,2099,1581
CACCCATACACCTTGA-fresh_3T3_noPEG_200_4cycles,1692,1274
CACCCATACCAATGAA-fresh_3T3_noPEG_200_4cycles,1077,897
CACGATTGATTCGTTT-fresh_3T3_noPEG_200_4cycles,1671,1279
CACGGAAGACGAATCT-fresh_3T3_noPEG_200_4cycles,1636,1243
CACTATTTGGACTGTT-fresh_3T3_noPEG_200_4cycles,1519,1182
CACTCTGACAATCTGC-fresh_3T3_noPEG_200_4cycles,2158,1610
CACTCTGACTAACTCG-fresh_3T3_noPEG_200_4cycles,2335,1697
CAGAGTACTTGGTCCG-fresh_3T3_noPEG_200_4cycles,1300,988
CAGCTCACTGCAGGAT-fresh_3T3_noPEG_200_4cycles,2048,1459
CAGGAGCCTGGAGTCA-fresh_3T3_noPEG_200_4cycles,1629,1316
CAGGAGCCTGTACGTT-fresh_3T3_noPEG_200_4cycles,1053,871
CAGGCTTCTTTTCTTG-fresh_3T3_noPEG_200_4cycles,2407,1667
CAGTAGTTGAGACAAT-fresh_3T3_noPEG_200_4cycles,1441,1093
CAGTGGAGACCACAAT-fresh_3T3_noPEG_200_4cycles,1063,856
CAGTGGAGAGGCCTTG-fresh_3T3_noPEG_200_4cycles,3668,2289
CAGTGTAACACAACAA-fresh_3T3_noPEG_200_4cycles,2290,1637
CAGTGTAACAGGACCA-fresh_3T3_noPEG_200_4cycles,1846,1328
CATAGGTACGAATTGA-fresh_3T3_noPEG_200_4cycles,1343,1038
CATAGGTACTGGCTGC-fresh_3T3_noPEG_200_4cycles,5197,3098
CATCAGAACGGCCTGT-fresh_3T3_noPEG_200_4cycles,1914,1416
CATCAGTGACCGTGAC-fresh_3T3_noPEG_200_4cycles,2561,1827
CATGCAAACCTTCACC-fresh_3T3_noPEG_200_4cycles,1497,1165
CATGGATTGGCTGAGA-fresh_3T3_noPEG_200_4cycles,3480,2266
CATGTCAGAAGACTTC-fresh_3T3_noPEG_200_4cycles,3914,2458
CATTGCGCTACACCGC-fresh_3T3_noPEG_200_4cycles,2617,1834
CATTGCGCTGACCGAA-fresh_3T3_noPEG_200_4cycles,3873,2444
CATTGGCCTCCATAAC-fresh_3T3_noPEG_200_4cycles,2523,1695
CATTGTTACCTCTGGG-fresh_3T3_noPEG_200_4cycles,1312,1037
CATTTCCCTAAGTTCC-fresh_3T3_noPEG_200_4cycles,2026,1477
CATTTGTACCGTACAT-fresh_3T3_noPEG_200_4cycles,1836,1399
CCAACACCTCAAGTAA-fresh_3T3_noPEG_200_4cycles,2957,1992
CCAACACCTTTGTTTC-fresh_3T3_noPEG_200_4cycles,2533,1783
CCAACGGTGGTTAGGG-fresh_3T3_noPEG_200_4cycles,2749,1900
CCAAGTTGACTTTGTT-fresh_3T3_noPEG_200_4cycles,926,767
CCAAGTTGAGGGTTCC-fresh_3T3_noPEG_200_4cycles,1434,1069
CCACATGCTCAGCTGC-fresh_3T3_noPEG_200_4cycles,1845,1412
CCACGGATGGACAAAT-fresh_3T3_noPEG_200_4cycles,1698,1253
CCACTTGTGAGGTGAC-fresh_3T3_noPEG_200_4cycles,2395,1710
CCACTTGTGTGACTCA-fresh_3T3_noPEG_200_4cycles,1758,1293
CCAGAATACGGGTTCC-fresh_3T3_noPEG_200_4cycles,1526,1196
CCAGCACGACAATGAA-fresh_3T3_noPEG_200_4cycles,2282,1652
CCAGTTGCTAAAGCTA-fresh_3T3_noPEG_200_4cycles,3193,2162
CCAGTTGCTACAGGTG-fresh_3T3_noPEG_200_4cycles,2547,1787
CCATGCTACAATAGCA-fresh_3T3_noPEG_200_4cycles,1665,1244
CCATTGCTGAGATTCC-fresh_3T3_noPEG_200_4cycles,3964,2547
CCATTGCTGTGCTGGC-fresh_3T3_noPEG_200_4cycles,1450,1017
CCCAATGCTTGTTGTG-fresh_3T3_noPEG_200_4cycles,1078,881
CCCATTTCTAGTCTAC-fresh_3T3_noPEG_200_4cycles,671,585
CCCTTGCCTGAATGTA-fresh_3T3_noPEG_200_4cycles,3124,1993
CCGAACTCTTTAGCTG-fresh_3T3_noPEG_200_4cycles,1395,1094
CCGAGTCGAAATCTGC-fresh_3T3_noPEG_200_4cycles,1012,827
CCGCTATTGCGTACAT-fresh_3T3_noPEG_200_4cycles,880,760
CCGTACGGAAATCCGT-fresh_3T3_noPEG_200_4cycles,2111,1510
CCGTTACTGGGTGCAA-fresh_3T3_noPEG_200_4cycles,1141,930
CCGTTCTGATCAATGC-fresh_3T3_noPEG_200_4cycles,1368,1087
CCTAAGAACTTTCTGT-fresh_3T3_noPEG_200_4cycles,1637,1158
CCTACGGGAGGACAGT-fresh_3T3_noPEG_200_4cycles,1838,1356
CCTACGTTGAAGGTGC-fresh_3T3_noPEG_200_4cycles,2576,1732
CCTCACATGAAGTCTC-fresh_3T3_noPEG_200_4cycles,1118,930
CCTCCTGCTACAGGCA-fresh_3T3_noPEG_200_4cycles,1363,1069
CCTGATCACCCATAAC-fresh_3T3_noPEG_200_4cycles,1828,1412
CCTGCCTCTGGACACA-fresh_3T3_noPEG_200_4cycles,1743,1297
CCTGTTGACATTCGGT-fresh_3T3_noPEG_200_4cycles,2115,1597
CCTGTTGACGCCGCTA-fresh_3T3_noPEG_200_4cycles,1622,1231
CCTTCTTTGGTTGTCA-fresh_3T3_noPEG_200_4cycles,1430,1097
CCTTGGTACATCCTTT-fresh_3T3_noPEG_200_4cycles,1577,1247
CCTTGGTACGGAATTA-fresh_3T3_noPEG_200_4cycles,1296,1048
CGACAATACAATCGAA-fresh_3T3_noPEG_200_4cycles,2684,1893
CGACAATACGCGCTGT-fresh_3T3_noPEG_200_4cycles,1537,1182
CGACAGCACAGGGCTA-fresh_3T3_noPEG_200_4cycles,1382,1073
CGACAGCACGACCGAA-fresh_3T3_noPEG_200_4cycles,1320,1013
CGACCTGGAGGTTGAG-fresh_3T3_noPEG_200_4cycles,2466,1847
CGACCTGGATGTTCCC-fresh_3T3_noPEG_200_4cycles,3215,2118
CGACGTTCTATCCGTA-fresh_3T3_noPEG_200_4cycles,1753,1318
CGAGTCTCTAATGCGG-fresh_3T3_noPEG_200_4cycles,2661,1882
CGATAAAGATGTGCTA-fresh_3T3_noPEG_200_4cycles,1151,940
CGATACAACTACGATC-fresh_3T3_noPEG_200_4cycles,1926,1336
CGATACATGCGACACC-fresh_3T3_noPEG_200_4cycles,3938,2544
CGATACATGTCGGGCT-fresh_3T3_noPEG_200_4cycles,1599,1179
CGATACCCTGCGGTAA-fresh_3T3_noPEG_200_4cycles,1375,1057
CGATATTCTTCGTAGT-fresh_3T3_noPEG_200_4cycles,1914,1425
CGATATTCTTGGGCCT-fresh_3T3_noPEG_200_4cycles,987,817
CGCAAAGGATCGACAT-fresh_3T3_noPEG_200_4cycles,1516,1159
CGCAAAGGATCGTACA-fresh_3T3_noPEG_200_4cycles,1660,1218
CGCAAATACCGCAAAG-fresh_3T3_noPEG_200_4cycles,2227,1620
CGCATCGGATTAGCTG-fresh_3T3_noPEG_200_4cycles,1673,1231
CGCGTTGGATTCTGGA-fresh_3T3_noPEG_200_4cycles,1824,1373
CGGAATTTGAGGTGAC-fresh_3T3_noPEG_200_4cycles,1607,1254
CGGAATTTGCGTAACT-fresh_3T3_noPEG_200_4cycles,2371,1686
CGGATAGGATTCGGGC-fresh_3T3_noPEG_200_4cycles,1800,1331
CGGATGAGATATGACC-fresh_3T3_noPEG_200_4cycles,2100,1499
CGGTCGATGTGCACCG-fresh_3T3_noPEG_200_4cycles,1366,1051
CGGTCTACTAATCCGT-fresh_3T3_noPEG_200_4cycles,983,833
CGGTCTACTTACGATC-fresh_3T3_noPEG_200_4cycles,1535,1165
CGGTGTGTGACCCGGT-fresh_3T3_noPEG_200_4cycles,1826,1388
CGGTTGGACAAGTTCC-fresh_3T3_noPEG_200_4cycles,1704,1300
CGGTTGGACAGATTCC-fresh_3T3_noPEG_200_4cycles,1080,883
CGGTTGGACGTACGTT-fresh_3T3_noPEG_200_4cycles,1953,1475
CGTAATCGATGGCTTA-fresh_3T3_noPEG_200_4cycles,1626,1214
CGTAGCGACTTGCGCG-fresh_3T3_noPEG_200_4cycles,1343,1053
CGTCAACCTCTCGAGC-fresh_3T3_noPEG_200_4cycles,1304,983
CGTCGTACTGGATGGT-fresh_3T3_noPEG_200_4cycles,853,712
CGTGCCAGACGAATCT-fresh_3T3_noPEG_200_4cycles,2326,1683
CGTGCCAGAGAGAGGG-fresh_3T3_noPEG_200_4cycles,755,629
CGTGTCTTGTTGTTTC-fresh_3T3_noPEG_200_4cycles,1404,1120
CGTTACCTGCATGCTA-fresh_3T3_noPEG_200_4cycles,1385,1048
CGTTGCACTTCGTACA-fresh_3T3_noPEG_200_4cycles,1375,1047
CGTTGCTTGAATGCTC-fresh_3T3_noPEG_200_4cycles,3181,2155
CGTTTGCTGAACGTGG-fresh_3T3_noPEG_200_4cycles,3027,2022
CTAACTGGACTCTGGG-fresh_3T3_noPEG_200_4cycles,2555,1841
CTAATCACTGAATGTA-fresh_3T3_noPEG_200_4cycles,1727,1307
CTACAACGAATAGCAA-fresh_3T3_noPEG_200_4cycles,1399,1045
CTACCTCGACCTACGG-fresh_3T3_noPEG_200_4cycles,1599,1240
CTACCTCGACGATCGC-fresh_3T3_noPEG_200_4cycles,1762,1313
CTACTTTGACGAATCT-fresh_3T3_noPEG_200_4cycles,1324,1068
CTAGGGCACTTACGAC-fresh_3T3_noPEG_200_4cycles,1950,1457
CTATCTATGCTCCTAC-fresh_3T3_noPEG_200_4cycles,2922,1935
CTATGCCACCATCCTC-fresh_3T3_noPEG_200_4cycles,1779,1350
CTATGGATGACTAGGG-fresh_3T3_noPEG_200_4cycles,1876,1414
CTATGGATGCGGGTAA-fresh_3T3_noPEG_200_4cycles,1460,1116
CTATGGATGTTACGAC-fresh_3T3_noPEG_200_4cycles,2526,1853
CTATGTTACCAAGTTC-fresh_3T3_noPEG_200_4cycles,1502,1149
CTATGTTACTACGTTG-fresh_3T3_noPEG_200_4cycles,1355,1053
CTATTGGGAACTCGAT-fresh_3T3_noPEG_200_4cycles,1986,1413
CTCAATTTGATCACAC-fresh_3T3_noPEG_200_4cycles,896,749
CTCAATTTGATCCTCC-fresh_3T3_noPEG_200_4cycles,1737,1325
CTCAATTTGTTTCTTG-fresh_3T3_noPEG_200_4cycles,1430,1153
CTCATAACTACCCGGT-fresh_3T3_noPEG_200_4cycles,1984,1438
CTCATAACTAGCTTTG-fresh_3T3_noPEG_200_4cycles,2219,1649
CTCATAACTCTCTGGG-fresh_3T3_noPEG_200_4cycles,1494,1057
CTCCGTAACTAGGTTC-fresh_3T3_noPEG_200_4cycles,1538,1127
CTCCTAGTGAACTAGA-fresh_3T3_noPEG_200_4cycles,1680,1265
CTCCTAGTGCCGTTAA-fresh_3T3_noPEG_200_4cycles,1673,1284
CTCCTAGTGCGGTACC-fresh_3T3_noPEG_200_4cycles,2012,1525
CTCCTAGTGCTGTGCG-fresh_3T3_noPEG_200_4cycles,671,586
CTCGGTTACTGACTCA-fresh_3T3_noPEG_200_4cycles,1970,1356
CTCGGTTTGCCAACGC-fresh_3T3_noPEG_200_4cycles,1488,1123
CTCGGTTTGCTGAGAG-fresh_3T3_noPEG_200_4cycles,3254,2197
CTCTATAACATCCTCC-fresh_3T3_noPEG_200_4cycles,981,797
CTCTATAACGGACACA-fresh_3T3_noPEG_200_4cycles,1395,1088
CTCTCTGGAACCTAGT-fresh_3T3_noPEG_200_4cycles,1668,1245
CTCTCTTTGCTCACTC-fresh_3T3_noPEG_200_4cycles,1609,1229
CTCTGCAACCCGTTAA-fresh_3T3_noPEG_200_4cycles,1399,1026
CTCTGGACTGATAGCG-fresh_3T3_noPEG_200_4cycles,1929,1441
CTGAGCGTGAGGGAGG-fresh_3T3_noPEG_200_4cycles,3725,2442
CTGAGCGTGCGGTTTA-fresh_3T3_noPEG_200_4cycles,2559,1875
CTGCACGGACCTAGCG-fresh_3T3_noPEG_200_4cycles,2360,1720
CTGCCATTGATTCTGG-fresh_3T3_noPEG_200_4cycles,1823,1367
CTGCCTTGAAATACAG-fresh_3T3_noPEG_200_4cycles,1910,1386
CTGCCTTGATGCTGGC-fresh_3T3_noPEG_200_4cycles,2307,1661
CTGCGACGACCGTGAC-fresh_3T3_noPEG_200_4cycles,1800,1381
CTGCGAGTGTGGCTTA-fresh_3T3_noPEG_200_4cycles,2180,1539
CTGTAACGACAGACCC-fresh_3T3_noPEG_200_4cycles,1944,1431
CTGTTGCTGTGAGCAG-fresh_3T3_noPEG_200_4cycles,2608,1760
CTTAATCTGCCACATA-fresh_3T3_noPEG_200_4cycles,1923,1447
CTTAATCTGGATCATC-fresh_3T3_noPEG_200_4cycles,2061,1491
CTTACATTGTTGCGTA-fresh_3T3_noPEG_200_4cycles,1624,1307
CTTATGTTGTGGGCAA-fresh_3T3_noPEG_200_4cycles,1494,1139
CTTATTGTGGGTATGG-fresh_3T3_noPEG_200_4cycles,1822,1340
CTTCACGTGTTCAGTG-fresh_3T3_noPEG_200_4cycles,1320,1052
CTTCAGCACTTATGGC-fresh_3T3_noPEG_200_4cycles,2051,1519
CTTCCACGATTTGGGT-fresh_3T3_noPEG_200_4cycles,2185,1651
CTTCCTACTGAACATA-fresh_3T3_noPEG_200_4cycles,1542,1191
CTTCCTACTGTTAGAA-fresh_3T3_noPEG_200_4cycles,3241,2126
CTTCCTTTGTAATCGC-fresh_3T3_noPEG_200_4cycles,2759,1906
CTTCTAAACAACTAGA-fresh_3T3_noPEG_200_4cycles,1534,1159
CTTCTAAACCGAACAG-fresh_3T3_noPEG_200_4cycles,1137,920
CTTGACGCTCGAAAGC-fresh_3T3_noPEG_200_4cycles,1380,1083
CTTGCGTACACCAAGG-fresh_3T3_noPEG_200_4cycles,2054,1441
CTTGCGTACGTACACT-fresh_3T3_noPEG_200_4cycles,1295,1040
CTTGCTGACAGGCATG-fresh_3T3_noPEG_200_4cycles,2388,1769
CTTGCTGACTTGCGTA-fresh_3T3_noPEG_200_4cycles,1423,1110
CTTTAACTGGCCGTTG-fresh_3T3_noPEG_200_4cycles,1785,1333
CTTTCCGGAATAGCAA-fresh_3T3_noPEG_200_4cycles,2553,1838
CTTTCCGGAGTACACT-fresh_3T3_noPEG_200_4cycles,2090,1538
CTTTCGGTGTTGTGAC-fresh_3T3_noPEG_200_4cycles,1549,1226
CTTTCTGCTAAGACAT-fresh_3T3_noPEG_200_4cycles,1386,1092
GAACAAATGCGATTAC-fresh_3T3_noPEG_200_4cycles,1987,1458
GAACAACCTCTGTGCG-fresh_3T3_noPEG_200_4cycles,1624,1212
GAAGGACACTACTTTC-fresh_3T3_noPEG_200_4cycles,1490,1160
GAAGTATGAATCAGGG-fresh_3T3_noPEG_200_4cycles,1246,1016
GAATCGGGACGCAACC-fresh_3T3_noPEG_200_4cycles,1552,1229
GAATCGGGACGTACAT-fresh_3T3_noPEG_200_4cycles,1260,1010
GACAATCTGTCTGGGC-fresh_3T3_noPEG_200_4cycles,1850,1325
GACACGCACAATCCAC-fresh_3T3_noPEG_200_4cycles,1731,1319
GACACGCACCGTACAT-fresh_3T3_noPEG_200_4cycles,1810,1403
GACCGCTGATTCGTTT-fresh_3T3_noPEG_200_4cycles,1299,1055
GACCTATGAGATCCAT-fresh_3T3_noPEG_200_4cycles,1358,1045
GACTATTCTAAGGCCA-fresh_3T3_noPEG_200_4cycles,2145,1566
GACTATTCTTCCGTAA-fresh_3T3_noPEG_200_4cycles,1356,1091
GAGAAGAGAGATTAAG-fresh_3T3_noPEG_200_4cycles,1619,1213
GAGAGAAGAAATGCTC-fresh_3T3_noPEG_200_4cycles,1392,1113
GAGAGTGACCGTTCTC-fresh_3T3_noPEG_200_4cycles,1663,1213
GAGTCTCCTATCGGTT-fresh_3T3_noPEG_200_4cycles,1231,1016
GAGTCTCCTCGACACC-fresh_3T3_noPEG_200_4cycles,1567,1210
GATAAGAACCAATAGA-fresh_3T3_noPEG_200_4cycles,1777,1368
GATAAGAACTAGGAGC-fresh_3T3_noPEG_200_4cycles,933,818
GATCATGTGCTTAGTG-fresh_3T3_noPEG_200_4cycles,1373,1094
GCAAACTACTTAGAAG-fresh_3T3_noPEG_200_4cycles,1535,1162
GCAAATCTGGTTAGTC-fresh_3T3_noPEG_200_4cycles,1343,1024
GCAACTTGAAGGTCCC-fresh_3T3_noPEG_200_4cycles,2234,1612
GCAACTTGAGTCGGTC-fresh_3T3_noPEG_200_4cycles,2393,1722
GCAACTTGATGATCAC-fresh_3T3_noPEG_200_4cycles,1318,1032
GCAATCATGCGACTAT-fresh_3T3_noPEG_200_4cycles,1928,1442
GCACGACACCGTTAGT-fresh_3T3_noPEG_200_4cycles,2150,1579
GCACGACACGGCCAAA-fresh_3T3_noPEG_200_4cycles,2129,1516
GCACGGACTCATCCTC-fresh_3T3_noPEG_200_4cycles,2084,1539
GCACTTCTGACGCCAC-fresh_3T3_noPEG_200_4cycles,538,481
GCACTTCTGGCTTACA-fresh_3T3_noPEG_200_4cycles,1516,1150
GCAGATACTTTGTGAC-fresh_3T3_noPEG_200_4cycles,1223,953
GCAGTATTGGCTGGCT-fresh_3T3_noPEG_200_4cycles,1709,1290
GCAGTCGACTATCTGG-fresh_3T3_noPEG_200_4cycles,1062,888
GCATAGTACAGCAGGT-fresh_3T3_noPEG_200_4cycles,1421,1131
GCATCACCTAGCCTAT-fresh_3T3_noPEG_200_4cycles,1012,850
GCATCACCTTCTGTAG-fresh_3T3_noPEG_200_4cycles,1674,1315
GCATGATACTGGTCCG-fresh_3T3_noPEG_200_4cycles,5497,3142
GCCATAATGGTTAGGG-fresh_3T3_noPEG_200_4cycles,1402,1101
GCCTAAATGAAGTTAG-fresh_3T3_noPEG_200_4cycles,949,796
GCGACAAGAATCATGC-fresh_3T3_noPEG_200_4cycles,3062,2115
GCGACGTTGTTCTCGC-fresh_3T3_noPEG_200_4cycles,1569,1196
GCGAGAATGGCTCTTC-fresh_3T3_noPEG_200_4cycles,1187,985
GCGAGCACTCATTCAG-fresh_3T3_noPEG_200_4cycles,1602,1223
GCGCAGTTGAGCTGAG-fresh_3T3_noPEG_200_4cycles,1859,1370
GCGCAGTTGGTACTAC-fresh_3T3_noPEG_200_4cycles,2341,1693
GCGCTACGAAGTCTGT-fresh_3T3_noPEG_200_4cycles,2543,1782
GCGCTACGATAATGCC-fresh_3T3_noPEG_200_4cycles,802,708
GCGCTACGATCAATGC-fresh_3T3_noPEG_200_4cycles,1387,1075
GCGTAAGGAATCAGCT-fresh_3T3_noPEG_200_4cycles,4408,2743
GCGTATATGTGATCAC-fresh_3T3_noPEG_200_4cycles,2109,1513
GCGTCTTTGCATGCAT-fresh_3T3_noPEG_200_4cycles,1627,1262
GCGTGCTGAGATGGAC-fresh_3T3_noPEG_200_4cycles,2162,1636
GCTAAGACTGACCGAA-fresh_3T3_noPEG_200_4cycles,2705,1890
GCTACAAACGTTGGTT-fresh_3T3_noPEG_200_4cycles,1314,1056
GCTACTGCTCCTAGGC-fresh_3T3_noPEG_200_4cycles,839,727
GCTACTGCTCGTTAGT-fresh_3T3_noPEG_200_4cycles,1683,1346
GCTAGTCCTCGAAAGC-fresh_3T3_noPEG_200_4cycles,1555,1163
GCTATCCTGAATAGCA-fresh_3T3_noPEG_200_4cycles,1525,1109
GCTATGATGCCCGAGT-fresh_3T3_noPEG_200_4cycles,1522,1191
GCTGTGGTGAGCCCTG-fresh_3T3_noPEG_200_4cycles,1732,1298
GCTTCTCGATCCAGCG-fresh_3T3_noPEG_200_4cycles,1517,1180
GCTTGTCACGCATGAG-fresh_3T3_noPEG_200_4cycles,3996,2535
GGAACATCTCGCCACA-fresh_3T3_noPEG_200_4cycles,1079,881
GGAACATCTTGAAAGT-fresh_3T3_noPEG_200_4cycles,1364,1104
GGAAGCCCTTGAGGCA-fresh_3T3_noPEG_200_4cycles,3971,2591
GGACGAATGGACAAAT-fresh_3T3_noPEG_200_4cycles,1351,1049
GGAGTTACTGCTCAGC-fresh_3T3_noPEG_200_4cycles,2233,1610
GGATTAAGATTCCATT-fresh_3T3_noPEG_200_4cycles,2782,1981
GGCAACAGAGACATAA-fresh_3T3_noPEG_200_4cycles,2326,1685
GGCAACAGATGCACCG-fresh_3T3_noPEG_200_4cycles,1718,1310
GGCACACACCGACTAT-fresh_3T3_noPEG_200_4cycles,1482,1126
GGCAGTAGACGACAAG-fresh_3T3_noPEG_200_4cycles,1527,1191
GGCCTTTACTTCTGAG-fresh_3T3_noPEG_200_4cycles,1085,914
GGCGTACACGCTCAGC-fresh_3T3_noPEG_200_4cycles,906,759
GGCGTAGCTTCGAGAG-fresh_3T3_noPEG_200_4cycles,1309,972
GGCGTGACTCATGATC-fresh_3T3_noPEG_200_4cycles,1895,1444
GGCGTTTCTCGATGGA-fresh_3T3_noPEG_200_4cycles,1522,1190
GGCTCAGACCCTCAAA-fresh_3T3_noPEG_200_4cycles,1239,999
GGCTTAAACGCAGGAT-fresh_3T3_noPEG_200_4cycles,1081,863
GGCTTAAACTTGGTTG-fresh_3T3_noPEG_200_4cycles,1188,979
GGGAACCCTTTTGGGT-fresh_3T3_noPEG_200_4cycles,1354,1099
GGGAGAACTAGGTGCA-fresh_3T3_noPEG_200_4cycles,1322,1006
GGGAGCTCTTTTGGGT-fresh_3T3_noPEG_200_4cycles,1380,1084
GGGATCAGACATCCTC-fresh_3T3_noPEG_200_4cycles,3398,2219
GGGATGTGAGGTTGAG-fresh_3T3_noPEG_200_4cycles,1850,1375
GGGCAATGAGTTGACT-fresh_3T3_noPEG_200_4cycles,1323,1016
GGGCTGACTGCGTATT-fresh_3T3_noPEG_200_4cycles,2543,1829
GGGCTGACTTTGCAGT-fresh_3T3_noPEG_200_4cycles,1385,1067
GGGTAGAACCTGGGTC-fresh_3T3_noPEG_200_4cycles,2039,1501
GGGTAGTGATGGCAAG-fresh_3T3_noPEG_200_4cycles,1128,942
GGGTATACTTTAGAAG-fresh_3T3_noPEG_200_4cycles,2064,1512
GGGTCGTACCTTCAAG-fresh_3T3_noPEG_200_4cycles,1329,1049
GGGTGTGCTCCGGACT-fresh_3T3_noPEG_200_4cycles,990,810
GGGTTGCTGAATCCAC-fresh_3T3_noPEG_200_4cycles,1956,1446
GGTAAGCGAGGTGTCC-fresh_3T3_noPEG_200_4cycles,1531,1143
GGTATGACTGGTGTCC-fresh_3T3_noPEG_200_4cycles,1723,1266
GGTCGCATGCGCACTG-fresh_3T3_noPEG_200_4cycles,2980,2048
GGTCTGGACGCCCTGA-fresh_3T3_noPEG_200_4cycles,1100,915
GGTGAGATGAACCAAA-fresh_3T3_noPEG_200_4cycles,2117,1564
GGTGGAAACGCAGTTT-fresh_3T3_noPEG_200_4cycles,1343,1096
GGTGGAAACTGATCAC-fresh_3T3_noPEG_200_4cycles,2481,1673
GGTTCATGATATGACC-fresh_3T3_noPEG_200_4cycles,1474,1106
GGTTCCTTGATTCTGG-fresh_3T3_noPEG_200_4cycles,1512,1182
GGTTCCTTGGGCAGTA-fresh_3T3_noPEG_200_4cycles,2053,1523
GGTTGAACTCTCGATA-fresh_3T3_noPEG_200_4cycles,1926,1425
GGTTGGAGAAGTAGGC-fresh_3T3_noPEG_200_4cycles,2406,1631
GGTTGTATGATGTGGG-fresh_3T3_noPEG_200_4cycles,1704,1279
GGTTTAGTGCCTAGCG-fresh_3T3_noPEG_200_4cycles,1125,950
GTAAACAGAGCCCTTT-fresh_3T3_noPEG_200_4cycles,2154,1533
GTAAAGCCTCGAGTTT-fresh_3T3_noPEG_200_4cycles,1300,1025
GTAAGAAACCTCTGGG-fresh_3T3_noPEG_200_4cycles,1374,1062
GTAATCGACGATCATC-fresh_3T3_noPEG_200_4cycles,2032,1490
GTAATCTCTACAGGCA-fresh_3T3_noPEG_200_4cycles,1987,1460
GTACTGCCTATCCGTA-fresh_3T3_noPEG_200_4cycles,1306,999
GTACTGCCTCCAAGTT-fresh_3T3_noPEG_200_4cycles,663,581
GTACTGCCTGTACGTT-fresh_3T3_noPEG_200_4cycles,827,719
GTAGATAGAACCCGGT-fresh_3T3_noPEG_200_4cycles,1868,1442
GTAGGCGCTACGAGCA-fresh_3T3_noPEG_200_4cycles,1612,1257
GTAGGTTTGATGAATG-fresh_3T3_noPEG_200_4cycles,1234,980
GTAGTGGGAGGACCTC-fresh_3T3_noPEG_200_4cycles,1963,1502
GTAGTTGACGCCACGT-fresh_3T3_noPEG_200_4cycles,1720,1271
GTATAGGCTTGAGGCA-fresh_3T3_noPEG_200_4cycles,1334,1048
GTATCACGAAAGGTGC-fresh_3T3_noPEG_200_4cycles,1804,1404
GTATCACGACCTAGTA-fresh_3T3_noPEG_200_4cycles,1948,1465
GTATGAAGAAACCCGC-fresh_3T3_noPEG_200_4cycles,1736,1306
GTATGAAGACACCTAA-fresh_3T3_noPEG_200_4cycles,1477,1140
GTCATATCTCGAGGAT-fresh_3T3_noPEG_200_4cycles,2683,1830
GTCCCAGGAAGTCTAC-fresh_3T3_noPEG_200_4cycles,1942,1409
GTCCCAGGATTGCGCG-fresh_3T3_noPEG_200_4cycles,1620,1239
GTCCGAGTGCGGAAGT-fresh_3T3_noPEG_200_4cycles,1748,1288
GTCCTACACGTACGTT-fresh_3T3_noPEG_200_4cycles,965,812
GTCGCATCTTCGTCAA-fresh_3T3_noPEG_200_4cycles,3239,2079
GTCGCATCTTTGTTTC-fresh_3T3_noPEG_200_4cycles,1751,1318
GTCTACAGAACCGTGC-fresh_3T3_noPEG_200_4cycles,841,720
GTCTGGCGAACCTAGT-fresh_3T3_noPEG_200_4cycles,1711,1265
GTGAAGGACCATGATC-fresh_3T3_noPEG_200_4cycles,1674,1267
GTGAAGGACTGGCTTA-fresh_3T3_noPEG_200_4cycles,2917,1993
GTGATAAGATAGCTTG-fresh_3T3_noPEG_200_4cycles,1400,1089
GTGCCATCTCTCATCC-fresh_3T3_noPEG_200_4cycles,518,455
GTGCTCACTTAATGCC-fresh_3T3_noPEG_200_4cycles,1221,986
GTGGTAACTGTCGGTC-fresh_3T3_noPEG_200_4cycles,2225,1609
GTGTAACTGGGAATGC-fresh_3T3_noPEG_200_4cycles,750,651
GTGTAACTGTGGAACG-fresh_3T3_noPEG_200_4cycles,1816,1408
GTGTAACTGTTAGCTG-fresh_3T3_noPEG_200_4cycles,1067,872
GTGTGATACAAATCGA-fresh_3T3_noPEG_200_4cycles,2223,1615
GTGTGATACTGGTGAG-fresh_3T3_noPEG_200_4cycles,1532,1186
GTGTTGTGAACGTAAA-fresh_3T3_noPEG_200_4cycles,1358,1080
GTGTTGTGACGTAGAG-fresh_3T3_noPEG_200_4cycles,3111,2040
GTTAAGAGACCATAAC-fresh_3T3_noPEG_200_4cycles,745,630
GTTAATCCTTATTGCG-fresh_3T3_noPEG_200_4cycles,1339,991
GTTACAGTGGTTGACT-fresh_3T3_noPEG_200_4cycles,1235,995
GTTACAGTGTAAGCAA-fresh_3T3_noPEG_200_4cycles,1607,1175
GTTAGTTCTAGCAATA-fresh_3T3_noPEG_200_4cycles,1488,1105
GTTAGTTCTGCACGCT-fresh_3T3_noPEG_200_4cycles,1378,1107
GTTAGTTCTTCTGGAT-fresh_3T3_noPEG_200_4cycles,1872,1369
GTTATGCGACTGGAAG-fresh_3T3_noPEG_200_4cycles,1405,1082
GTTATTGCTGCAGTTT-fresh_3T3_noPEG_200_4cycles,1793,1362
GTTCCCAACGGACTGA-fresh_3T3_noPEG_200_4cycles,1938,1494
GTTCCTGTGATCATGC-fresh_3T3_noPEG_200_4cycles,1975,1402
GTTCTCGACCCTCGTT-fresh_3T3_noPEG_200_4cycles,864,756
GTTCTGGCTATCAGGG-fresh_3T3_noPEG_200_4cycles,655,606
GTTCTGGCTTAACGAA-fresh_3T3_noPEG_200_4cycles,655,573
GTTGAGTTGAACGCAG-fresh_3T3_noPEG_200_4cycles,1593,1188
GTTGAGTTGCTTCAAG-fresh_3T3_noPEG_200_4cycles,2891,2057
GTTTCAGGAACGCGAA-fresh_3T3_noPEG_200_4cycles,806,703
GTTTCATTGCGAACAG-fresh_3T3_noPEG_200_4cycles,2033,1493
GTTTCATTGTTTCTTG-fresh_3T3_noPEG_200_4cycles,1093,908
GTTTCCCGATAGGCGA-fresh_3T3_noPEG_200_4cycles,1527,1165
TAACCAGACCCGGACT-fresh_3T3_noPEG_200_4cycles,1358,1053
TAACGAAGACGATGTT-fresh_3T3_noPEG_200_4cycles,1923,1405
TAACGTTCTCTTGTGA-fresh_3T3_noPEG_200_4cycles,977,828
TAACGTTCTTGCTACA-fresh_3T3_noPEG_200_4cycles,2127,1490
TAAGCCAACACCAGTT-fresh_3T3_noPEG_200_4cycles,1632,1184
TAAGCCAACCAGACCC-fresh_3T3_noPEG_200_4cycles,1881,1342
TAAGCTGTGCAACGCC-fresh_3T3_noPEG_200_4cycles,938,783
TAAGGCTTGTCCAGCG-fresh_3T3_noPEG_200_4cycles,1311,1035
TAAGTGCACCTTGTGA-fresh_3T3_noPEG_200_4cycles,1362,1093
TAATGAGGACGAGGAT-fresh_3T3_noPEG_200_4cycles,991,828
TAATGGGCTTTGTGAC-fresh_3T3_noPEG_200_4cycles,2062,1511
TAATTGCCTTGTGGGA-fresh_3T3_noPEG_200_4cycles,1541,1153
TACAACCGAAAGTTCC-fresh_3T3_noPEG_200_4cycles,2066,1514
TACAACCGAGGCCTGT-fresh_3T3_noPEG_200_4cycles,1126,935
TACAACGTGAGACAAT-fresh_3T3_noPEG_200_4cycles,807,676
TACACAGACCTCGATA-fresh_3T3_noPEG_200_4cycles,992,807
TACATTCACCAGTCTA-fresh_3T3_noPEG_200_4cycles,1457,1112
TACATTGCTCTCACGG-fresh_3T3_noPEG_200_4cycles,1429,1076
TACATTGCTGAAGTTA-fresh_3T3_noPEG_200_4cycles,1971,1384
TACCAGTGAAACTAGA-fresh_3T3_noPEG_200_4cycles,1567,1246
TACCCGTTGGCTTCGG-fresh_3T3_noPEG_200_4cycles,1159,915
TACCGCTTGAATCCAC-fresh_3T3_noPEG_200_4cycles,2366,1716
TACCTGCTGGTTAGTC-fresh_3T3_noPEG_200_4cycles,1154,971
TACGATGACCTCATCC-fresh_3T3_noPEG_200_4cycles,4062,2566
TACTAACCTCATGCTA-fresh_3T3_noPEG_200_4cycles,2947,2003
TAGAGAAACGACAAAT-fresh_3T3_noPEG_200_4cycles,1171,950
TAGCAGACTTGCAAGG-fresh_3T3_noPEG_200_4cycles,2022,1471
TAGGACTTGGAGAGGG-fresh_3T3_noPEG_200_4cycles,1840,1349
TAGGATAGAAATGCTC-fresh_3T3_noPEG_200_4cycles,3180,2108
TAGGATAGAGCTTACA-fresh_3T3_noPEG_200_4cycles,1581,1259
TAGGCCTCTGCCAGCT-fresh_3T3_noPEG_200_4cycles,1702,1306
TAGGCCTCTTATGACC-fresh_3T3_noPEG_200_4cycles,882,715
TAGTACCGAGCGCTGT-fresh_3T3_noPEG_200_4cycles,2070,1527
TAGTCCGCTCTCCTAC-fresh_3T3_noPEG_200_4cycles,2221,1602
TATCATGCTTCTTTGT-fresh_3T3_noPEG_200_4cycles,1989,1413
TATCGATCTCGACTAT-fresh_3T3_noPEG_200_4cycles,1866,1388
TATGCTTTGAGCCCTG-fresh_3T3_noPEG_200_4cycles,2235,1649
TATTCAGCTAGGACCA-fresh_3T3_noPEG_200_4cycles,1346,1027
TATTGCTTGACAGATA-fresh_3T3_noPEG_200_4cycles,1362,1050
TCAAACTCTATAGGTA-fresh_3T3_noPEG_200_4cycles,1958,1444
TCAAAGGCTCCTGTGG-fresh_3T3_noPEG_200_4cycles,1301,1036
TCAATGGACCAAGTAA-fresh_3T3_noPEG_200_4cycles,1377,1033
TCACACAGAAACGTGG-fresh_3T3_noPEG_200_4cycles,2043,1491
TCACACCTGAGGTGAC-fresh_3T3_noPEG_200_4cycles,1336,1033
TCACCTGACTAATCGC-fresh_3T3_noPEG_200_4cycles,1943,1429
TCACGGGACTAGCAGG-fresh_3T3_noPEG_200_4cycles,1257,1021
TCAGGAGGATAGGTTC-fresh_3T3_noPEG_200_4cycles,1838,1392
TCAGTCCACACCAGTT-fresh_3T3_noPEG_200_4cycles,2550,1820
TCAGTCCTGCATGATC-fresh_3T3_noPEG_200_4cycles,1311,1056
TCATTGGGACAAGTAA-fresh_3T3_noPEG_200_4cycles,1349,1047
TCCAAAGTGCCATAAC-fresh_3T3_noPEG_200_4cycles,1825,1409
TCCCACATGAGGACAC-fresh_3T3_noPEG_200_4cycles,1411,1070
TCCCACATGAGTCTGT-fresh_3T3_noPEG_200_4cycles,1152,948
TCCCTGTGAGTTTGGT-fresh_3T3_noPEG_200_4cycles,1462,1150
TCCGACACTTGACCTA-fresh_3T3_noPEG_200_4cycles,1245,997
TCCGAGCGAGCTCAGC-fresh_3T3_noPEG_200_4cycles,1367,1052
TCCGCCTCTCGTTAGT-fresh_3T3_noPEG_200_4cycles,1682,1306
TCCGGGAACTCAGGTT-fresh_3T3_noPEG_200_4cycles,1944,1399
TCCGTAAGAGTTTACG-fresh_3T3_noPEG_200_4cycles,1417,1078
TCCGTTGACCTTTAGG-fresh_3T3_noPEG_200_4cycles,1522,1199
TCCGTTGTGAGGACAC-fresh_3T3_noPEG_200_4cycles,2894,1955
TCCTACCGACTAACGT-fresh_3T3_noPEG_200_4cycles,2560,1807
TCCTCATCTGAACATA-fresh_3T3_noPEG_200_4cycles,1715,1320
TCCTTAATGCCTTCCA-fresh_3T3_noPEG_200_4cycles,1812,1316
TCGACACCTAGCAAGC-fresh_3T3_noPEG_200_4cycles,1658,1269
TCGACTAGAGCGCTGT-fresh_3T3_noPEG_200_4cycles,1088,877
TCGACTAGATGGGCAA-fresh_3T3_noPEG_200_4cycles,1739,1302
TCGATGATGCGTTCTC-fresh_3T3_noPEG_200_4cycles,1498,1142
TCGCCGAGAGCAGTTT-fresh_3T3_noPEG_200_4cycles,2849,2014
TCGGACTCTTGCACCG-fresh_3T3_noPEG_200_4cycles,1616,1214
TCGGACTCTTTGTACG-fresh_3T3_noPEG_200_4cycles,1298,1017
TCGGGTTCTCTCGATA-fresh_3T3_noPEG_200_4cycles,1887,1432
TCGGGTTCTTCCAGCG-fresh_3T3_noPEG_200_4cycles,2039,1528
TCGGTGCGAACACCTA-fresh_3T3_noPEG_200_4cycles,2087,1555
TCGTATACTCATCCTC-fresh_3T3_noPEG_200_4cycles,1483,1185
TCGTCCAACTGCTCAA-fresh_3T3_noPEG_200_4cycles,1442,1139
TCGTCTGACCAGCACC-fresh_3T3_noPEG_200_4cycles,3092,2126
TCGTTCGTGAAGGTGC-fresh_3T3_noPEG_200_4cycles,1551,1146
TCGTTGCTGGTTGTCA-fresh_3T3_noPEG_200_4cycles,1156,962
TCTACGCTGCGGAAGT-fresh_3T3_noPEG_200_4cycles,1953,1494
TCTAGACGAATCCGTA-fresh_3T3_noPEG_200_4cycles,1474,1106
TCTCAGAGACAACGCC-fresh_3T3_noPEG_200_4cycles,2018,1520
TCTCTCGGACCAACGC-fresh_3T3_noPEG_200_4cycles,1595,1260
TCTGGTCACCTTTGTT-fresh_3T3_noPEG_200_4cycles,1666,1280
TCTTATGACTACTTTC-fresh_3T3_noPEG_200_4cycles,2173,1544
TCTTTAGACCCGGCTA-fresh_3T3_noPEG_200_4cycles,1346,1066
TCTTTAGACTCTGTAG-fresh_3T3_noPEG_200_4cycles,897,771
TGAAAGAACTTCGGGC-fresh_3T3_noPEG_200_4cycles,1737,1296
TGACCCTACTGGCTGC-fresh_3T3_noPEG_200_4cycles,734,641
TGAGATAGAAGGGCTA-fresh_3T3_noPEG_200_4cycles,1196,985
TGAGGGATGAGCCATT-fresh_3T3_noPEG_200_4cycles,2178,1610
TGAGGTACTCCTAGGC-fresh_3T3_noPEG_200_4cycles,2279,1660
TGATAGAGATTTGGGT-fresh_3T3_noPEG_200_4cycles,1785,1350
TGATATCCTGGACCAA-fresh_3T3_noPEG_200_4cycles,1346,1041
TGCAATGTGCCAACGC-fresh_3T3_noPEG_200_4cycles,1273,1019
TGCAATGTGGGCAGTA-fresh_3T3_noPEG_200_4cycles,2185,1541
TGCACGGACCACCTAA-fresh_3T3_noPEG_200_4cycles,2382,1624
TGCAGATACCAGGGAT-fresh_3T3_noPEG_200_4cycles,1751,1388
TGCAGATACTGATCAC-fresh_3T3_noPEG_200_4cycles,1472,1134
TGCAGTATGTAACCCA-fresh_3T3_noPEG_200_4cycles,1407,1070
TGCATGCCTGCTGTTA-fresh_3T3_noPEG_200_4cycles,2356,1598
TGCCGGAACGTTTACG-fresh_3T3_noPEG_200_4cycles,1705,1242
TGCCTACTGCCTATCC-fresh_3T3_noPEG_200_4cycles,2076,1522
TGCGTCTACAGTAGGC-fresh_3T3_noPEG_200_4cycles,1183,948
TGCTAAGACCCAGCAC-fresh_3T3_noPEG_200_4cycles,1767,1328
TGCTACGCTTGTGCTA-fresh_3T3_noPEG_200_4cycles,2509,1811
TGCTCGACTTCGTAAC-fresh_3T3_noPEG_200_4cycles,1495,1150
TGCTGAAACACCGTGC-fresh_3T3_noPEG_200_4cycles,1818,1359
TGCTGCTACCAGCACC-fresh_3T3_noPEG_200_4cycles,1911,1413
TGCTTGCACGAATTGA-fresh_3T3_noPEG_200_4cycles,1444,1138
TGGAACACTGGAATAT-fresh_3T3_noPEG_200_4cycles,1965,1395
TGGAATGCTAAGTAAC-fresh_3T3_noPEG_200_4cycles,1868,1363
TGGACCTCTTCTGCAA-fresh_3T3_noPEG_200_4cycles,1608,1268
TGGACGCACACGCGAA-fresh_3T3_noPEG_200_4cycles,1157,960
TGGACTATGACTCGAT-fresh_3T3_noPEG_200_4cycles,1355,1054
TGGACTATGTTCAGTG-fresh_3T3_noPEG_200_4cycles,1539,1096
TGGATAGCTCAGGGTA-fresh_3T3_noPEG_200_4cycles,2774,1910
TGGATTGACGGTTTGT-fresh_3T3_noPEG_200_4cycles,2409,1742
TGGCAATTGAACGTGG-fresh_3T3_noPEG_200_4cycles,2092,1472
TGGCCGATGCGCCACA-fresh_3T3_noPEG_200_4cycles,1866,1377
TGGCGTTCTCAATGAA-fresh_3T3_noPEG_200_4cycles,2353,1680
TGGGAGTGAGAATCTC-fresh_3T3_noPEG_200_4cycles,1708,1282
TGGGCCATGGCTCTTC-fresh_3T3_noPEG_200_4cycles,1213,999
TGGGCGTACAACGTGG-fresh_3T3_noPEG_200_4cycles,1882,1363
TGTACTGGACCAGCAC-fresh_3T3_noPEG_200_4cycles,1353,1053
TGTACTGGACCGTTAA-fresh_3T3_noPEG_200_4cycles,1534,1213
TGTACTGGACTCATTT-fresh_3T3_noPEG_200_4cycles,1229,969
TGTCAATCTCGAGTTT-fresh_3T3_noPEG_200_4cycles,1376,1047
TGTCCGTTGTACACTG-fresh_3T3_noPEG_200_4cycles,1751,1296
TGTCGCTTGTCATTGG-fresh_3T3_noPEG_200_4cycles,1579,1224
TGTGACTGAGCTCTTC-fresh_3T3_noPEG_200_4cycles,1506,1113
TGTGTTACTACTAGGG-fresh_3T3_noPEG_200_4cycles,1312,1015
TGTTACTTGAACGTAA-fresh_3T3_noPEG_200_4cycles,1447,1158
TGTTACTTGCCGCAGT-fresh_3T3_noPEG_200_4cycles,2726,1960
TGTTATCACAACGTTC-fresh_3T3_noPEG_200_4cycles,1823,1390
TGTTATCACTTCTGGA-fresh_3T3_noPEG_200_4cycles,1234,967
TGTTGACGAGACGCCT-fresh_3T3_noPEG_200_4cycles,1555,1185
TGTTTGTTGGAATTGA-fresh_3T3_noPEG_200_4cycles,1722,1345
TTACCATTGATCCGTA-fresh_3T3_noPEG_200_4cycles,1733,1310
TTACGTTACAGCGCTC-fresh_3T3_noPEG_200_4cycles,1331,1067
TTAGACCGACAGCACC-fresh_3T3_noPEG_200_4cycles,2110,1539
TTAGCGATGAAGTTAG-fresh_3T3_noPEG_200_4cycles,2741,1871
TTAGCGATGGAATAGT-fresh_3T3_noPEG_200_4cycles,1737,1337
TTCACGAGAAGTCGGA-fresh_3T3_noPEG_200_4cycles,1417,1073
TTCAGTTACAGCCCTG-fresh_3T3_noPEG_200_4cycles,1222,992
TTCCCAGACACAACAA-fresh_3T3_noPEG_200_4cycles,1126,939
TTCCCTGGAAGGACAC-fresh_3T3_noPEG_200_4cycles,1307,987
TTCCGGACTTTCGTTT-fresh_3T3_noPEG_200_4cycles,1812,1388
TTCCTAAACATAACCC-fresh_3T3_noPEG_200_4cycles,2094,1555
TTCCTAAACTAGGTTC-fresh_3T3_noPEG_200_4cycles,1544,1250
TTCCTCGGAACGCCAC-fresh_3T3_noPEG_200_4cycles,1404,1066
TTCCTCGGACTCATTT-fresh_3T3_noPEG_200_4cycles,1395,1097
TTCCTCGGATGAAAGT-fresh_3T3_noPEG_200_4cycles,3221,2163
TTCGACCACTACCAAC-fresh_3T3_noPEG_200_4cycles,1450,1122
TTCGACCACTAGGTTC-fresh_3T3_noPEG_200_4cycles,2777,1917
TTCGATGGACAGGTGA-fresh_3T3_noPEG_200_4cycles,836,699
TTCGCCAACGACCGAA-fresh_3T3_noPEG_200_4cycles,2240,1648
TTCGTCCGATACAGCT-fresh_3T3_noPEG_200_4cycles,2812,1962
TTCGTCCGATCCAGCG-fresh_3T3_noPEG_200_4cycles,1669,1281
TTCTAACACTTTCTTG-fresh_3T3_noPEG_200_4cycles,1975,1433
TTCTACATGCGATGGA-fresh_3T3_noPEG_200_4cycles,2003,1536
TTGCATTACTAGACAA-fresh_3T3_noPEG_200_4cycles,1363,1044
TTGCGATGAGATTAAG-fresh_3T3_noPEG_200_4cycles,1431,1073
TTGCGGTCTCTCACTC-fresh_3T3_noPEG_200_4cycles,5126,3029
TTGCGTCACGCGAGTA-fresh_3T3_noPEG_200_4cycles,2122,1563
TTGCTAACTAATCGCT-fresh_3T3_noPEG_200_4cycles,1474,1111
TTGGAGACTTTGCAGT-fresh_3T3_noPEG_200_4cycles,1817,1374
TTGGCAAACCCACAAT-fresh_3T3_noPEG_200_4cycles,1312,1074
TTGGGAGGAGCTGAGA-fresh_3T3_noPEG_200_4cycles,1562,1194
TTGTAACCTGTTAGGG-fresh_3T3_noPEG_200_4cycles,1265,996
TTGTATCTGTTGCGTA-fresh_3T3_noPEG_200_4cycles,3685,2382
TTGTCAACTCTGGAAG-fresh_3T3_noPEG_200_4cycles,1622,1256
TTGTGCCTGCGTTATG-fresh_3T3_noPEG_200_4cycles,1788,1303
TTGTGCGCTCGAATCT-fresh_3T3_noPEG_200_4cycles,1989,1530
TTGTTAGCTTTGGGAG-fresh_3T3_noPEG_200_4cycles,2292,1634
TTGTTTGACCCTCAAA-fresh_3T3_noPEG_200_4cycles,1695,1294
TTGTTTGACCGCAACC-fresh_3T3_noPEG_200_4cycles,1524,1172
TTGTTTGACTAAAGCA-fresh_3T3_noPEG_200_4cycles,1831,1362
TTGTTTGTGGCGCTGT-fresh_3T3_noPEG_200_4cycles,2265,1597
TTTAAGCCTATTCTGG-fresh_3T3_noPEG_200_4cycles,2162,1620
TTTGCGGCTCTTGTGA-fresh_3T3_noPEG_200_4cycles,2654,1835
TTTGGGAACTAGGAGC-fresh_3T3_noPEG_200_4cycles,1807,1342
TTTGGGATGACCGTTA-fresh_3T3_noPEG_200_4cycles,1477,1080
AAACGAAACATTGCCA-frozen_3T3_PEG_100_4cycles,2032,1332
AAACGAAACGGACAGT-frozen_3T3_PEG_100_4cycles,2020,1422
AAACGCTACCCGGCTA-frozen_3T3_PEG_100_4cycles,2899,1836
AAAGCGGACTGATGAA-frozen_3T3_PEG_100_4cycles,1767,1260
AAAGGGAGAGAATTGA-frozen_3T3_PEG_100_4cycles,2746,1710
AAAGTCAGAGGGACTA-frozen_3T3_PEG_100_4cycles,1792,1307
AAATGCCTGCGATTCA-frozen_3T3_PEG_100_4cycles,2364,1495
AAATGCGCTAGTTGAA-frozen_3T3_PEG_100_4cycles,3766,2173
AACACACACTGTGGGA-frozen_3T3_PEG_100_4cycles,2294,1579
AACAGCTACGATCATC-frozen_3T3_PEG_100_4cycles,658,524
AACCACTGAGTTAGGG-frozen_3T3_PEG_100_4cycles,10189,4232
AACCGCTCTCACCTAA-frozen_3T3_PEG_100_4cycles,4245,2403
AACGAGGTGTCGCTAA-frozen_3T3_PEG_100_4cycles,671,560
AACGTCCCTCGACAAG-frozen_3T3_PEG_100_4cycles,2569,1525
AACTACGACAGGACAC-frozen_3T3_PEG_100_4cycles,2644,1718
AACTAGCACATCCTAG-frozen_3T3_PEG_100_4cycles,1605,1119
AACTCCCTGAGACAAT-frozen_3T3_PEG_100_4cycles,1695,1251
AACTGTGACTGAGGCA-frozen_3T3_PEG_100_4cycles,5562,2842
AAGCATCACCAGTCCG-frozen_3T3_PEG_100_4cycles,799,657
AAGCCATTGGCAGGAT-frozen_3T3_PEG_100_4cycles,1307,1008
AAGGATCCTCTGGAAG-frozen_3T3_PEG_100_4cycles,6229,3083
AAGGATCCTTGGAACG-frozen_3T3_PEG_100_4cycles,585,500
AAGGCGATGTCAGGTT-frozen_3T3_PEG_100_4cycles,1214,866
AAGGCTTACACGCCAC-frozen_3T3_PEG_100_4cycles,1243,911
AAGGCTTACCGAATCT-frozen_3T3_PEG_100_4cycles,6689,3225
AAGGCTTACTCCCAGG-frozen_3T3_PEG_100_4cycles,1739,1122
AAGTCTTCTTCATGCA-frozen_3T3_PEG_100_4cycles,4088,2306
AAGTGGCGAGGAATAT-frozen_3T3_PEG_100_4cycles,2082,1422
AAGTTTCCTTGCTGGC-frozen_3T3_PEG_100_4cycles,1906,1354
AATAAGGACTACAGCT-frozen_3T3_PEG_100_4cycles,2906,1770
AATAAGGACTCGCAGC-frozen_3T3_PEG_100_4cycles,3559,1972
AATAGGAACACACCTA-frozen_3T3_PEG_100_4cycles,2472,1620
AATCCAGACATCCTTT-frozen_3T3_PEG_100_4cycles,1780,1238
AATCCAGACTCGTACA-frozen_3T3_PEG_100_4cycles,2428,1532
AATCGGACTACCGTGC-frozen_3T3_PEG_100_4cycles,6129,3192
AATCGGACTAGGTGCA-frozen_3T3_PEG_100_4cycles,996,805
AATCGGACTATCATGC-frozen_3T3_PEG_100_4cycles,4144,2368
AATCTCTTGCCTCCTA-frozen_3T3_PEG_100_4cycles,975,679
AATGGGTCTTAATGCC-frozen_3T3_PEG_100_4cycles,2966,1714
AATGGTGCTTCCAGCG-frozen_3T3_PEG_100_4cycles,1402,1031
AATTACCCTATACGCT-frozen_3T3_PEG_100_4cycles,1649,1201
AATTACCCTCGTAACT-frozen_3T3_PEG_100_4cycles,5350,2781
AATTCGGTGACACCGC-frozen_3T3_PEG_100_4cycles,2663,1699
AATTGCCGAGGCCATC-frozen_3T3_PEG_100_4cycles,1922,1289
ACAAGACCTCTCGATA-frozen_3T3_PEG_100_4cycles,4125,2259
ACACGTTGATTTCCGC-frozen_3T3_PEG_100_4cycles,1504,1135
ACACTCCACTCATGCA-frozen_3T3_PEG_100_4cycles,682,559
ACAGACTACGAGCCTC-frozen_3T3_PEG_100_4cycles,2278,1339
ACAGCGGCTAAAGGTT-frozen_3T3_PEG_100_4cycles,1118,822
ACATGTGTGTAATAGG-frozen_3T3_PEG_100_4cycles,5259,2700
ACCAAGTTGTTCGTTT-frozen_3T3_PEG_100_4cycles,3381,2047
ACCCGAGACGGTTGAG-frozen_3T3_PEG_100_4cycles,2343,1493
ACCGGAGCTGTTAGAA-frozen_3T3_PEG_100_4cycles,1697,1242
ACCTACCTGCAATGAA-frozen_3T3_PEG_100_4cycles,1833,1139
ACCTACCTGTAATCGC-frozen_3T3_PEG_100_4cycles,5008,2723
ACCTAGTGACTCATCC-frozen_3T3_PEG_100_4cycles,2301,1529
ACCTAGTGAGAGCTGA-frozen_3T3_PEG_100_4cycles,4275,2403
ACCTATGGACATCTTT-frozen_3T3_PEG_100_4cycles,7095,3080
ACCTCAGCTTTTCCGC-frozen_3T3_PEG_100_4cycles,1386,1026
ACCTCGTTGAAATGCA-frozen_3T3_PEG_100_4cycles,2150,1495
ACCTCGTTGTAACCCA-frozen_3T3_PEG_100_4cycles,748,634
ACCTGCTACCGAGGAT-frozen_3T3_PEG_100_4cycles,4872,2602
ACCTGCTACTCTGGAT-frozen_3T3_PEG_100_4cycles,5045,2506
ACGAACTTGCCGTGAC-frozen_3T3_PEG_100_4cycles,3508,2068
ACGAGGCCTTCTATCT-frozen_3T3_PEG_100_4cycles,1726,1266
ACGCAGAGATTGACAC-frozen_3T3_PEG_100_4cycles,2167,1465
ACGGAACGACTGTGCG-frozen_3T3_PEG_100_4cycles,1984,1331
ACGGAACGAGGTGTCC-frozen_3T3_PEG_100_4cycles,2028,1371
ACGGTTAACGCACTTA-frozen_3T3_PEG_100_4cycles,1744,1251
ACGGTTAACTTGCAGT-frozen_3T3_PEG_100_4cycles,2341,1546
ACGGTTCCTAATGCTC-frozen_3T3_PEG_100_4cycles,2432,1616
ACGGTTCCTGTTAGAA-frozen_3T3_PEG_100_4cycles,6894,3395
ACGGTTCCTTAACGAA-frozen_3T3_PEG_100_4cycles,1082,844
ACGTAGGGACGATTGT-frozen_3T3_PEG_100_4cycles,4439,2499
ACGTAGGGAGAATCTC-frozen_3T3_PEG_100_4cycles,1787,1169
ACGTCCACTTGCGCCA-frozen_3T3_PEG_100_4cycles,3478,2093
ACGTGTTGAAAGGTGC-frozen_3T3_PEG_100_4cycles,874,683
ACGTGTTGACAGATTC-frozen_3T3_PEG_100_4cycles,2234,1430
ACTAACCGACAGCTGC-frozen_3T3_PEG_100_4cycles,2231,1455
ACTAACGTGCGTTAGT-frozen_3T3_PEG_100_4cycles,3616,2183
ACTACGCCTGAAATCA-frozen_3T3_PEG_100_4cycles,1280,957
ACTAGTGTGTACGATC-frozen_3T3_PEG_100_4cycles,843,690
ACTCAGAACTGCATCA-frozen_3T3_PEG_100_4cycles,8710,3728
ACTCCAGCTCATACTG-frozen_3T3_PEG_100_4cycles,895,725
ACTCCGTACACACCTA-frozen_3T3_PEG_100_4cycles,2853,1743
ACTCGCTACCTTAAGC-frozen_3T3_PEG_100_4cycles,1083,810
ACTCGGGACAGGTAAT-frozen_3T3_PEG_100_4cycles,1737,1220
ACTCTAGGACTTCAAG-frozen_3T3_PEG_100_4cycles,2132,1469
ACTGATTCTGATTAAG-frozen_3T3_PEG_100_4cycles,4423,2522
ACTGGAGGAAGTCTGT-frozen_3T3_PEG_100_4cycles,7309,3399
ACTGGGCACCATGCGC-frozen_3T3_PEG_100_4cycles,3063,1925
ACTTATCACGTGGTGA-frozen_3T3_PEG_100_4cycles,2874,1702
ACTTGAGTGACAGGTG-frozen_3T3_PEG_100_4cycles,2156,1488
ACTTGCCTGTACGTTG-frozen_3T3_PEG_100_4cycles,3309,1957
ACTTGCCTGTAGGTTC-frozen_3T3_PEG_100_4cycles,4730,2533
AGAACAATGTCGTAAC-frozen_3T3_PEG_100_4cycles,3599,1989
AGAACGCGATGAGGCA-frozen_3T3_PEG_100_4cycles,5201,2820
AGACCATTGGGTTGAG-frozen_3T3_PEG_100_4cycles,2026,1457
AGACGCAGAACCTGCG-frozen_3T3_PEG_100_4cycles,1484,1166
AGAGCAGTGCAGGGAT-frozen_3T3_PEG_100_4cycles,5164,2736
AGAGTACCTGTTGGTT-frozen_3T3_PEG_100_4cycles,2930,1868
AGATATGGAATTCTGG-frozen_3T3_PEG_100_4cycles,3263,2096
AGATATGGAGACAAAT-frozen_3T3_PEG_100_4cycles,1146,818
AGATGTAGATAACGGG-frozen_3T3_PEG_100_4cycles,3262,2121
AGCCAATTGCGTTATG-frozen_3T3_PEG_100_4cycles,4465,2361
AGCCAGCACTTCCATT-frozen_3T3_PEG_100_4cycles,4246,2325
AGCCCAGTGCCAGGCT-frozen_3T3_PEG_100_4cycles,3693,2128
AGCCGAGCTTTGTACG-frozen_3T3_PEG_100_4cycles,1625,1159
AGCCGGTACGTACTAC-frozen_3T3_PEG_100_4cycles,917,751
AGCCTACCTTAAAGCA-frozen_3T3_PEG_100_4cycles,6807,3381
AGCGCCTGAGCTACGC-frozen_3T3_PEG_100_4cycles,2760,1873
AGCGTATACATGTGGG-frozen_3T3_PEG_100_4cycles,3006,1880
AGCGTATACGGTTGAG-frozen_3T3_PEG_100_4cycles,6576,3133
AGCTATCGAGAATAAC-frozen_3T3_PEG_100_4cycles,3006,1835
AGCTCGGACTGACTCA-frozen_3T3_PEG_100_4cycles,1363,977
AGCTCTGCTTGGGCCT-frozen_3T3_PEG_100_4cycles,4632,2519
AGCTGATACGCCAGCT-frozen_3T3_PEG_100_4cycles,2948,1913
AGCTGCTCTCAATAGA-frozen_3T3_PEG_100_4cycles,765,654
AGCTGCTCTTTAGAAG-frozen_3T3_PEG_100_4cycles,2184,1522
AGCTTGCCTCGGTACC-frozen_3T3_PEG_100_4cycles,4129,2232
AGCTTGTGAAGAGGCT-frozen_3T3_PEG_100_4cycles,1186,902
AGCTTGTGATAACGGG-frozen_3T3_PEG_100_4cycles,5397,2717
AGGAAGCACGAAGGCT-frozen_3T3_PEG_100_4cycles,2829,1773
AGGAGGTTGTAGGAGC-frozen_3T3_PEG_100_4cycles,12195,4956
AGGCCAAGAGGGTTCC-frozen_3T3_PEG_100_4cycles,4629,2519
AGGCCAAGATGAGGCA-frozen_3T3_PEG_100_4cycles,4160,2513
AGGCGATGACTGGAAG-frozen_3T3_PEG_100_4cycles,2941,1759
AGGGACATGCCTAACA-frozen_3T3_PEG_100_4cycles,1379,1023
AGGGAGTTGCACTCAA-frozen_3T3_PEG_100_4cycles,1019,808
AGGTAGCGAAACTAGA-frozen_3T3_PEG_100_4cycles,3692,2215
AGGTAGCGACCGTGAC-frozen_3T3_PEG_100_4cycles,2610,1725
AGGTAGGTGAATCGAA-frozen_3T3_PEG_100_4cycles,2993,1700
AGGTAGGTGCCTAGGC-frozen_3T3_PEG_100_4cycles,5166,2705
AGGTAGGTGTGCGGCT-frozen_3T3_PEG_100_4cycles,4842,2595
AGGTATGCTTCGTAGT-frozen_3T3_PEG_100_4cycles,2844,1858
AGGTCAGGAGCTGTTA-frozen_3T3_PEG_100_4cycles,3483,2114
AGGTGTGGACTTAGTG-frozen_3T3_PEG_100_4cycles,5403,2705
AGTCCCACTAATGCTC-frozen_3T3_PEG_100_4cycles,1950,1238
AGTCCCACTGAAGTTA-frozen_3T3_PEG_100_4cycles,1652,1210
AGTGAAATGCCCGCAA-frozen_3T3_PEG_100_4cycles,1985,1336
AGTGAAATGGGAATAT-frozen_3T3_PEG_100_4cycles,4014,2330
AGTGCATTGTCTTTGT-frozen_3T3_PEG_100_4cycles,7478,3442
AGTTCACGACGAATCT-frozen_3T3_PEG_100_4cycles,1590,1158
AGTTTCACTAGCAAGC-frozen_3T3_PEG_100_4cycles,1793,1301
AGTTTCTTGTATCTGG-frozen_3T3_PEG_100_4cycles,2903,1866
ATAACCGTGGTGGTGA-frozen_3T3_PEG_100_4cycles,1973,1386
ATAACCGTGTCTGTGA-frozen_3T3_PEG_100_4cycles,5394,2810
ATAACCGTGTTGGTTG-frozen_3T3_PEG_100_4cycles,868,729
ATAAGACGATCTGTAG-frozen_3T3_PEG_100_4cycles,916,718
ATAAGACGATTAGAAG-frozen_3T3_PEG_100_4cycles,3073,1967
ATACATCCTTTTCGCC-frozen_3T3_PEG_100_4cycles,4312,2350
ATAGCCAACGAATTGA-frozen_3T3_PEG_100_4cycles,6280,3165
ATAGGAAACTGACTCA-frozen_3T3_PEG_100_4cycles,6487,3092
ATAGGCGGAATACGCT-frozen_3T3_PEG_100_4cycles,1997,1440
ATAGGGTCTAATCCGT-frozen_3T3_PEG_100_4cycles,3880,2303
ATATTCGCTGAACAGC-frozen_3T3_PEG_100_4cycles,3527,1836
ATCAAAGGACTCATTT-frozen_3T3_PEG_100_4cycles,2392,1560
ATCCAGCCTCAGGCCT-frozen_3T3_PEG_100_4cycles,1487,1067
ATCCCGACTGAACATA-frozen_3T3_PEG_100_4cycles,820,662
ATCGGGCACACTCGAT-frozen_3T3_PEG_100_4cycles,1999,1441
ATCGTCCACTCCCGTT-frozen_3T3_PEG_100_4cycles,7085,3427
ATCGTTTACAAGTAAC-frozen_3T3_PEG_100_4cycles,911,734
ATCTCTAACGGCCTTG-frozen_3T3_PEG_100_4cycles,1242,895
ATGACAAGATTTCTGT-frozen_3T3_PEG_100_4cycles,3386,2111
ATGCAAAGACACCTAA-frozen_3T3_PEG_100_4cycles,1502,1080
ATGCCCGGATAACTCG-frozen_3T3_PEG_100_4cycles,772,604
ATGGGACGAACGTAAA-frozen_3T3_PEG_100_4cycles,3162,1978
ATGTCCAGAATGGCCC-frozen_3T3_PEG_100_4cycles,2805,1725
ATGTGTGTGCTTCACC-frozen_3T3_PEG_100_4cycles,6826,3202
ATGTTTCACACCGTGC-frozen_3T3_PEG_100_4cycles,1821,1292
ATGTTTCACCAACGCC-frozen_3T3_PEG_100_4cycles,1120,817
ATGTTTCACCGGCTCA-frozen_3T3_PEG_100_4cycles,1393,1020
ATTACCTACCCGTTAA-frozen_3T3_PEG_100_4cycles,2897,1820
ATTAGCGTGTTATGGC-frozen_3T3_PEG_100_4cycles,5257,2914
ATTCAGGTGTCCTACC-frozen_3T3_PEG_100_4cycles,1135,872
ATTCCAGGACAAGTAA-frozen_3T3_PEG_100_4cycles,1672,1204
ATTCCAGGAGCGGTAA-frozen_3T3_PEG_100_4cycles,2944,1779
ATTTCAGCTTGGCTTA-frozen_3T3_PEG_100_4cycles,653,556
ATTTCGACTCGATTAC-frozen_3T3_PEG_100_4cycles,4190,2404
ATTTCGACTGCACTTA-frozen_3T3_PEG_100_4cycles,2260,1484
ATTTCTGACATTAAGG-frozen_3T3_PEG_100_4cycles,3890,2290
ATTTCTGACCAGTCTA-frozen_3T3_PEG_100_4cycles,1536,1111
CAAAGACCTTTTCTGT-frozen_3T3_PEG_100_4cycles,1433,1006
CAACAACACGGAATGC-frozen_3T3_PEG_100_4cycles,3048,1917
CAACAACACGTCCCAG-frozen_3T3_PEG_100_4cycles,1593,1190
CAACACCCTTTCGCAA-frozen_3T3_PEG_100_4cycles,5103,2935
CAACCCTACACGCCAC-frozen_3T3_PEG_100_4cycles,2759,1951
CAACCCTACCGTACAT-frozen_3T3_PEG_100_4cycles,2505,1579
CAACCCTACGTCAATC-frozen_3T3_PEG_100_4cycles,3040,1652
CAACCCTACTTGCGTA-frozen_3T3_PEG_100_4cycles,999,817
CAACTGAACGGCCATC-frozen_3T3_PEG_100_4cycles,5890,3093
CAAGAGTCTATGGCCC-frozen_3T3_PEG_100_4cycles,5383,2709
CAAGATAGAATCAGCT-frozen_3T3_PEG_100_4cycles,2425,1679
CAAGATAGACCACTTC-frozen_3T3_PEG_100_4cycles,2302,1578
CAAGATAGACGGCTCA-frozen_3T3_PEG_100_4cycles,3787,2161
CAAGATAGATCCCAGG-frozen_3T3_PEG_100_4cycles,4121,2208
CAAGATAGATGAAAGT-frozen_3T3_PEG_100_4cycles,1653,1227
CAAGGGATGTCCCGTT-frozen_3T3_PEG_100_4cycles,2396,1709
CAATAGAGACGGTTTA-frozen_3T3_PEG_100_4cycles,4754,2681
CAATAGAGATGATGAA-frozen_3T3_PEG_100_4cycles,4892,2567
CAATCAGTGTAGCTTG-frozen_3T3_PEG_100_4cycles,2824,1809
CAATCGTGAAACCAAA-frozen_3T3_PEG_100_4cycles,1441,1060
CAATGCCCTCTGAGAG-frozen_3T3_PEG_100_4cycles,1367,1052
CACACCACTTGCTGTA-frozen_3T3_PEG_100_4cycles,2184,1491
CACAGCGTGCGATTGT-frozen_3T3_PEG_100_4cycles,1360,1014
CACATATCTTAATGCC-frozen_3T3_PEG_100_4cycles,2992,1870
CACCCATACCGATTAC-frozen_3T3_PEG_100_4cycles,5001,2761
CACGATTGACTTCAAG-frozen_3T3_PEG_100_4cycles,1084,812
CACGGAAGACGAATCT-frozen_3T3_PEG_100_4cycles,3695,2205
CACTATTTGGTTAGGG-frozen_3T3_PEG_100_4cycles,3334,2009
CACTCTTCTGAACATA-frozen_3T3_PEG_100_4cycles,7212,3223
CAGATGACTGAAACAT-frozen_3T3_PEG_100_4cycles,2686,1656
CAGCCGATGGACTCGC-frozen_3T3_PEG_100_4cycles,4657,2597
CAGCTCACTGGATGGT-frozen_3T3_PEG_100_4cycles,2161,1420
CAGGACCTGCCTGTGG-frozen_3T3_PEG_100_4cycles,620,519
CAGGCCATGCGTGCAC-frozen_3T3_PEG_100_4cycles,3426,2136
CAGGCCATGTGAACAA-frozen_3T3_PEG_100_4cycles,1613,1230
CAGGGCACTAGGCGTA-frozen_3T3_PEG_100_4cycles,2016,1336
CAGTATTCTCCACTTC-frozen_3T3_PEG_100_4cycles,3884,2232
CAGTATTCTCGAGGAT-frozen_3T3_PEG_100_4cycles,4995,2671
CAGTCCGGATAATAGG-frozen_3T3_PEG_100_4cycles,4272,2343
CAGTCGTCTACCTAGT-frozen_3T3_PEG_100_4cycles,1881,1343
CAGTCGTCTCTTCAAG-frozen_3T3_PEG_100_4cycles,5142,2706
CAGTGGAGACGTAGAG-frozen_3T3_PEG_100_4cycles,3388,2192
CAGTGTAACACCCGGT-frozen_3T3_PEG_100_4cycles,1145,919
CAGTGTAACTTACGCA-frozen_3T3_PEG_100_4cycles,5322,2657
CATAGCATGAGGTGCA-frozen_3T3_PEG_100_4cycles,1066,828
CATAGCATGGCTTTGA-frozen_3T3_PEG_100_4cycles,2317,1621
CATAGCATGTGGCTTA-frozen_3T3_PEG_100_4cycles,823,646
CATAGTCGACATGATC-frozen_3T3_PEG_100_4cycles,1058,836
CATCAGAACGCCCTGA-frozen_3T3_PEG_100_4cycles,4833,2707
CATCCGTACCTTTGTT-frozen_3T3_PEG_100_4cycles,3569,2171
CATCGCGGAAATACAG-frozen_3T3_PEG_100_4cycles,2913,1788
CATCGCGGAATCCGTA-frozen_3T3_PEG_100_4cycles,6073,2997
CATCGCGGACCATGTA-frozen_3T3_PEG_100_4cycles,2971,1980
CATCTGAGAGTCTTGA-frozen_3T3_PEG_100_4cycles,2523,1704
CATGGAGGAAGTACGG-frozen_3T3_PEG_100_4cycles,5636,2747
CATGGATTGCTGGGTC-frozen_3T3_PEG_100_4cycles,2444,1583
CATGTTACTCACAGTT-frozen_3T3_PEG_100_4cycles,6016,2992
CATTACACTAAGACAT-frozen_3T3_PEG_100_4cycles,3435,2080
CATTACACTCGACACC-frozen_3T3_PEG_100_4cycles,6152,3011
CATTACACTTCTGTGA-frozen_3T3_PEG_100_4cycles,941,743
CATTCAACTACCAAGG-frozen_3T3_PEG_100_4cycles,2084,1539
CATTCCCGATCCGTAA-frozen_3T3_PEG_100_4cycles,4580,2687
CATTCCTCTCATGCGC-frozen_3T3_PEG_100_4cycles,993,775
CATTGGAACAGTGGTG-frozen_3T3_PEG_100_4cycles,6247,3014
CCAACACCTTTGCAGT-frozen_3T3_PEG_100_4cycles,4084,2303
CCAACGGTGGACCGAA-frozen_3T3_PEG_100_4cycles,4027,2232
CCAACTCACACCTAGT-frozen_3T3_PEG_100_4cycles,5490,2862
CCAAGTTGAACTAGTC-frozen_3T3_PEG_100_4cycles,6042,2943
CCACAGGTGCGGCACT-frozen_3T3_PEG_100_4cycles,4645,2527
CCACATCACAATGCGG-frozen_3T3_PEG_100_4cycles,6603,3110
CCACGAGTGCGCAACC-frozen_3T3_PEG_100_4cycles,3153,1930
CCAGAATACTGTCACA-frozen_3T3_PEG_100_4cycles,7590,3467
CCAGGACTGTCTATCT-frozen_3T3_PEG_100_4cycles,6331,2861
CCAGGCAACGAGTGAC-frozen_3T3_PEG_100_4cycles,6984,3270
CCATAAGTGAGCTGAG-frozen_3T3_PEG_100_4cycles,4855,2680
CCATCCATGTAATAGG-frozen_3T3_PEG_100_4cycles,1533,1069
CCATCTGTGGTTAGAA-frozen_3T3_PEG_100_4cycles,10103,4341
CCCACAGGAGGAATGC-frozen_3T3_PEG_100_4cycles,4300,2333
CCCAGGATGCCAAGTT-frozen_3T3_PEG_100_4cycles,10014,4436
CCCATGTACCGGCACT-frozen_3T3_PEG_100_4cycles,3648,2151
CCCATTTCTAGTCTAC-frozen_3T3_PEG_100_4cycles,1768,1316
CCCATTTCTCCTAGGC-frozen_3T3_PEG_100_4cycles,5088,2720
CCCATTTCTGGACAGT-frozen_3T3_PEG_100_4cycles,2078,1366
CCCTATCGAATCAGGG-frozen_3T3_PEG_100_4cycles,3320,1998
CCCTATCGACATACTG-frozen_3T3_PEG_100_4cycles,1263,968
CCCTTGCCTGAACCTT-frozen_3T3_PEG_100_4cycles,4294,2461
CCCTTGCCTTTCTCGC-frozen_3T3_PEG_100_4cycles,2946,1594
CCGAACTCTAATGCGG-frozen_3T3_PEG_100_4cycles,1370,985
CCGACAGTGTTCGTTT-frozen_3T3_PEG_100_4cycles,4313,2284
CCGACTACTCGAGTGA-frozen_3T3_PEG_100_4cycles,3077,1963
CCGAGTCGAAGCGCTC-frozen_3T3_PEG_100_4cycles,2889,1886
CCGATTCACATTCTGG-frozen_3T3_PEG_100_4cycles,4573,2521
CCGCTAACTGCGTATT-frozen_3T3_PEG_100_4cycles,2313,1573
CCGCTATTGATGTCCA-frozen_3T3_PEG_100_4cycles,1416,1031
CCGGGAACTTTTGGGT-frozen_3T3_PEG_100_4cycles,4403,2477
CCGGGTATGAGTCTGT-frozen_3T3_PEG_100_4cycles,6219,3080
CCGGGTATGATCAGGG-frozen_3T3_PEG_100_4cycles,5245,2938
CCGTACGGACATAGCT-frozen_3T3_PEG_100_4cycles,3728,2084
CCGTTAAGAGCTTCGG-frozen_3T3_PEG_100_4cycles,3208,2224
CCGTTACTGCCTGCGA-frozen_3T3_PEG_100_4cycles,1187,824
CCGTTCTGAGCATGAG-frozen_3T3_PEG_100_4cycles,1289,1013
CCTACGTACTGGAACG-frozen_3T3_PEG_100_4cycles,1909,1286
CCTACGTTGCGTACAT-frozen_3T3_PEG_100_4cycles,3096,2000
CCTACGTTGGCTGGCT-frozen_3T3_PEG_100_4cycles,2089,1339
CCTACTGTGGGTTGAG-frozen_3T3_PEG_100_4cycles,5970,2968
CCTAGCACTTAGACAA-frozen_3T3_PEG_100_4cycles,2288,1543
CCTATCCGATAGACAA-frozen_3T3_PEG_100_4cycles,3959,2394
CCTCACATGACACAAA-frozen_3T3_PEG_100_4cycles,2589,1647
CCTCACATGGACCGAA-frozen_3T3_PEG_100_4cycles,1762,1086
CCTCACATGTCCAGCG-frozen_3T3_PEG_100_4cycles,3752,2160
CCTCATGACTGGGCCT-frozen_3T3_PEG_100_4cycles,9856,4243
CCTCCCTTGATAACCC-frozen_3T3_PEG_100_4cycles,7434,3340
CCTCCTGCTTGGCATT-frozen_3T3_PEG_100_4cycles,2315,1565
CCTGATCACGCTTCGG-frozen_3T3_PEG_100_4cycles,6464,3267
CCTGCCTCTCCAAACT-frozen_3T3_PEG_100_4cycles,5661,2948
CCTGCTATGCCCGAGT-frozen_3T3_PEG_100_4cycles,3867,2140
CGAAATAGAGTACGTT-frozen_3T3_PEG_100_4cycles,5253,2707
CGACAATACTCATGTG-frozen_3T3_PEG_100_4cycles,2784,1738
CGACAGCACTGCTGTA-frozen_3T3_PEG_100_4cycles,2835,1855
CGACCAGACATGAATG-frozen_3T3_PEG_100_4cycles,3593,2231
CGACCTGGATGACTCA-frozen_3T3_PEG_100_4cycles,2349,1580
CGACCTTACGGCCTGT-frozen_3T3_PEG_100_4cycles,4457,2517
CGACCTTTGTAGCTTG-frozen_3T3_PEG_100_4cycles,6303,3350
CGACGTTCTATCCGTA-frozen_3T3_PEG_100_4cycles,3262,2059
CGAGAGATGACACCTA-frozen_3T3_PEG_100_4cycles,4904,2656
CGAGCACTGATCGGTT-frozen_3T3_PEG_100_4cycles,1456,1048
CGAGCAGCTCGACTAT-frozen_3T3_PEG_100_4cycles,2464,1609
CGAGTTAACGAATCTC-frozen_3T3_PEG_100_4cycles,3882,2291
CGAGTTAACGGTTTGT-frozen_3T3_PEG_100_4cycles,1352,928
CGATACAACTACGATC-frozen_3T3_PEG_100_4cycles,3090,1829
CGATATTCTATGTCAC-frozen_3T3_PEG_100_4cycles,1784,1135
CGCAATCCTTAATAGG-frozen_3T3_PEG_100_4cycles,1992,1296
CGCACACGAAACTAGA-frozen_3T3_PEG_100_4cycles,6188,3241
CGCACTTACCCTAGTA-frozen_3T3_PEG_100_4cycles,1344,977
CGCATTCTGTCTGGGC-frozen_3T3_PEG_100_4cycles,1416,932
CGCTAGTCTCGTGCAC-frozen_3T3_PEG_100_4cycles,5519,2748
CGCTTAAGAGGCAGTA-frozen_3T3_PEG_100_4cycles,1702,1248
CGCTTCAACTGCTTGA-frozen_3T3_PEG_100_4cycles,4076,2180
CGGAATTTGGAAATCA-frozen_3T3_PEG_100_4cycles,5320,2884
CGGATGAGAAGTACGG-frozen_3T3_PEG_100_4cycles,1447,1103
CGGGACACTGGCAGTA-frozen_3T3_PEG_100_4cycles,2017,1377
CGGTCGATGGCCGCTA-frozen_3T3_PEG_100_4cycles,2321,1523
CGGTCTACTAACGTAA-frozen_3T3_PEG_100_4cycles,2678,1678
CGGTCTACTCCACATA-frozen_3T3_PEG_100_4cycles,2511,1636
CGGTTGGACCGGCACT-frozen_3T3_PEG_100_4cycles,2338,1570
CGGTTGGACGGCCAAA-frozen_3T3_PEG_100_4cycles,1419,1062
CGTAATCGAGAAGTTA-frozen_3T3_PEG_100_4cycles,5577,2811
CGTAATCGATTTCCGC-frozen_3T3_PEG_100_4cycles,7187,3492
CGTACAAACTCAGGTT-frozen_3T3_PEG_100_4cycles,5305,2789
CGTAGCGACCTTTAGG-frozen_3T3_PEG_100_4cycles,4486,2642
CGTAGCTCTGGTGCAA-frozen_3T3_PEG_100_4cycles,2021,1308
CGTATCGCTGTCTTGA-frozen_3T3_PEG_100_4cycles,6332,3267
CGTATCGCTTCGTCAA-frozen_3T3_PEG_100_4cycles,1483,1015
CGTCGTTTGTCGACAT-frozen_3T3_PEG_100_4cycles,3509,2083
CGTCTTGACCAATGAA-frozen_3T3_PEG_100_4cycles,4491,2364
CGTCTTGACTAACCCA-frozen_3T3_PEG_100_4cycles,2224,1352
CGTCTTGACTAATAGG-frozen_3T3_PEG_100_4cycles,3226,1971
CGTGCCAGACGAATCT-frozen_3T3_PEG_100_4cycles,1064,863
CGTGTAATGTGGAACG-frozen_3T3_PEG_100_4cycles,3162,1990
CGTGTCTTGTCAATGC-frozen_3T3_PEG_100_4cycles,1237,928
CGTTGCACTACAGGCA-frozen_3T3_PEG_100_4cycles,2104,1510
CGTTGCTTGAGTACGG-frozen_3T3_PEG_100_4cycles,849,689
CGTTTGCTGCGGCTCA-frozen_3T3_PEG_100_4cycles,1431,905
CGTTTGCTGGTGAGCA-frozen_3T3_PEG_100_4cycles,3784,2241
CTAACTGGATTGACAC-frozen_3T3_PEG_100_4cycles,1721,1196
CTAATCACTCAGCACC-frozen_3T3_PEG_100_4cycles,3264,1954
CTAATCTACCCGATTA-frozen_3T3_PEG_100_4cycles,3317,1961
CTACAACGAAGGTGAC-frozen_3T3_PEG_100_4cycles,7011,3353
CTACCTGTGGAATCTC-frozen_3T3_PEG_100_4cycles,4095,2356
CTACCTGTGGCGGTAA-frozen_3T3_PEG_100_4cycles,1607,1099
CTACTCTCTGACATAA-frozen_3T3_PEG_100_4cycles,4800,2698
CTATCTATGCAAGTTC-frozen_3T3_PEG_100_4cycles,4358,2462
CTATGCCACTACGATC-frozen_3T3_PEG_100_4cycles,2110,1521
CTATGCCACTTAGAAG-frozen_3T3_PEG_100_4cycles,3301,2067
CTATGTTACCCTCAAA-frozen_3T3_PEG_100_4cycles,3588,2213
CTATGTTACCGAGGAT-frozen_3T3_PEG_100_4cycles,3282,2012
CTCACGACTTGGGCAA-frozen_3T3_PEG_100_4cycles,4895,2631
CTCAGCACTCCTCCTA-frozen_3T3_PEG_100_4cycles,5542,3028
CTCATAACTACAGGCA-frozen_3T3_PEG_100_4cycles,1492,1128
CTCCTAGTGAGGGAGG-frozen_3T3_PEG_100_4cycles,4183,2499
CTCTATAACTAGGTTC-frozen_3T3_PEG_100_4cycles,1323,1015
CTCTATATGTGAACAA-frozen_3T3_PEG_100_4cycles,3257,2041
CTCTCTTTGACAGGTG-frozen_3T3_PEG_100_4cycles,7432,3564
CTCTGGACTCCAGCTG-frozen_3T3_PEG_100_4cycles,1898,1338
CTCTGGACTGTTGGTT-frozen_3T3_PEG_100_4cycles,3884,2263
CTCTTGGACTACCTGA-frozen_3T3_PEG_100_4cycles,4090,2421
CTGCACGGAAGATTCC-frozen_3T3_PEG_100_4cycles,1296,960
CTGCACGGAGCCCAAC-frozen_3T3_PEG_100_4cycles,3862,1938
CTGCGACGACTGATCA-frozen_3T3_PEG_100_4cycles,2754,1792
CTGCGAGTGGAACAGC-frozen_3T3_PEG_100_4cycles,6643,3149
CTGCTGGGACCAGCAC-frozen_3T3_PEG_100_4cycles,1471,1020
CTGCTGGGATTCTCGC-frozen_3T3_PEG_100_4cycles,4615,2667
CTGGGACACTGGCATT-frozen_3T3_PEG_100_4cycles,5295,2691
CTGTTGCACCTCGAGC-frozen_3T3_PEG_100_4cycles,6767,3171
CTGTTGCACTCCAGCG-frozen_3T3_PEG_100_4cycles,7592,3486
CTGTTGCTGGAAGGTC-frozen_3T3_PEG_100_4cycles,6357,3086
CTTAGAGACCCGGACT-frozen_3T3_PEG_100_4cycles,895,761
CTTAGAGACTGCACCG-frozen_3T3_PEG_100_4cycles,1060,869
CTTAGATCTAGGTGCA-frozen_3T3_PEG_100_4cycles,2396,1539
CTTAGATCTCCTCAAA-frozen_3T3_PEG_100_4cycles,3590,2189
CTTAGATCTTCAATGC-frozen_3T3_PEG_100_4cycles,1759,1273
CTTATTGTGGCCACGT-frozen_3T3_PEG_100_4cycles,6177,3084
CTTATTGTGTCCAGCG-frozen_3T3_PEG_100_4cycles,4761,2569
CTTCCACGAATGGCCC-frozen_3T3_PEG_100_4cycles,2972,1852
CTTCTAAACAGACAAT-frozen_3T3_PEG_100_4cycles,1957,1352
CTTGCGTACGACTCGC-frozen_3T3_PEG_100_4cycles,6670,3231
CTTTAGGGAGAATAGT-frozen_3T3_PEG_100_4cycles,9175,3965
CTTTCCGGAATAGCAA-frozen_3T3_PEG_100_4cycles,7290,3537
GAAAGTAACGGAATAT-frozen_3T3_PEG_100_4cycles,1918,1312
GAAATCCACTCAGGTT-frozen_3T3_PEG_100_4cycles,1453,1141
GAAATGAACCCTCAAA-frozen_3T3_PEG_100_4cycles,2206,1386
GAACAACCTGAGCTGA-frozen_3T3_PEG_100_4cycles,4462,2546
GAACGCGCTATCACAC-frozen_3T3_PEG_100_4cycles,1689,1202
GAACTACTGATGTGGG-frozen_3T3_PEG_100_4cycles,2370,1528
GAAGCAGTGAGTCTAC-frozen_3T3_PEG_100_4cycles,1757,1261
GAAGCAGTGCCTACGG-frozen_3T3_PEG_100_4cycles,1575,1175
GAAGCAGTGTGCTACA-frozen_3T3_PEG_100_4cycles,1549,1141
GAAGGACACCGTGCAC-frozen_3T3_PEG_100_4cycles,1869,1355
GAAGGACACTACGTTG-frozen_3T3_PEG_100_4cycles,1181,905
GAAGTGTCTCGGTACC-frozen_3T3_PEG_100_4cycles,3811,2299
GAAGTGTCTTGCATGT-frozen_3T3_PEG_100_4cycles,3455,2049
GAAGTTCTGAGGACCA-frozen_3T3_PEG_100_4cycles,2106,1404
GAATCAGCTAACGTAA-frozen_3T3_PEG_100_4cycles,1582,1116
GAATCGGGAAATGCTC-frozen_3T3_PEG_100_4cycles,1042,742
GAATTCTCTCAGGGAT-frozen_3T3_PEG_100_4cycles,921,720
GACAATAGATGGCTTA-frozen_3T3_PEG_100_4cycles,1367,1041
GACACCGTGCCCGCAA-frozen_3T3_PEG_100_4cycles,4021,2373
GACACCGTGCGTAGAG-frozen_3T3_PEG_100_4cycles,2742,1770
GACACGCACCGTACAT-frozen_3T3_PEG_100_4cycles,2358,1650
GACCCATCTAGTACGG-frozen_3T3_PEG_100_4cycles,4684,2726
GACCGACACAGGCATG-frozen_3T3_PEG_100_4cycles,5410,2946
GACCGCTGATTCGTTT-frozen_3T3_PEG_100_4cycles,3171,2010
GACGCGACTAAAGGTT-frozen_3T3_PEG_100_4cycles,2085,1413
GACGCGACTGCTAGAG-frozen_3T3_PEG_100_4cycles,3927,2338
GACTATCGAAATCTGC-frozen_3T3_PEG_100_4cycles,4200,2333
GACTCCTTGCTATCTT-frozen_3T3_PEG_100_4cycles,1560,1101
GACTCTCACAATCTGC-frozen_3T3_PEG_100_4cycles,2154,1464
GAGAAGAGACCGTGAC-frozen_3T3_PEG_100_4cycles,5054,2630
GAGAGAAGATGCGGCT-frozen_3T3_PEG_100_4cycles,4685,2502
GAGAGCCCTGAATTGA-frozen_3T3_PEG_100_4cycles,2636,1640
GAGAGGTTGCTCGATA-frozen_3T3_PEG_100_4cycles,6273,3091
GAGCATTTGCGTAACT-frozen_3T3_PEG_100_4cycles,7841,3631
GAGCGATGACGTAGAG-frozen_3T3_PEG_100_4cycles,2290,1627
GAGGTTGGACAGTCTA-frozen_3T3_PEG_100_4cycles,3288,2009
GAGTCATTGCGGTTGC-frozen_3T3_PEG_100_4cycles,4804,2620
GAGTCTCCTAACGAAT-frozen_3T3_PEG_100_4cycles,2274,1458
GAGTGTTACTCTGTAG-frozen_3T3_PEG_100_4cycles,1308,980
GAGTTACTGGCATGAG-frozen_3T3_PEG_100_4cycles,2237,1517
GAGTTGACTTAGGTTC-frozen_3T3_PEG_100_4cycles,1730,1233
GAGTTGTTGACCTTGA-frozen_3T3_PEG_100_4cycles,1546,1149
GATAACCTGAGCGCTC-frozen_3T3_PEG_100_4cycles,1549,1088
GATACCATGTTTCGCC-frozen_3T3_PEG_100_4cycles,962,791
GATACGACTATAGCAA-frozen_3T3_PEG_100_4cycles,2146,1408
GATAGCGGATCGTAAC-frozen_3T3_PEG_100_4cycles,2515,1702
GATATCGTGGACAAAT-frozen_3T3_PEG_100_4cycles,3058,1955
GATATCGTGGATAGCG-frozen_3T3_PEG_100_4cycles,5344,2723
GATCCAAACCTTAAGC-frozen_3T3_PEG_100_4cycles,1917,1264
GATCCAAACTACCAAC-frozen_3T3_PEG_100_4cycles,1565,1113
GATCCAAACTGACTCA-frozen_3T3_PEG_100_4cycles,811,631
GATCGCGTGTATGACC-frozen_3T3_PEG_100_4cycles,3065,1884
GATGCATTGTCTGGGC-frozen_3T3_PEG_100_4cycles,1204,827
GCAAACTACATCCGTA-frozen_3T3_PEG_100_4cycles,3045,1896
GCAACTTGACGGTTTA-frozen_3T3_PEG_100_4cycles,6318,3031
GCAACTTGACTATCTT-frozen_3T3_PEG_100_4cycles,2885,1709
GCAACTTGAGAAGGCT-frozen_3T3_PEG_100_4cycles,7487,3472
GCAACTTGATACGATC-frozen_3T3_PEG_100_4cycles,7326,3430
GCAATCATGCGACTAT-frozen_3T3_PEG_100_4cycles,6501,3076
GCACAATACCAGCACC-frozen_3T3_PEG_100_4cycles,3169,1876
GCACAATACGCCGCTA-frozen_3T3_PEG_100_4cycles,952,737
GCACAATTGGCCCTGA-frozen_3T3_PEG_100_4cycles,1126,854
GCACAATTGGGGACTA-frozen_3T3_PEG_100_4cycles,3057,1894
GCACAATTGTCTGTGA-frozen_3T3_PEG_100_4cycles,1589,1152
GCACGGACTCATCCTC-frozen_3T3_PEG_100_4cycles,752,621
GCACTTCTGCATCCTC-frozen_3T3_PEG_100_4cycles,825,680
GCATAGTACGGAGTCA-frozen_3T3_PEG_100_4cycles,1333,996
GCATCACCTAACGTTC-frozen_3T3_PEG_100_4cycles,3371,2095
GCATCACCTACGTGCC-frozen_3T3_PEG_100_4cycles,2892,1788
GCATCACCTAGCCTAT-frozen_3T3_PEG_100_4cycles,4154,2487
GCATCTCTGCCTAGGC-frozen_3T3_PEG_100_4cycles,1777,1248
GCATGATACATAGCAA-frozen_3T3_PEG_100_4cycles,1186,856
GCATGATACATCCTCC-frozen_3T3_PEG_100_4cycles,6523,3056
GCCATAATGTCGTAGT-frozen_3T3_PEG_100_4cycles,4969,2513
GCCATTCACACACCTA-frozen_3T3_PEG_100_4cycles,3242,2014
GCCCATACTAAGTAAC-frozen_3T3_PEG_100_4cycles,1625,1178
GCCTAGTCTCGGAATG-frozen_3T3_PEG_100_4cycles,4804,2655
GCCTCTTGAGCGTATT-frozen_3T3_PEG_100_4cycles,5064,2658
GCGAGAATGAGGTGCA-frozen_3T3_PEG_100_4cycles,4399,2450
GCGCTACGACTCATTT-frozen_3T3_PEG_100_4cycles,2634,1676
GCGCTACGAGACGCCT-frozen_3T3_PEG_100_4cycles,1752,1276
GCGCTACGATGAAAGT-frozen_3T3_PEG_100_4cycles,5600,2916
GCGGTTCGAACACCTA-frozen_3T3_PEG_100_4cycles,11296,4377
GCGTAAACTCGTAACT-frozen_3T3_PEG_100_4cycles,5743,2926
GCGTCGATGGCGAGTA-frozen_3T3_PEG_100_4cycles,1894,1285
GCGTCTTTGCATGCAT-frozen_3T3_PEG_100_4cycles,2631,1848
GCGTGCTGAGATGGAC-frozen_3T3_PEG_100_4cycles,770,630
GCGTTAATGTAAGCAA-frozen_3T3_PEG_100_4cycles,6845,3275
GCTAAGACTCGTGCAC-frozen_3T3_PEG_100_4cycles,2155,1456
GCTAGTCCTGCTACGC-frozen_3T3_PEG_100_4cycles,3049,1951
GCTATGATGGCGTATT-frozen_3T3_PEG_100_4cycles,5106,2724
GCTCCTAACGGGTTCC-frozen_3T3_PEG_100_4cycles,1499,1087
GCTGAATTGTAGGCGA-frozen_3T3_PEG_100_4cycles,3852,2160
GCTGGAAGATGCAAGG-frozen_3T3_PEG_100_4cycles,2812,1773
GCTGGACACCGATTAC-frozen_3T3_PEG_100_4cycles,1687,1222
GCTGGACACGTCAATC-frozen_3T3_PEG_100_4cycles,3897,2123
GCTGTGGTGGCATGAG-frozen_3T3_PEG_100_4cycles,1072,864
GCTGTTCTGAGCTTGT-frozen_3T3_PEG_100_4cycles,3666,1923
GCTTACCACGCAGTTT-frozen_3T3_PEG_100_4cycles,1734,1142
GCTTCGGGAGGCCAAA-frozen_3T3_PEG_100_4cycles,2563,1707
GCTTGTCACGAATGTA-frozen_3T3_PEG_100_4cycles,3437,2114
GGAACATCTTAATCGC-frozen_3T3_PEG_100_4cycles,974,771
GGAACATCTTCATTGG-frozen_3T3_PEG_100_4cycles,3899,2306
GGAAGCCCTTCGTCAA-frozen_3T3_PEG_100_4cycles,979,747
GGAAGCCCTTTGGGAG-frozen_3T3_PEG_100_4cycles,4080,2337
GGAATGGTGCGACACC-frozen_3T3_PEG_100_4cycles,1796,1197
GGACCACTGCATGCGC-frozen_3T3_PEG_100_4cycles,913,685
GGACTTAACCTGGGTC-frozen_3T3_PEG_100_4cycles,2517,1579
GGACTTAACGTTAGAA-frozen_3T3_PEG_100_4cycles,2542,1676
GGACTTAACTTCTGAG-frozen_3T3_PEG_100_4cycles,3118,1941
GGAGTTACTGACACCC-frozen_3T3_PEG_100_4cycles,3435,1966
GGAGTTACTTGGTCCG-frozen_3T3_PEG_100_4cycles,839,688
GGATACTACATCAGCT-frozen_3T3_PEG_100_4cycles,2870,1878
GGATCCCGACTGCCAG-frozen_3T3_PEG_100_4cycles,3225,2070
GGATGCCTGGTCTTGA-frozen_3T3_PEG_100_4cycles,1064,794
GGATTAAGATGCTGGC-frozen_3T3_PEG_100_4cycles,5354,2906
GGATTTGACCGGGTAA-frozen_3T3_PEG_100_4cycles,1831,1351
GGCACACACTCGTAGT-frozen_3T3_PEG_100_4cycles,1939,1416
GGCGCAACTTACCAAC-frozen_3T3_PEG_100_4cycles,7012,3225
GGCGTACACCTAACGT-frozen_3T3_PEG_100_4cycles,3381,2058
GGCGTACACGCTCAGC-frozen_3T3_PEG_100_4cycles,1959,1349
GGCGTGACTAGGTCCC-frozen_3T3_PEG_100_4cycles,1969,1322
GGCGTTTCTCGATGGA-frozen_3T3_PEG_100_4cycles,5061,2691
GGCTCAGACTCGGGCT-frozen_3T3_PEG_100_4cycles,4066,2357
GGCTTAAACAGCGCTC-frozen_3T3_PEG_100_4cycles,6422,3005
GGGAACCCTTTTGGGT-frozen_3T3_PEG_100_4cycles,1968,1409
GGGAGCTCTCGACTAT-frozen_3T3_PEG_100_4cycles,4168,2222
GGGCTTCGAGGGTTCC-frozen_3T3_PEG_100_4cycles,2176,1487
GGGCTTCGATGTCACA-frozen_3T3_PEG_100_4cycles,3199,1947
GGGTAGAACCGATTCA-frozen_3T3_PEG_100_4cycles,2005,1435
GGGTAGAACTGCTGTA-frozen_3T3_PEG_100_4cycles,1334,929
GGGTATACTAGGTCCC-frozen_3T3_PEG_100_4cycles,3986,2237
GGGTATACTGGTTGAG-frozen_3T3_PEG_100_4cycles,2399,1591
GGGTCACACAATGCGG-frozen_3T3_PEG_100_4cycles,1936,1253
GGGTGAATGCTGTACA-frozen_3T3_PEG_100_4cycles,5209,2601
GGTAAGCGAGCTCCTT-frozen_3T3_PEG_100_4cycles,782,645
GGTAAGCGATGGTCCG-frozen_3T3_PEG_100_4cycles,5551,2602
GGTACCTCTAAGGCCA-frozen_3T3_PEG_100_4cycles,5124,2759
GGTACTCCTAGCAATA-frozen_3T3_PEG_100_4cycles,3381,2029
GGTAGCAGAAATCGAA-frozen_3T3_PEG_100_4cycles,7186,3472
GGTAGCAGAGCTACGC-frozen_3T3_PEG_100_4cycles,1288,984
GGTAGTTTGGTTAGGG-frozen_3T3_PEG_100_4cycles,3720,2177
GGTATCTGAGAACAGC-frozen_3T3_PEG_100_4cycles,4811,2773
GGTATGACTCCAGGCT-frozen_3T3_PEG_100_4cycles,1327,1004
GGTCAGAGACACTCAA-frozen_3T3_PEG_100_4cycles,1610,1140
GGTCTGGACACCCGGT-frozen_3T3_PEG_100_4cycles,1259,922
GGTGAGATGTCGCTAA-frozen_3T3_PEG_100_4cycles,2617,1587
GGTGCGTTGAAGTTCC-frozen_3T3_PEG_100_4cycles,2443,1637
GGTGGAAACGGTTGAG-frozen_3T3_PEG_100_4cycles,1808,1274
GGTGGAAACGTTAGTC-frozen_3T3_PEG_100_4cycles,1527,1155
GGTGTAACTCGAAAGC-frozen_3T3_PEG_100_4cycles,4737,2639
GGTTCACCTCATCTTT-frozen_3T3_PEG_100_4cycles,4312,2363
GGTTCCTTGGCATGAG-frozen_3T3_PEG_100_4cycles,2761,1742
GGTTGAACTGCCCAAC-frozen_3T3_PEG_100_4cycles,1034,845
GGTTGAACTGGAGTCA-frozen_3T3_PEG_100_4cycles,3267,1975
GTAAACAGATGCTACA-frozen_3T3_PEG_100_4cycles,4021,2365
GTAAAGCCTTACGATC-frozen_3T3_PEG_100_4cycles,1338,979
GTAAGAAACTAGCTTG-frozen_3T3_PEG_100_4cycles,2909,1656
GTAAGGCGAATACGCT-frozen_3T3_PEG_100_4cycles,3911,2251
GTAATCGACAGTAGGC-frozen_3T3_PEG_100_4cycles,3511,2150
GTAATCGACTTAGCTG-frozen_3T3_PEG_100_4cycles,4425,2336
GTAATCGTGGTTTGGT-frozen_3T3_PEG_100_4cycles,6026,2891
GTAATCGTGTAGCGAG-frozen_3T3_PEG_100_4cycles,4400,2413
GTACACTGATTTGGGT-frozen_3T3_PEG_100_4cycles,1819,1365
GTACATCGACCACATA-frozen_3T3_PEG_100_4cycles,4344,2459
GTACCCTTGTTCCATT-frozen_3T3_PEG_100_4cycles,1668,1226
GTACCGGACCAGGGTA-frozen_3T3_PEG_100_4cycles,1912,1343
GTACCGGACGTCTTGA-frozen_3T3_PEG_100_4cycles,5335,2824
GTAGAGCGAAGGTGAC-frozen_3T3_PEG_100_4cycles,7091,3318
GTAGGTTTGATGAATG-frozen_3T3_PEG_100_4cycles,4660,2544
GTAGGTTTGCGAAGCA-frozen_3T3_PEG_100_4cycles,3599,2110
GTAGGTTTGCGACAAG-frozen_3T3_PEG_100_4cycles,2125,1516
GTAGGTTTGGAAGTTA-frozen_3T3_PEG_100_4cycles,1133,888
GTAGTTGACGCCACGT-frozen_3T3_PEG_100_4cycles,1184,875
GTATAGCTGGCTCTTC-frozen_3T3_PEG_100_4cycles,1192,917
GTATCACGATGCGTGC-frozen_3T3_PEG_100_4cycles,1333,1017
GTCAACTGACGACATT-frozen_3T3_PEG_100_4cycles,2962,1861
GTCAAGTACAATACAG-frozen_3T3_PEG_100_4cycles,4139,2353
GTCAAGTACGGCAGTA-frozen_3T3_PEG_100_4cycles,6869,3107
GTCACAAACAAAGTAC-frozen_3T3_PEG_100_4cycles,2381,1455
GTCACAATGATCATGC-frozen_3T3_PEG_100_4cycles,1706,1252
GTCACAATGCCAGAGA-frozen_3T3_PEG_100_4cycles,1321,954
GTCACAATGTAATCGC-frozen_3T3_PEG_100_4cycles,3829,2229
GTCACGCGATACAGCT-frozen_3T3_PEG_100_4cycles,916,756
GTCCGTTACAAGCTAA-frozen_3T3_PEG_100_4cycles,1875,1308
GTCTAATCTGCAGGAT-frozen_3T3_PEG_100_4cycles,1232,984
GTCTACAGACATTCAG-frozen_3T3_PEG_100_4cycles,1675,1191
GTCTTGCACCATAGCT-frozen_3T3_PEG_100_4cycles,3055,1833
GTCTTGCACCGAGTTT-frozen_3T3_PEG_100_4cycles,4987,2678
GTGAAGGACAACGTAA-frozen_3T3_PEG_100_4cycles,4580,2446
GTGAAGGACCCTCGTT-frozen_3T3_PEG_100_4cycles,10210,4398
GTGAAGGACGTTAGAA-frozen_3T3_PEG_100_4cycles,5779,2831
GTGAAGGACTAACTCG-frozen_3T3_PEG_100_4cycles,1367,1008
GTGCAGAGATCAATGC-frozen_3T3_PEG_100_4cycles,6438,3291
GTGCATAACTGGTCCG-frozen_3T3_PEG_100_4cycles,1541,1076
GTGCCATCTAGACTTC-frozen_3T3_PEG_100_4cycles,2205,1474
GTGCCATCTTTTCGCC-frozen_3T3_PEG_100_4cycles,5243,2591
GTGCTAATGGACTGTT-frozen_3T3_PEG_100_4cycles,2205,1413
GTGCTAATGGTTGTCA-frozen_3T3_PEG_100_4cycles,4706,2510
GTGGTTAACAGCAAGC-frozen_3T3_PEG_100_4cycles,3785,2194
GTGGTTTGACGATTCA-frozen_3T3_PEG_100_4cycles,3733,2276
GTGTGATACTGGTGAG-frozen_3T3_PEG_100_4cycles,5030,2779
GTGTGATACTTGCAGT-frozen_3T3_PEG_100_4cycles,4754,2437
GTTAAGAGACAGGGTA-frozen_3T3_PEG_100_4cycles,3347,2104
GTTACCCTGTAATGCC-frozen_3T3_PEG_100_4cycles,4717,2567
GTTATCACTACCTGCG-frozen_3T3_PEG_100_4cycles,539,483
GTTATCACTAGTGGTG-frozen_3T3_PEG_100_4cycles,1747,1240
GTTATGCGACTGGAAG-frozen_3T3_PEG_100_4cycles,1195,949
GTTATTGCTAGCTGAG-frozen_3T3_PEG_100_4cycles,4797,2627
GTTATTGCTAGGTAAT-frozen_3T3_PEG_100_4cycles,810,705
GTTATTGCTTCGAGAG-frozen_3T3_PEG_100_4cycles,1368,1018
GTTCTCGACCCTCGTT-frozen_3T3_PEG_100_4cycles,3057,1918
GTTCTCGACTCGTACA-frozen_3T3_PEG_100_4cycles,8040,3643
GTTGAAGCTCCGGCTA-frozen_3T3_PEG_100_4cycles,4282,2279
GTTGAAGCTTAACGAA-frozen_3T3_PEG_100_4cycles,2829,1844
GTTGAAGCTTACTTTC-frozen_3T3_PEG_100_4cycles,924,728
GTTGAGTTGTGGCAAG-frozen_3T3_PEG_100_4cycles,2173,1427
GTTGTGATGTACAGAA-frozen_3T3_PEG_100_4cycles,766,645
GTTGTTGGACCACTTC-frozen_3T3_PEG_100_4cycles,2337,1543
GTTGTTGGAGCTTCGG-frozen_3T3_PEG_100_4cycles,7302,3297
GTTTCAGGAGGAATTA-frozen_3T3_PEG_100_4cycles,969,723
GTTTCCCGACTGCCAG-frozen_3T3_PEG_100_4cycles,2398,1582
GTTTCCCGATAGGCGA-frozen_3T3_PEG_100_4cycles,1514,1029
TAACAGAGACTGATCA-frozen_3T3_PEG_100_4cycles,6157,2966
TAACAGAGATTCAGTG-frozen_3T3_PEG_100_4cycles,5763,2910
TAACGAGCTGGCCTGT-frozen_3T3_PEG_100_4cycles,1595,1199
TAAGCCAACCCCGCAA-frozen_3T3_PEG_100_4cycles,2448,1698
TAAGCTGACAGCCCTG-frozen_3T3_PEG_100_4cycles,944,655
TAAGCTGTGGATGGAC-frozen_3T3_PEG_100_4cycles,990,748
TAAGCTGTGTAGCTTG-frozen_3T3_PEG_100_4cycles,2578,1667
TAAGCTGTGTCCCGTT-frozen_3T3_PEG_100_4cycles,1524,1102
TAAGGCTTGCTTAGTG-frozen_3T3_PEG_100_4cycles,1608,1245
TAAGGGCGACGATGGA-frozen_3T3_PEG_100_4cycles,1383,1053
TAAGGGCGAGCACGCT-frozen_3T3_PEG_100_4cycles,3540,2038
TAATGGGCTTTGTGAC-frozen_3T3_PEG_100_4cycles,1137,771
TACAACGTGCTGATCA-frozen_3T3_PEG_100_4cycles,1112,812
TACCACCACTGCTGGC-frozen_3T3_PEG_100_4cycles,3414,2110
TACCAGTGAAACTAGA-frozen_3T3_PEG_100_4cycles,8070,3906
TACCCGTTGTGTTCCC-frozen_3T3_PEG_100_4cycles,7186,3442
TACCGCTTGACCAAGG-frozen_3T3_PEG_100_4cycles,7408,3448
TACCTCGACTCATTGG-frozen_3T3_PEG_100_4cycles,3570,2062
TACCTCTCTGGATGGT-frozen_3T3_PEG_100_4cycles,4576,2545
TACCTGCTGGTTAGTC-frozen_3T3_PEG_100_4cycles,1911,1282
TACGAGTTGTGGGCAA-frozen_3T3_PEG_100_4cycles,1317,1005
TACGTGAACGAGCTGA-frozen_3T3_PEG_100_4cycles,1100,877
TACTGGCCTCCCGCAA-frozen_3T3_PEG_100_4cycles,2359,1515
TACTGTTTGCGGTTGC-frozen_3T3_PEG_100_4cycles,1662,1194
TAGACCTGATTTCCGC-frozen_3T3_PEG_100_4cycles,3119,1983
TAGCGCGACTTCTGGA-frozen_3T3_PEG_100_4cycles,7843,3504
TAGGACTTGAAGGCCA-frozen_3T3_PEG_100_4cycles,1782,1266
TAGGATAGATTGTACG-frozen_3T3_PEG_100_4cycles,1649,1226
TAGGGTTTGTATGACC-frozen_3T3_PEG_100_4cycles,1446,1065
TAGTACCGAACCAAGG-frozen_3T3_PEG_100_4cycles,4609,2593
TATAGCCGAAAAGCTA-frozen_3T3_PEG_100_4cycles,2147,1401
TATAGCCGAACAACAA-frozen_3T3_PEG_100_4cycles,3228,1813
TATAGCCGAAGTGAGC-frozen_3T3_PEG_100_4cycles,3906,2288
TATCATGCTCCTGCGA-frozen_3T3_PEG_100_4cycles,1665,1220
TATGCTTTGCTGTACA-frozen_3T3_PEG_100_4cycles,4526,2566
TATTCAGCTGTACACT-frozen_3T3_PEG_100_4cycles,4360,2473
TATTCCTGACTTAGTG-frozen_3T3_PEG_100_4cycles,4716,2570
TATTGCTTGAATCCGT-frozen_3T3_PEG_100_4cycles,5756,3006
TATTGGTCTGGGACTA-frozen_3T3_PEG_100_4cycles,978,741
TCAAAGCACAAGGTGC-frozen_3T3_PEG_100_4cycles,1762,1319
TCAAGCAACCCTGCGA-frozen_3T3_PEG_100_4cycles,1950,1418
TCAAGCAACGCACGCT-frozen_3T3_PEG_100_4cycles,3302,1965
TCAATCGGAACCGTTA-frozen_3T3_PEG_100_4cycles,3183,1835
TCAATGGACGGGTAGT-frozen_3T3_PEG_100_4cycles,4407,2484
TCAGCCGGATGCTTGA-frozen_3T3_PEG_100_4cycles,2817,1827
TCAGCTAGACCAGCTG-frozen_3T3_PEG_100_4cycles,1221,910
TCAGGCTCTATCGGTT-frozen_3T3_PEG_100_4cycles,1152,917
TCAGGCTCTGCTGAGA-frozen_3T3_PEG_100_4cycles,3881,2110
TCCAAAGTGATGTCCA-frozen_3T3_PEG_100_4cycles,2433,1622
TCCATTCCTAATGCGG-frozen_3T3_PEG_100_4cycles,7686,3598
TCCATTCCTTGAGCAG-frozen_3T3_PEG_100_4cycles,1368,1014
TCCCACATGCCTAGCG-frozen_3T3_PEG_100_4cycles,2114,1306
TCCCACATGCGGTTTA-frozen_3T3_PEG_100_4cycles,1354,1029
TCCCTGTGAACCTTGA-frozen_3T3_PEG_100_4cycles,2339,1574
TCCCTGTGAGTTTGGT-frozen_3T3_PEG_100_4cycles,3884,2335
TCCGACACTTGACCTA-frozen_3T3_PEG_100_4cycles,1235,997
TCCGAGTCTGCCGTTG-frozen_3T3_PEG_100_4cycles,2709,1761
TCCGAGTCTTCGTACA-frozen_3T3_PEG_100_4cycles,2024,1415
TCCGCCTCTGAATCTC-frozen_3T3_PEG_100_4cycles,4870,2668
TCCGGGTGAAGCAGGT-frozen_3T3_PEG_100_4cycles,2477,1648
TCCGTTGTGAGGACAC-frozen_3T3_PEG_100_4cycles,1530,1127
TCCGTTGTGCGTACAT-frozen_3T3_PEG_100_4cycles,6496,3347
TCCGTTGTGTGTTCCC-frozen_3T3_PEG_100_4cycles,3250,2004
TCCTCATCTACGCGAA-frozen_3T3_PEG_100_4cycles,1162,856
TCCTCATCTCGACTAT-frozen_3T3_PEG_100_4cycles,2303,1599
TCCTGTGACATCAGGG-frozen_3T3_PEG_100_4cycles,820,629
TCCTGTTCTCGATCGC-frozen_3T3_PEG_100_4cycles,4212,2572
TCCTTAATGAAGTTCC-frozen_3T3_PEG_100_4cycles,2094,1479
TCCTTAATGCAGATTC-frozen_3T3_PEG_100_4cycles,4683,2542
TCCTTAATGCCTTCCA-frozen_3T3_PEG_100_4cycles,3966,2261
TCGAAGTACTGGCATT-frozen_3T3_PEG_100_4cycles,852,701
TCGACGGACGTCCCAG-frozen_3T3_PEG_100_4cycles,828,707
TCGCACGGAAGTGGTG-frozen_3T3_PEG_100_4cycles,6525,3263
TCGCATCACGGTATGG-frozen_3T3_PEG_100_4cycles,2051,1386
TCGCCTATGATAACCC-frozen_3T3_PEG_100_4cycles,6128,2966
TCGCGGAACCCACTTC-frozen_3T3_PEG_100_4cycles,2202,1422
TCGCGGTGAGCAGGAT-frozen_3T3_PEG_100_4cycles,3838,2228
TCGCGTACTTAGGAGC-frozen_3T3_PEG_100_4cycles,1951,1298
TCGGACTCTAAACTGA-frozen_3T3_PEG_100_4cycles,1842,1289
TCGGACTCTAGGTGCA-frozen_3T3_PEG_100_4cycles,3278,1995
TCGGCTTACATGAATG-frozen_3T3_PEG_100_4cycles,2365,1546
TCGGGTGACCCACTTC-frozen_3T3_PEG_100_4cycles,3287,1994
TCGGGTTCTCCTCCTA-frozen_3T3_PEG_100_4cycles,4778,2568
TCGGTGCGACTGGAAG-frozen_3T3_PEG_100_4cycles,3813,2168
TCGTATACTAAGTCTC-frozen_3T3_PEG_100_4cycles,5120,2791
TCGTATACTCATCCTC-frozen_3T3_PEG_100_4cycles,513,469
TCGTCCAACTGCTCAA-frozen_3T3_PEG_100_4cycles,4303,2463
TCGTGAATGCAGGTGA-frozen_3T3_PEG_100_4cycles,5953,2929
TCGTTCGTGAAGGTGC-frozen_3T3_PEG_100_4cycles,4358,2468
TCGTTGCTGAAACTGA-frozen_3T3_PEG_100_4cycles,1193,935
TCTAACGGACATACTG-frozen_3T3_PEG_100_4cycles,1625,1170
TCTACGCACCGACACC-frozen_3T3_PEG_100_4cycles,1665,1221
TCTACGCTGAAGTTCC-frozen_3T3_PEG_100_4cycles,2634,1630
TCTACGCTGTACCTGA-frozen_3T3_PEG_100_4cycles,3583,2220
TCTAGACGAGGCCAAA-frozen_3T3_PEG_100_4cycles,3550,2027
TCTCAGAGATCTATCT-frozen_3T3_PEG_100_4cycles,1307,1022
TCTCTCGGACCAACGC-frozen_3T3_PEG_100_4cycles,3311,2036
TCTCTCTACCGGTACC-frozen_3T3_PEG_100_4cycles,1291,928
TCTGAACGAAACGCAG-frozen_3T3_PEG_100_4cycles,4244,2331
TCTTATGACAGGACAC-frozen_3T3_PEG_100_4cycles,972,782
TCTTATGACGATCCAT-frozen_3T3_PEG_100_4cycles,3281,1990
TCTTATGACGCCCAAC-frozen_3T3_PEG_100_4cycles,5446,2834
TCTTATGACGTACACT-frozen_3T3_PEG_100_4cycles,3816,2273
TCTTGAGGATGGCTGC-frozen_3T3_PEG_100_4cycles,1751,1260
TCTTTAGACAGCAATA-frozen_3T3_PEG_100_4cycles,4268,2409
TCTTTAGACGCTGTTA-frozen_3T3_PEG_100_4cycles,3831,2262
TCTTTAGACTTGACCA-frozen_3T3_PEG_100_4cycles,7007,3436
TCTTTCAGAGTTAGGG-frozen_3T3_PEG_100_4cycles,1919,1282
TGAACTGTGATCAGGG-frozen_3T3_PEG_100_4cycles,4494,2522
TGAATGGCTGTTGACT-frozen_3T3_PEG_100_4cycles,2159,1456
TGACCCTACTCGCTAA-frozen_3T3_PEG_100_4cycles,1759,1227
TGACCCTACTGGCTGC-frozen_3T3_PEG_100_4cycles,3003,1967
TGACCTCACTTGTGAC-frozen_3T3_PEG_100_4cycles,3109,1986
TGAGCCCGAATAGGTA-frozen_3T3_PEG_100_4cycles,1549,1174
TGAGCCCGACATGATC-frozen_3T3_PEG_100_4cycles,759,637
TGAGCTAACAAACTGA-frozen_3T3_PEG_100_4cycles,1730,1265
TGAGCTAACGAGAGGG-frozen_3T3_PEG_100_4cycles,1565,1174
TGAGGAGTGCCCGCAA-frozen_3T3_PEG_100_4cycles,1665,1186
TGAGGGATGAGCCATT-frozen_3T3_PEG_100_4cycles,3216,2052
TGAGGGATGTATCTGG-frozen_3T3_PEG_100_4cycles,1666,1204
TGAGGGATGTTCAGTG-frozen_3T3_PEG_100_4cycles,3903,2176
TGAGGTACTAATCGCT-frozen_3T3_PEG_100_4cycles,2473,1553
TGATATCCTTTCCATT-frozen_3T3_PEG_100_4cycles,986,808
TGCACGGACTAATCGC-frozen_3T3_PEG_100_4cycles,1920,1350
TGCAGATACAACGCAG-frozen_3T3_PEG_100_4cycles,1870,1333
TGCAGATACCAGGGAT-frozen_3T3_PEG_100_4cycles,3619,2190
TGCAGTATGCGATTAC-frozen_3T3_PEG_100_4cycles,3393,2039
TGCCAAATGATTAAGG-frozen_3T3_PEG_100_4cycles,4103,2260
TGCCAAATGCTCATCC-frozen_3T3_PEG_100_4cycles,3234,1936
TGCCACTTGGCTGTTA-frozen_3T3_PEG_100_4cycles,2382,1589
TGCCACTTGTGAGTAA-frozen_3T3_PEG_100_4cycles,1923,1375
TGCCGTGGATTTCTTG-frozen_3T3_PEG_100_4cycles,2093,1493
TGCCGTTACCGATCGC-frozen_3T3_PEG_100_4cycles,2305,1404
TGCCGTTACTATGACC-frozen_3T3_PEG_100_4cycles,2488,1536
TGCGAATACGCAGGAT-frozen_3T3_PEG_100_4cycles,4414,2600
TGCGCAGACGCGCTGT-frozen_3T3_PEG_100_4cycles,588,494
TGCGTCTACGCCGTTG-frozen_3T3_PEG_100_4cycles,4363,2429
TGCTACGCTGAAATCA-frozen_3T3_PEG_100_4cycles,3079,1868
TGCTACGCTTATTGCG-frozen_3T3_PEG_100_4cycles,1036,750
TGCTAGTGATTGTGAC-frozen_3T3_PEG_100_4cycles,1300,931
TGCTGCTACAGGCATG-frozen_3T3_PEG_100_4cycles,2393,1689
TGGAAGTCTTAAGCAA-frozen_3T3_PEG_100_4cycles,4468,2453
TGGACAACTGATGGAC-frozen_3T3_PEG_100_4cycles,2521,1660
TGGACATACCGGCTCA-frozen_3T3_PEG_100_4cycles,1286,948
TGGACCTCTGCACTTA-frozen_3T3_PEG_100_4cycles,3670,2068
TGGACCTCTGGTGCAA-frozen_3T3_PEG_100_4cycles,3400,2125
TGGAGTTACCTGTGCG-frozen_3T3_PEG_100_4cycles,616,513
TGGATTGACATTGGTC-frozen_3T3_PEG_100_4cycles,1080,856
TGGATTGACTTGCAGT-frozen_3T3_PEG_100_4cycles,2151,1534
TGGCAATTGGGATGGT-frozen_3T3_PEG_100_4cycles,8616,3947
TGGCAATTGTAATCGC-frozen_3T3_PEG_100_4cycles,3212,1872
TGGCCTGGAGCACCCA-frozen_3T3_PEG_100_4cycles,1897,1270
TGGCCTTTGGACTGTT-frozen_3T3_PEG_100_4cycles,2157,1407
TGGGAGTGAGTTTGGT-frozen_3T3_PEG_100_4cycles,7353,3468
TGGGCCATGACCTAGT-frozen_3T3_PEG_100_4cycles,4308,2590
TGGGCCATGGTTTACG-frozen_3T3_PEG_100_4cycles,4590,2661
TGGGCGTACAACGTGG-frozen_3T3_PEG_100_4cycles,2756,1714
TGGGCGTACAGTCTAC-frozen_3T3_PEG_100_4cycles,3590,2151
TGGGCGTACCACCTAA-frozen_3T3_PEG_100_4cycles,1283,962
TGGTCCTTGGCCCTTT-frozen_3T3_PEG_100_4cycles,2063,1389
TGGTCCTTGGGCAGTA-frozen_3T3_PEG_100_4cycles,1983,1425
TGTACCAGAGAATCTC-frozen_3T3_PEG_100_4cycles,2838,1853
TGTATTCACCATGCGC-frozen_3T3_PEG_100_4cycles,2259,1543
TGTCATGGACCTGCGA-frozen_3T3_PEG_100_4cycles,1263,902
TGTCATGGATCCAATG-frozen_3T3_PEG_100_4cycles,4477,2458
TGTCCCATGATTAAGG-frozen_3T3_PEG_100_4cycles,1343,971
TGTCGAAACCAGCAAG-frozen_3T3_PEG_100_4cycles,894,667
TGTCGAAACTCGAGAG-frozen_3T3_PEG_100_4cycles,2327,1374
TGTGGCTCTCTTGTGA-frozen_3T3_PEG_100_4cycles,5131,2699
TGTGGTAACCTCGAGC-frozen_3T3_PEG_100_4cycles,4521,2597
TGTGGTAACTCGTAGT-frozen_3T3_PEG_100_4cycles,4038,2187
TGTTAACCTGTTAGTC-frozen_3T3_PEG_100_4cycles,1464,1087
TGTTACTTGCGAGTTT-frozen_3T3_PEG_100_4cycles,4736,2532
TGTTCTCCTCAATAGA-frozen_3T3_PEG_100_4cycles,2525,1688
TGTTGACGAACCGTTA-frozen_3T3_PEG_100_4cycles,1461,1108
TGTTGTACTTAGCAGG-frozen_3T3_PEG_100_4cycles,4990,2553
TTAAGGAGAATCCTTT-frozen_3T3_PEG_100_4cycles,1677,1230
TTAGCGATGAGGTGAC-frozen_3T3_PEG_100_4cycles,4723,2389
TTAGTCTTGGCTAGAG-frozen_3T3_PEG_100_4cycles,5993,2970
TTATGGTCTCGATGTT-frozen_3T3_PEG_100_4cycles,4255,2458
TTCAAGTCTAGGGAGG-frozen_3T3_PEG_100_4cycles,3155,1960
TTCAAGTCTCCTAGTA-frozen_3T3_PEG_100_4cycles,2585,1610
TTCACGAGACGGCACT-frozen_3T3_PEG_100_4cycles,2499,1750
TTCAGTTACCGATCGC-frozen_3T3_PEG_100_4cycles,4772,2521
TTCCAAACTACCTGCG-frozen_3T3_PEG_100_4cycles,2668,1643
TTCCAAACTCAATGAA-frozen_3T3_PEG_100_4cycles,2530,1564
TTCCAAACTCCAAGTT-frozen_3T3_PEG_100_4cycles,4091,2386
TTCCAAACTCGATTAC-frozen_3T3_PEG_100_4cycles,6057,3029
TTCCAAACTTAATCGC-frozen_3T3_PEG_100_4cycles,986,806
TTCCACTCTCCTAGCG-frozen_3T3_PEG_100_4cycles,3850,2274
TTCCACTCTCGATCGC-frozen_3T3_PEG_100_4cycles,6881,3352
TTCCTAAACGAGAGGG-frozen_3T3_PEG_100_4cycles,2748,1674
TTCCTACCTCCAGAGA-frozen_3T3_PEG_100_4cycles,2973,1850
TTCCTCGGAATGTCCA-frozen_3T3_PEG_100_4cycles,1979,1308
TTCGACCACCCACTTC-frozen_3T3_PEG_100_4cycles,3955,2328
TTCGATGGACAGGTGA-frozen_3T3_PEG_100_4cycles,5528,2943
TTCGATGGACGTAACT-frozen_3T3_PEG_100_4cycles,2515,1642
TTCGTCCGATACAGCT-frozen_3T3_PEG_100_4cycles,2607,1724
TTCTAACACGCCCTAG-frozen_3T3_PEG_100_4cycles,2088,1434
TTCTAGACTCGATTCA-frozen_3T3_PEG_100_4cycles,4958,2746
TTCTAGACTGATCATC-frozen_3T3_PEG_100_4cycles,3635,2166
TTCTAGTTGTAACGAA-frozen_3T3_PEG_100_4cycles,2297,1592
TTGCGGTCTCGAGGTA-frozen_3T3_PEG_100_4cycles,3053,1988
TTGCGGTCTCTTAGTG-frozen_3T3_PEG_100_4cycles,3397,2023
TTGGAGACTGACAAAT-frozen_3T3_PEG_100_4cycles,2250,1590
TTGGCAAACGGTTGAG-frozen_3T3_PEG_100_4cycles,2754,1832
TTGGCGCGAGTCTTGA-frozen_3T3_PEG_100_4cycles,3054,1877
TTGGCTCTGCCAGCTG-frozen_3T3_PEG_100_4cycles,2548,1651
TTGGTCCACACGCGAA-frozen_3T3_PEG_100_4cycles,1613,1124
TTGGTCCACCTCGAGC-frozen_3T3_PEG_100_4cycles,1421,1056
TTGTCAACTGCTTTGA-frozen_3T3_PEG_100_4cycles,987,823
TTGTGGTGATACGATC-frozen_3T3_PEG_100_4cycles,2395,1553
TTTCATCGAACCGTTA-frozen_3T3_PEG_100_4cycles,2992,1867
TTTCATCGATCTGCAA-frozen_3T3_PEG_100_4cycles,4105,2334
TTTCGCTCTCGCTCGA-frozen_3T3_PEG_100_4cycles,1731,1262
TTTCGTAACCTTAAGC-frozen_3T3_PEG_100_4cycles,3175,1923
TTTGCGGCTCCTAGGC-frozen_3T3_PEG_100_4cycles,5173,2795
AAACGAAACCGTAACT-frozen_3T3_PEG_200_4cycles,3030,1902
AAACGCTACAACGTAA-frozen_3T3_PEG_200_4cycles,5163,2672
AAACTCTCTCGAGGAT-frozen_3T3_PEG_200_4cycles,2534,1647
AAACTCTCTGGAATGC-frozen_3T3_PEG_200_4cycles,3674,2286
AAAGCGGACTCCCGTT-frozen_3T3_PEG_200_4cycles,2843,1843
AAAGGATACAGGCGTA-frozen_3T3_PEG_200_4cycles,3447,2180
AAATAGGTGCAACGCC-frozen_3T3_PEG_200_4cycles,4354,2460
AAATGCGCTAGTTGAA-frozen_3T3_PEG_200_4cycles,5943,3097
AAATGCGCTCGGGTAA-frozen_3T3_PEG_200_4cycles,4235,2534
AACCGCTCTTCGGGCT-frozen_3T3_PEG_200_4cycles,2978,1850
AACCGGCACTGCATGT-frozen_3T3_PEG_200_4cycles,1684,1143
AACGCGAGACGTACAT-frozen_3T3_PEG_200_4cycles,2459,1632
AACTCCCTGAGTAGGC-frozen_3T3_PEG_200_4cycles,3129,1826
AACTCCCTGGAACAGC-frozen_3T3_PEG_200_4cycles,2951,2003
AACTTGGACCCAGGCT-frozen_3T3_PEG_200_4cycles,4812,2627
AAGAAACACTGTTCCC-frozen_3T3_PEG_200_4cycles,6720,3288
AAGACCTACCGAAAGC-frozen_3T3_PEG_200_4cycles,1760,1155
AAGACCTACGCCCTAG-frozen_3T3_PEG_200_4cycles,2723,1749
AAGACCTACGGAGTCA-frozen_3T3_PEG_200_4cycles,956,773
AAGACGGTGAAACTGA-frozen_3T3_PEG_200_4cycles,7250,3445
AAGAGAGGATCATTGG-frozen_3T3_PEG_200_4cycles,3060,1972
AAGCGCCACGAATGTA-frozen_3T3_PEG_200_4cycles,6577,3346
AAGGGCATGCCGTGAC-frozen_3T3_PEG_200_4cycles,4790,2632
AAGTACCACGTTAGAA-frozen_3T3_PEG_200_4cycles,2120,1526
AAGTCTTCTAACGAAT-frozen_3T3_PEG_200_4cycles,4023,2327
AAGTGACCTACCATGT-frozen_3T3_PEG_200_4cycles,2395,1588
AAGTTTCCTCTTGAAC-frozen_3T3_PEG_200_4cycles,5374,2848
AATCAGCTGGGCAGTA-frozen_3T3_PEG_200_4cycles,5358,2928
AATCCAGACCCAGAGA-frozen_3T3_PEG_200_4cycles,4010,2326
AATGATGGATGGTCCG-frozen_3T3_PEG_200_4cycles,2158,1522
AATGTGCACACGCCAC-frozen_3T3_PEG_200_4cycles,2743,1756
ACAAAGAACGGTATGG-frozen_3T3_PEG_200_4cycles,4020,2354
ACACTCCACGACGCCT-frozen_3T3_PEG_200_4cycles,3572,2097
ACACTCCACTATGACC-frozen_3T3_PEG_200_4cycles,3633,2144
ACAGACTACTTGTACG-frozen_3T3_PEG_200_4cycles,4687,2626
ACATGTGTGTTGTGAC-frozen_3T3_PEG_200_4cycles,2757,1827
ACCAAGTTGCCTGAGC-frozen_3T3_PEG_200_4cycles,2296,1669
ACCAATGACGCTTACA-frozen_3T3_PEG_200_4cycles,6075,3100
ACCCTTGTGACTCGAT-frozen_3T3_PEG_200_4cycles,5798,3099
ACCCTTTCTGAGTGAC-frozen_3T3_PEG_200_4cycles,2306,1569
ACCGTGTCTGCTGAGA-frozen_3T3_PEG_200_4cycles,1227,952
ACCTATGGAGGACCAA-frozen_3T3_PEG_200_4cycles,2735,1716
ACCTCCAACAGCTTTG-frozen_3T3_PEG_200_4cycles,2771,1743
ACCTCCAACCCAGCTG-frozen_3T3_PEG_200_4cycles,3843,2218
ACCTCCAACTTGGGAG-frozen_3T3_PEG_200_4cycles,698,610
ACCTGCTACTCTGGAT-frozen_3T3_PEG_200_4cycles,4324,2494
ACGAGGATGTAAGTAG-frozen_3T3_PEG_200_4cycles,2084,1409
ACGAGGATGTCGTCAA-frozen_3T3_PEG_200_4cycles,3109,1720
ACGCAGAGATTGACAC-frozen_3T3_PEG_200_4cycles,2389,1605
ACGCCCAGAATAGGTA-frozen_3T3_PEG_200_4cycles,4108,2358
ACGGAATCTAGGCGTA-frozen_3T3_PEG_200_4cycles,2607,1631
ACGGCCATGAGTGGTG-frozen_3T3_PEG_200_4cycles,5516,2918
ACGGTTCCTCATAGCT-frozen_3T3_PEG_200_4cycles,1252,974
ACTCCAGCTCGTTAGT-frozen_3T3_PEG_200_4cycles,4713,2456
ACTCGCTACACCAGTT-frozen_3T3_PEG_200_4cycles,3030,1956
ACTCGCTACACGCGAA-frozen_3T3_PEG_200_4cycles,2483,1598
ACTCGGGACATCCTTT-frozen_3T3_PEG_200_4cycles,1881,1339
ACTGCTAGACCGCAGT-frozen_3T3_PEG_200_4cycles,3577,2180
ACTGTCCACGCGCTGT-frozen_3T3_PEG_200_4cycles,4792,2421
ACTGTGATGGCTTACA-frozen_3T3_PEG_200_4cycles,2324,1622
ACTTATCTGAAGGCCA-frozen_3T3_PEG_200_4cycles,2966,1967
ACTTGAGTGCGATGTT-frozen_3T3_PEG_200_4cycles,7301,3494
AGAACAATGTCGTAAC-frozen_3T3_PEG_200_4cycles,6428,3329
AGACCATTGGGTTGAG-frozen_3T3_PEG_200_4cycles,2753,1743
AGAGCAGTGAAGGCTG-frozen_3T3_PEG_200_4cycles,6660,3372
AGCACATTGGCGGTTC-frozen_3T3_PEG_200_4cycles,2001,1369
AGCCAATTGATCACAC-frozen_3T3_PEG_200_4cycles,4591,2557
AGCCGGTACTTGACAC-frozen_3T3_PEG_200_4cycles,4350,2486
AGCGCCTGACCTCAAA-frozen_3T3_PEG_200_4cycles,4208,2366
AGCGCCTGAGCTACGC-frozen_3T3_PEG_200_4cycles,3330,2092
AGCGTATACGAAACAT-frozen_3T3_PEG_200_4cycles,5824,3144
AGCTATCGATTCTGAG-frozen_3T3_PEG_200_4cycles,3239,2049
AGCTTGCCTCGGTACC-frozen_3T3_PEG_200_4cycles,4637,2635
AGGACAGACTTCGTTT-frozen_3T3_PEG_200_4cycles,3601,1996
AGGAGGTTGTAGGAGC-frozen_3T3_PEG_200_4cycles,8624,4088
AGGAGTTCTAAGCTAA-frozen_3T3_PEG_200_4cycles,939,787
AGGCGATGATCGCAGC-frozen_3T3_PEG_200_4cycles,4961,2626
AGGGACATGCCAAACT-frozen_3T3_PEG_200_4cycles,3656,2208
AGGGACCCTCAGGTGA-frozen_3T3_PEG_200_4cycles,3022,1950
AGGGAGTTGCACTCAA-frozen_3T3_PEG_200_4cycles,1329,996
AGGGTTTACCGTGCAC-frozen_3T3_PEG_200_4cycles,6045,3129
AGGTAGGTGGGACCAA-frozen_3T3_PEG_200_4cycles,4223,2535
AGTACAAGAAAGGTGC-frozen_3T3_PEG_200_4cycles,2932,1791
AGTCGAACTAGGGCTA-frozen_3T3_PEG_200_4cycles,2262,1514
AGTGAAATGTCGACAT-frozen_3T3_PEG_200_4cycles,4003,2378
AGTGTGACTTGGGCCT-frozen_3T3_PEG_200_4cycles,3338,2149
AGTTCACGAACGTGCC-frozen_3T3_PEG_200_4cycles,2722,1812
AGTTTCACTTTAGCTG-frozen_3T3_PEG_200_4cycles,2454,1559
ATACCTGGATGAAAGT-frozen_3T3_PEG_200_4cycles,4624,2607
ATAGGAAACAGTAGGC-frozen_3T3_PEG_200_4cycles,2243,1542
ATCAAAGGACAGCTGC-frozen_3T3_PEG_200_4cycles,4094,2283
ATCCTCGACTTAGCTG-frozen_3T3_PEG_200_4cycles,3633,2125
ATCGAGACTCATACTG-frozen_3T3_PEG_200_4cycles,3382,2235
ATCGAGACTGATAGCG-frozen_3T3_PEG_200_4cycles,3035,1821
ATCGAGTTGTAGGAGC-frozen_3T3_PEG_200_4cycles,6707,3127
ATCGCAAACCTGTACA-frozen_3T3_PEG_200_4cycles,1334,1019
ATCGCAATGTATCTGG-frozen_3T3_PEG_200_4cycles,6840,3528
ATCGGTCCTCAGGGAT-frozen_3T3_PEG_200_4cycles,1096,888
ATCGGTCCTCCTTCCA-frozen_3T3_PEG_200_4cycles,4984,2549
ATCTTACTGACGCCAC-frozen_3T3_PEG_200_4cycles,1345,1025
ATCTTACTGGAGTGAC-frozen_3T3_PEG_200_4cycles,2536,1647
ATCTTACTGGCGCAAA-frozen_3T3_PEG_200_4cycles,4286,2396
ATGACAAGACGTAACT-frozen_3T3_PEG_200_4cycles,2540,1650
ATGCAAAGACACCTAA-frozen_3T3_PEG_200_4cycles,2984,1931
ATGGCATTGATCATGC-frozen_3T3_PEG_200_4cycles,2509,1738
ATGGCTATGCGCAAAG-frozen_3T3_PEG_200_4cycles,2509,1726
ATGGCTATGCTGGCAC-frozen_3T3_PEG_200_4cycles,705,603
ATGGCTATGGACAAAT-frozen_3T3_PEG_200_4cycles,3436,2167
ATGGGACGAACGTAAA-frozen_3T3_PEG_200_4cycles,1723,1190
ATGTCCAGACGGTTGC-frozen_3T3_PEG_200_4cycles,1384,1039
ATGTCCGCTCCTGAGC-frozen_3T3_PEG_200_4cycles,3065,1995
ATGTCCGCTTTGGTTG-frozen_3T3_PEG_200_4cycles,3971,2144
ATTCCAGGAATCTGTG-frozen_3T3_PEG_200_4cycles,3522,2235
ATTGAGAGATGACCTA-frozen_3T3_PEG_200_4cycles,3946,2187
ATTTAGCCTAATGCTC-frozen_3T3_PEG_200_4cycles,3825,2261
CAAAGAATGCCTCAAA-frozen_3T3_PEG_200_4cycles,5387,2761
CAACAACACCGAAGCA-frozen_3T3_PEG_200_4cycles,1394,1070
CAACAACACGGAATGC-frozen_3T3_PEG_200_4cycles,3766,2316
CAACACCCTCCGTTAA-frozen_3T3_PEG_200_4cycles,3698,2215
CAACACCCTTTCTGAG-frozen_3T3_PEG_200_4cycles,3349,1951
CAACCCTACCGTACAT-frozen_3T3_PEG_200_4cycles,4201,2597
CAAGAATGAAGTCTAC-frozen_3T3_PEG_200_4cycles,4531,2655
CAAGCAACTGCAGTTT-frozen_3T3_PEG_200_4cycles,3731,2299
CAAGGGAACCGAAGCA-frozen_3T3_PEG_200_4cycles,3955,2223
CAAGGGTGACCAGCAC-frozen_3T3_PEG_200_4cycles,5898,2880
CAAGGGTGATGAGTAA-frozen_3T3_PEG_200_4cycles,1253,1005
CAATAGAGAAGGACCA-frozen_3T3_PEG_200_4cycles,711,607
CAATCAGACAGTGGTG-frozen_3T3_PEG_200_4cycles,3003,1932
CAATCAGACGGTAGAC-frozen_3T3_PEG_200_4cycles,6228,3136
CAATGCCCTAACCCGC-frozen_3T3_PEG_200_4cycles,10479,4642
CAATTCGGATGCATGT-frozen_3T3_PEG_200_4cycles,3775,2397
CACATGATGGTACGTT-frozen_3T3_PEG_200_4cycles,5883,2981
CACCAAATGTGCGCCA-frozen_3T3_PEG_200_4cycles,1769,1247
CACCCATACACCTTGA-frozen_3T3_PEG_200_4cycles,5843,3099
CACGGAAGACGAATCT-frozen_3T3_PEG_200_4cycles,2071,1340
CACGGAAGAGGACCTC-frozen_3T3_PEG_200_4cycles,5245,2909
CACTATACTATCATCG-frozen_3T3_PEG_200_4cycles,2964,1848
CACTATTTGGACTGTT-frozen_3T3_PEG_200_4cycles,2960,1782
CACTTTATGGTACGTT-frozen_3T3_PEG_200_4cycles,15029,5623
CAGCTCACTAGCTTTG-frozen_3T3_PEG_200_4cycles,2596,1573
CAGGACCTGAGCTTGT-frozen_3T3_PEG_200_4cycles,4146,2562
CAGGAGCCTGTACGTT-frozen_3T3_PEG_200_4cycles,3501,2014
CAGGCTTCTTTTCTTG-frozen_3T3_PEG_200_4cycles,4158,2276
CAGGGCACTAGGGCTA-frozen_3T3_PEG_200_4cycles,6280,3175
CAGTGTAACACAACAA-frozen_3T3_PEG_200_4cycles,5449,2807
CAGTGTAACACCCGGT-frozen_3T3_PEG_200_4cycles,4078,2342
CAGTGTAACAGGACCA-frozen_3T3_PEG_200_4cycles,3363,1989
CAGTTGATGCTGTACA-frozen_3T3_PEG_200_4cycles,4280,2486
CATCTGAGATTTCTGT-frozen_3T3_PEG_200_4cycles,4429,2517
CATGCAAACTAATAGG-frozen_3T3_PEG_200_4cycles,11013,4632
CATGTCAGAAGCTTGT-frozen_3T3_PEG_200_4cycles,12095,4737
CATGTCAGACCCGCAA-frozen_3T3_PEG_200_4cycles,3534,1981
CATGTTACTCACAGTT-frozen_3T3_PEG_200_4cycles,2114,1491
CATTGCGCTCGTACAT-frozen_3T3_PEG_200_4cycles,2002,1380
CATTGCGCTGACCGAA-frozen_3T3_PEG_200_4cycles,3254,1982
CATTGGAACTGTCACA-frozen_3T3_PEG_200_4cycles,4330,2468
CCACGGATGTACTTTC-frozen_3T3_PEG_200_4cycles,983,764
CCACTAAGAATTCTGG-frozen_3T3_PEG_200_4cycles,6827,3366
CCAGGCAACCAAGTAA-frozen_3T3_PEG_200_4cycles,4763,2675
CCCAGGATGCCAAGTT-frozen_3T3_PEG_200_4cycles,6738,3428
CCCATTTCTAGTCTAC-frozen_3T3_PEG_200_4cycles,2537,1721
CCCTCCTTGTGCGCCA-frozen_3T3_PEG_200_4cycles,3247,2064
CCGAGACACGTCCCGA-frozen_3T3_PEG_200_4cycles,3348,2046
CCGAGACACTGAGGCA-frozen_3T3_PEG_200_4cycles,2381,1620
CCGATTCACTGGTCCG-frozen_3T3_PEG_200_4cycles,2696,1788
CCGCTATTGAGTACGG-frozen_3T3_PEG_200_4cycles,1894,1389
CCGCTATTGCGTACAT-frozen_3T3_PEG_200_4cycles,1591,1138
CCGCTATTGTGGTGAG-frozen_3T3_PEG_200_4cycles,1124,887
CCGTCTATGATCATGC-frozen_3T3_PEG_200_4cycles,1824,1212
CCGTTAAGAGCTTCGG-frozen_3T3_PEG_200_4cycles,3280,2217
CCGTTACTGGCAGGAT-frozen_3T3_PEG_200_4cycles,7603,3644
CCTACGTTGATCCTTT-frozen_3T3_PEG_200_4cycles,5055,2624
CCTACTGTGCAGCTGC-frozen_3T3_PEG_200_4cycles,4982,2837
CCTCACAACGAATGTA-frozen_3T3_PEG_200_4cycles,4022,2336
CCTCACATGATGTCAC-frozen_3T3_PEG_200_4cycles,1110,817
CCTGCCTCTCCAAACT-frozen_3T3_PEG_200_4cycles,4793,2475
CCTTGGTACGGTGCAA-frozen_3T3_PEG_200_4cycles,3287,2197
CGAAACGGATGCTCAA-frozen_3T3_PEG_200_4cycles,4980,2741
CGACAATACCTGGGTC-frozen_3T3_PEG_200_4cycles,4138,2515
CGACAATACTTCCATT-frozen_3T3_PEG_200_4cycles,9937,4206
CGACGACACCCTCAAA-frozen_3T3_PEG_200_4cycles,3007,2020
CGAGAGATGACACCTA-frozen_3T3_PEG_200_4cycles,4151,2372
CGATAAAGAAGCAAGC-frozen_3T3_PEG_200_4cycles,2959,1953
CGATGATTGGGTTTGT-frozen_3T3_PEG_200_4cycles,4476,2562
CGCAAAGGATACAGCT-frozen_3T3_PEG_200_4cycles,6533,3395
CGCAAATACTTTGGGT-frozen_3T3_PEG_200_4cycles,5151,2757
CGCGTTGGAAAATCGA-frozen_3T3_PEG_200_4cycles,4354,2301
CGCTTAAGACAGCAAG-frozen_3T3_PEG_200_4cycles,11153,4621
CGGACGTTGTTCTCGC-frozen_3T3_PEG_200_4cycles,4234,2488
CGGCTAGTGTCAGGTT-frozen_3T3_PEG_200_4cycles,3326,1973
CGGTCGATGGCTGAGA-frozen_3T3_PEG_200_4cycles,7213,3416
CGGTTGGACTTGACCA-frozen_3T3_PEG_200_4cycles,3851,2284
CGTAGCTCTCCCGCAA-frozen_3T3_PEG_200_4cycles,2477,1617
CGTATCGCTTCGTCAA-frozen_3T3_PEG_200_4cycles,4483,2624
CGTCGTACTGGATGGT-frozen_3T3_PEG_200_4cycles,2679,1761
CGTCTTGACTAACCCA-frozen_3T3_PEG_200_4cycles,1332,987
CGTGGAAGATTACGAC-frozen_3T3_PEG_200_4cycles,4400,2442
CGTTCTCGATAGCGAG-frozen_3T3_PEG_200_4cycles,6495,3283
CTAACAGTGTTCCATT-frozen_3T3_PEG_200_4cycles,3342,2034
CTAACTGGAAATCGAA-frozen_3T3_PEG_200_4cycles,3791,2348
CTACCTCGAAACCCGC-frozen_3T3_PEG_200_4cycles,4407,2436
CTCAATTTGATCCTCC-frozen_3T3_PEG_200_4cycles,4807,2694
CTCAATTTGGTACTAC-frozen_3T3_PEG_200_4cycles,2465,1531
CTCAGCACTGCCCTGA-frozen_3T3_PEG_200_4cycles,2231,1403
CTCAGCACTTGGCTTA-frozen_3T3_PEG_200_4cycles,2586,1682
CTCATAACTGGGTTCC-frozen_3T3_PEG_200_4cycles,2732,1667
CTCATAACTTCTTTGT-frozen_3T3_PEG_200_4cycles,5751,2965
CTCCTAGTGAGGGAGG-frozen_3T3_PEG_200_4cycles,1946,1325
CTCGAACCTATCAGGG-frozen_3T3_PEG_200_4cycles,3893,2418
CTCGGATCTTTCTGAG-frozen_3T3_PEG_200_4cycles,7105,3419
CTCGGTTACGAACATA-frozen_3T3_PEG_200_4cycles,4084,2408
CTCTATAACAACTAGA-frozen_3T3_PEG_200_4cycles,4704,2716
CTCTCTGGAGGTGCAA-frozen_3T3_PEG_200_4cycles,8114,3864
CTCTGGACTAGTCGGA-frozen_3T3_PEG_200_4cycles,2013,1398
CTGACGTCTCGAATCT-frozen_3T3_PEG_200_4cycles,1774,1254
CTGACGTCTGAGCTGA-frozen_3T3_PEG_200_4cycles,4778,2587
CTGAGCGTGTACTTTC-frozen_3T3_PEG_200_4cycles,2851,1780
CTGAGCGTGTGAAAGT-frozen_3T3_PEG_200_4cycles,4707,2499
CTGCACGGACCTAGCG-frozen_3T3_PEG_200_4cycles,4388,2447
CTGCCATTGGAATAGT-frozen_3T3_PEG_200_4cycles,3131,1976
CTGCCTTGATACTTTC-frozen_3T3_PEG_200_4cycles,11155,4598
CTGCTGGGAGAATAGT-frozen_3T3_PEG_200_4cycles,6008,3000
CTGGCCAGAAGCCCTG-frozen_3T3_PEG_200_4cycles,11616,4750
CTGTAAGTGAATCCAC-frozen_3T3_PEG_200_4cycles,5546,2805
CTGTGCACTGACAAAT-frozen_3T3_PEG_200_4cycles,5376,2810
CTTACATTGATGGCCC-frozen_3T3_PEG_200_4cycles,5611,2999
CTTACATTGGGCCTTG-frozen_3T3_PEG_200_4cycles,3820,2248
CTTAGAGACCCGGACT-frozen_3T3_PEG_200_4cycles,1148,931
CTTCGCCCTCCTAACA-frozen_3T3_PEG_200_4cycles,9691,4299
CTTGCGTTGAAGGCCA-frozen_3T3_PEG_200_4cycles,4758,2737
CTTGCTGACAGGCATG-frozen_3T3_PEG_200_4cycles,3452,2090
CTTTAGGGATTCGGGC-frozen_3T3_PEG_200_4cycles,5094,2828
CTTTATGTGACCAAGG-frozen_3T3_PEG_200_4cycles,3469,2238
CTTTCTGCTCCGATTA-frozen_3T3_PEG_200_4cycles,3984,2374
GAAATGAACTGCTACA-frozen_3T3_PEG_200_4cycles,4748,2617
GAACAACCTTAACCCA-frozen_3T3_PEG_200_4cycles,1708,1220
GAACCATACCCTAGGC-frozen_3T3_PEG_200_4cycles,1893,1384
GAACTCCCTTAATGCC-frozen_3T3_PEG_200_4cycles,3115,2014
GAAGTCTTGAATGCTC-frozen_3T3_PEG_200_4cycles,3192,2048
GACAATCTGAGCGCTC-frozen_3T3_PEG_200_4cycles,3808,2236
GACCACTCTCCTAGTA-frozen_3T3_PEG_200_4cycles,3150,1891
GACCCACGAATAGGTA-frozen_3T3_PEG_200_4cycles,3635,2206
GACCGCTGATTCGTTT-frozen_3T3_PEG_200_4cycles,1352,1003
GACGCGACTACACCGC-frozen_3T3_PEG_200_4cycles,3271,2113
GACTACTGATATCTGG-frozen_3T3_PEG_200_4cycles,2731,1640
GACTATTCTTAAGTAG-frozen_3T3_PEG_200_4cycles,3961,2344
GAGAAGAGACCGTGAC-frozen_3T3_PEG_200_4cycles,2615,1761
GAGAGCCCTTTACGAC-frozen_3T3_PEG_200_4cycles,3096,1952
GAGATCACTTGAGTAA-frozen_3T3_PEG_200_4cycles,3477,1976
GAGCCTCGATGGGCAA-frozen_3T3_PEG_200_4cycles,2392,1625
GAGCCTGACGAGTGAC-frozen_3T3_PEG_200_4cycles,769,620
GAGTCATTGTGAGCAG-frozen_3T3_PEG_200_4cycles,2065,1471
GAGTCTCCTTACGTTG-frozen_3T3_PEG_200_4cycles,1253,956
GAGTTGTTGCCTAGGC-frozen_3T3_PEG_200_4cycles,3215,2001
GATAAGAACAGGACCA-frozen_3T3_PEG_200_4cycles,806,623
GATACGGGAGAACAGC-frozen_3T3_PEG_200_4cycles,3116,1958
GATCGCGTGAGACTTC-frozen_3T3_PEG_200_4cycles,1359,1077
GATGCATTGCCTAGCG-frozen_3T3_PEG_200_4cycles,2753,1838
GATGCATTGTCTGGGC-frozen_3T3_PEG_200_4cycles,3576,2230
GATGGTTACAATAGCA-frozen_3T3_PEG_200_4cycles,2143,1464
GATGGTTACAGTGGTG-frozen_3T3_PEG_200_4cycles,2364,1545
GCAAACTACAAACTGA-frozen_3T3_PEG_200_4cycles,2843,1885
GCAAATCTGTGCTGTA-frozen_3T3_PEG_200_4cycles,3984,2337
GCACAATACGCCGCTA-frozen_3T3_PEG_200_4cycles,2877,1767
GCACAATTGGGGACTA-frozen_3T3_PEG_200_4cycles,2227,1535
GCATCACCTAGCCTAT-frozen_3T3_PEG_200_4cycles,2640,1720
GCATCACCTTAAGCAA-frozen_3T3_PEG_200_4cycles,6561,3339
GCATCACCTTGAACAA-frozen_3T3_PEG_200_4cycles,4508,2451
GCATCCTTGCGGTACC-frozen_3T3_PEG_200_4cycles,2980,1847
GCCTAAATGTGGTGAG-frozen_3T3_PEG_200_4cycles,2525,1705
GCGAGAATGGACCGAA-frozen_3T3_PEG_200_4cycles,2022,1406
GCGCAGTTGGACGCCT-frozen_3T3_PEG_200_4cycles,7673,3507
GCGCGAACTCGGCACT-frozen_3T3_PEG_200_4cycles,2555,1666
GCGCGATACTTTCTGT-frozen_3T3_PEG_200_4cycles,3289,2067
GCGTAAGGAATCAGCT-frozen_3T3_PEG_200_4cycles,4751,2816
GCGTTCTACAAATGCA-frozen_3T3_PEG_200_4cycles,2584,1596
GCTACGGACTGCTCAA-frozen_3T3_PEG_200_4cycles,3007,1782
GCTACTGCTCGTTAGT-frozen_3T3_PEG_200_4cycles,5094,2711
GCTATTGGACAAGTAA-frozen_3T3_PEG_200_4cycles,3479,2251
GCTCCTAACGGCCATC-frozen_3T3_PEG_200_4cycles,3022,1874
GCTGAATTGTAGGCGA-frozen_3T3_PEG_200_4cycles,5267,2920
GCTGGAAGAAATCCGT-frozen_3T3_PEG_200_4cycles,977,780
GCTGGACACTGTGCTA-frozen_3T3_PEG_200_4cycles,2383,1526
GCTGTGGTGGGACTGA-frozen_3T3_PEG_200_4cycles,5986,3056
GCTTCCTGAAAGACAT-frozen_3T3_PEG_200_4cycles,2639,1795
GGAACTACTGACGCCT-frozen_3T3_PEG_200_4cycles,3042,1979
GGACACCTGTTCCATT-frozen_3T3_PEG_200_4cycles,3143,1801
GGACCACTGAGGGAGG-frozen_3T3_PEG_200_4cycles,3814,2278
GGACCACTGCATGCGC-frozen_3T3_PEG_200_4cycles,1374,1040
GGACCACTGTCGTCAA-frozen_3T3_PEG_200_4cycles,1231,940
GGATACTACAGGTGCA-frozen_3T3_PEG_200_4cycles,809,692
GGATATAGAGCTTACA-frozen_3T3_PEG_200_4cycles,2625,1634
GGATCCCGATGTGGGA-frozen_3T3_PEG_200_4cycles,3031,1998
GGCAACAGAGCCCTTT-frozen_3T3_PEG_200_4cycles,2667,1481
GGCAACAGAGCTAGAG-frozen_3T3_PEG_200_4cycles,5732,2871
GGCAGTAGAACCTTGA-frozen_3T3_PEG_200_4cycles,1370,1021
GGCGCAACTTGGGCAA-frozen_3T3_PEG_200_4cycles,4500,2485
GGCGTACACCTAACGT-frozen_3T3_PEG_200_4cycles,1039,806
GGCTCAGACCAGATTC-frozen_3T3_PEG_200_4cycles,5605,2927
GGCTGCAACTTTCTTG-frozen_3T3_PEG_200_4cycles,1678,1189
GGGATTGGAGCGCACT-frozen_3T3_PEG_200_4cycles,4305,2482
GGGTAGAACTGCTGTA-frozen_3T3_PEG_200_4cycles,2369,1607
GGGTATGGATAGCGAG-frozen_3T3_PEG_200_4cycles,2680,1812
GGGTCACACAGCTGAG-frozen_3T3_PEG_200_4cycles,4870,2735
GGTAAGCGAGACATAA-frozen_3T3_PEG_200_4cycles,2134,1450
GGTACGCTGCGAAAGC-frozen_3T3_PEG_200_4cycles,3086,1985
GGTAGCAGAGCTACGC-frozen_3T3_PEG_200_4cycles,2000,1433
GGTAGTTTGTGTGCTA-frozen_3T3_PEG_200_4cycles,6967,3404
GGTATCTGATGCATGT-frozen_3T3_PEG_200_4cycles,3422,2171
GGTATTGACCAAGTAA-frozen_3T3_PEG_200_4cycles,3890,2413
GGTGGAAACGGTTGAG-frozen_3T3_PEG_200_4cycles,709,602
GGTGTAACTAGCCTAT-frozen_3T3_PEG_200_4cycles,3013,2022
GGTTCAATGTCCCGTT-frozen_3T3_PEG_200_4cycles,2259,1594
GGTTCATGATGTTCCC-frozen_3T3_PEG_200_4cycles,5502,3011
GGTTGAACTGCCCAAC-frozen_3T3_PEG_200_4cycles,3352,1986
GTAAACAGAAGGTAAT-frozen_3T3_PEG_200_4cycles,1609,1140
GTAAAGCCTACTAGGG-frozen_3T3_PEG_200_4cycles,3814,2271
GTAAGGCGATCATTGG-frozen_3T3_PEG_200_4cycles,5249,2746
GTAATCTCTCTGAGAG-frozen_3T3_PEG_200_4cycles,3783,2203
GTACATCGACCACATA-frozen_3T3_PEG_200_4cycles,7496,3513
GTACCGGACACACAAA-frozen_3T3_PEG_200_4cycles,1393,1009
GTACTGCCTATCCGTA-frozen_3T3_PEG_200_4cycles,1904,1317
GTAGGTTTGATGAATG-frozen_3T3_PEG_200_4cycles,2922,1896
GTAGGTTTGTTGGTTG-frozen_3T3_PEG_200_4cycles,2299,1581
GTAGTGGGATGGCATT-frozen_3T3_PEG_200_4cycles,3378,1828
GTAGTTGACTGTTGTG-frozen_3T3_PEG_200_4cycles,4180,2508
GTATAGGCTACCTGCG-frozen_3T3_PEG_200_4cycles,2792,1852
GTATAGGCTCGCACTG-frozen_3T3_PEG_200_4cycles,1087,848
GTATTCACTACCTAGT-frozen_3T3_PEG_200_4cycles,1297,970
GTCACGCGACGTAGAG-frozen_3T3_PEG_200_4cycles,2630,1657
GTCCGTTACAAGCTAA-frozen_3T3_PEG_200_4cycles,2758,1692
GTCCTACACAGCGCTC-frozen_3T3_PEG_200_4cycles,1584,1073
GTCGGCTGACAGCACC-frozen_3T3_PEG_200_4cycles,2480,1473
GTCGGCTGATAGGAGC-frozen_3T3_PEG_200_4cycles,1402,1031
GTCTGGCGAACCTAGT-frozen_3T3_PEG_200_4cycles,1393,970
GTCTGGCGACGAGTGA-frozen_3T3_PEG_200_4cycles,6704,3239
GTGATAAGATGCGGCT-frozen_3T3_PEG_200_4cycles,3691,2202
GTGCATAACTGGTCCG-frozen_3T3_PEG_200_4cycles,3086,1935
GTGCATAACTTCGGGC-frozen_3T3_PEG_200_4cycles,1409,1115
GTGCATTGAAGTCTAC-frozen_3T3_PEG_200_4cycles,3109,1976
GTTAAGAGACAGGGTA-frozen_3T3_PEG_200_4cycles,4256,2499
GTTACAGTGAAAGCTA-frozen_3T3_PEG_200_4cycles,1794,1289
GTTACAGTGGCTCAGC-frozen_3T3_PEG_200_4cycles,3298,1926
GTTATGCGATAATCGC-frozen_3T3_PEG_200_4cycles,5108,3015
GTTCCCAACGGACTGA-frozen_3T3_PEG_200_4cycles,1552,1157
GTTCCCATGCAGGTGA-frozen_3T3_PEG_200_4cycles,3253,2109
GTTCGCTTGCGACATT-frozen_3T3_PEG_200_4cycles,3741,2353
GTTCTTCCTAGAGGCT-frozen_3T3_PEG_200_4cycles,3909,2323
GTTGAAGCTTAACGAA-frozen_3T3_PEG_200_4cycles,6176,3242
GTTGAGTTGTAACGGG-frozen_3T3_PEG_200_4cycles,7210,3450
GTTTCCCGAAGATTCC-frozen_3T3_PEG_200_4cycles,3421,2213
GTTTCCCGAATGTGGG-frozen_3T3_PEG_200_4cycles,3938,2302
TAACGTTCTGCTTACA-frozen_3T3_PEG_200_4cycles,3879,2293
TAACTCACTAAAGGTT-frozen_3T3_PEG_200_4cycles,2282,1463
TAAGTGCACGTTTGGT-frozen_3T3_PEG_200_4cycles,2931,1955
TAAGTGCACTTCGTTT-frozen_3T3_PEG_200_4cycles,2997,1757
TACAACCGAGAGTGAC-frozen_3T3_PEG_200_4cycles,1929,1421
TACAACCGAGGCCTGT-frozen_3T3_PEG_200_4cycles,2950,1920
TACACGTGATGTTCCC-frozen_3T3_PEG_200_4cycles,1904,1313
TACCACCACTGAGGCA-frozen_3T3_PEG_200_4cycles,4277,2445
TACCCGGGAGAGAGGG-frozen_3T3_PEG_200_4cycles,874,702
TACCCGTTGAACGTTC-frozen_3T3_PEG_200_4cycles,3796,2168
TACCCGTTGACCTGCG-frozen_3T3_PEG_200_4cycles,3089,2050
TACCGCTTGAATCCAC-frozen_3T3_PEG_200_4cycles,4073,2432
TACGTGAACGAGAGGG-frozen_3T3_PEG_200_4cycles,1559,1114
TACGTGTGACTCACGG-frozen_3T3_PEG_200_4cycles,6353,3195
TACGTTTACCGTAGAG-frozen_3T3_PEG_200_4cycles,5269,2923
TACTGGAACTCGTCAA-frozen_3T3_PEG_200_4cycles,1196,888
TAGCATTCTGGGACTA-frozen_3T3_PEG_200_4cycles,2178,1338
TAGCGCGACTAACCCA-frozen_3T3_PEG_200_4cycles,3321,1950
TAGCTCGCTGTTAGGG-frozen_3T3_PEG_200_4cycles,1221,892
TAGGGACGATCGGGCT-frozen_3T3_PEG_200_4cycles,3912,2119
TAGTCCGCTGGTTTGT-frozen_3T3_PEG_200_4cycles,5940,3010
TAGTGCATGTGTTCCC-frozen_3T3_PEG_200_4cycles,4550,2645
TATCACTACCCTATCC-frozen_3T3_PEG_200_4cycles,4141,2478
TATCCATACACCGTTA-frozen_3T3_PEG_200_4cycles,2947,1920
TATGGGTACGTTGGTT-frozen_3T3_PEG_200_4cycles,5080,2769
TATTCAGCTCAGATTC-frozen_3T3_PEG_200_4cycles,2500,1653
TATTCAGCTGTTAGAA-frozen_3T3_PEG_200_4cycles,2680,1695
TCAAAGCACAAGGTGC-frozen_3T3_PEG_200_4cycles,3532,2178
TCAATCGGAACCGTTA-frozen_3T3_PEG_200_4cycles,2723,1670
TCAATCGGAGGACACA-frozen_3T3_PEG_200_4cycles,3180,1990
TCACACCTGAGGTGAC-frozen_3T3_PEG_200_4cycles,3944,2127
TCACATTACTACACTG-frozen_3T3_PEG_200_4cycles,5020,2735
TCAGCCGGATACGTTG-frozen_3T3_PEG_200_4cycles,6220,3061
TCAGCTAGAAAGTAAC-frozen_3T3_PEG_200_4cycles,4852,2602
TCAGGAGGACCTACGG-frozen_3T3_PEG_200_4cycles,1871,1295
TCAGTCCACCTAACGT-frozen_3T3_PEG_200_4cycles,6389,3281
TCATTCTGAGGCCATC-frozen_3T3_PEG_200_4cycles,1346,905
TCCATATACCCGGACT-frozen_3T3_PEG_200_4cycles,6883,3349
TCCATATACGGCCTTG-frozen_3T3_PEG_200_4cycles,4517,2434
TCCATGGCTCCGGCTA-frozen_3T3_PEG_200_4cycles,1797,1218
TCCATGGCTTACCTGA-frozen_3T3_PEG_200_4cycles,4140,2574
TCCATTTGACTGCGGT-frozen_3T3_PEG_200_4cycles,2700,1787
TCCATTTGATAACTCG-frozen_3T3_PEG_200_4cycles,3249,2016
TCCGACACTCAGACCC-frozen_3T3_PEG_200_4cycles,3856,2208
TCCGACACTTGACCTA-frozen_3T3_PEG_200_4cycles,3167,1915
TCCGCCTCTCCACAAT-frozen_3T3_PEG_200_4cycles,5477,2897
TCCGGGTGAAGGTGCA-frozen_3T3_PEG_200_4cycles,2374,1665
TCGACGGACCTGTACA-frozen_3T3_PEG_200_4cycles,5765,3097
TCGACTCACACTCGAT-frozen_3T3_PEG_200_4cycles,6505,3170
TCGACTCACTGAGTAA-frozen_3T3_PEG_200_4cycles,4494,2548
TCGACTCTGTGAGGCA-frozen_3T3_PEG_200_4cycles,3262,2011
TCGCACGGACTGGAAG-frozen_3T3_PEG_200_4cycles,2090,1519
TCGCGGTGACTGTACA-frozen_3T3_PEG_200_4cycles,1753,1301
TCGCGTACTGTCCCGA-frozen_3T3_PEG_200_4cycles,4463,2481
TCGGACCGATGCAAGG-frozen_3T3_PEG_200_4cycles,3492,1979
TCGGCTTACATGAATG-frozen_3T3_PEG_200_4cycles,2148,1393
TCGGGTCGACGATTAC-frozen_3T3_PEG_200_4cycles,2759,1868
TCGGGTGACACACAAA-frozen_3T3_PEG_200_4cycles,2594,1569
TCGGTGCGATCGGGCT-frozen_3T3_PEG_200_4cycles,6253,3175
TCGTAATCTACTAGTC-frozen_3T3_PEG_200_4cycles,2893,1713
TCGTATACTGCCCAAC-frozen_3T3_PEG_200_4cycles,1196,907
TCGTCCAACGAATGTA-frozen_3T3_PEG_200_4cycles,5520,2867
TCGTGAATGGATAGCG-frozen_3T3_PEG_200_4cycles,2475,1682
TCTGAACGAAACGCAG-frozen_3T3_PEG_200_4cycles,2992,1954
TCTGAGCCTAACGAAT-frozen_3T3_PEG_200_4cycles,4566,2671
TCTGGCTTGCAGTCTA-frozen_3T3_PEG_200_4cycles,4023,2279
TGAAAGAACATAGCAA-frozen_3T3_PEG_200_4cycles,4592,2670
TGACCCTACTGGCTGC-frozen_3T3_PEG_200_4cycles,3249,2133
TGAGCCCGACAGCTGC-frozen_3T3_PEG_200_4cycles,2897,1912
TGAGCTAACCTTCAAG-frozen_3T3_PEG_200_4cycles,2688,1680
TGAGCTAACGGACAGT-frozen_3T3_PEG_200_4cycles,707,598
TGAGGTACTGTCCCGA-frozen_3T3_PEG_200_4cycles,5411,2976
TGATATCCTGGACCAA-frozen_3T3_PEG_200_4cycles,1011,811
TGCAATGTGGCGTATT-frozen_3T3_PEG_200_4cycles,2050,1437
TGCAGATACCTCTGGG-frozen_3T3_PEG_200_4cycles,2772,1818
TGCCACTTGGAGCTGA-frozen_3T3_PEG_200_4cycles,6806,3295
TGCCGTGGATTTCTTG-frozen_3T3_PEG_200_4cycles,1032,762
TGCGACGACTTAGAAG-frozen_3T3_PEG_200_4cycles,5136,2668
TGCGCAGACTGCCACG-frozen_3T3_PEG_200_4cycles,4241,2509
TGCGGGACTGACATAA-frozen_3T3_PEG_200_4cycles,2851,1761
TGCTGAAACTGGTCCG-frozen_3T3_PEG_200_4cycles,4004,2239
TGGAATCACGGAATTA-frozen_3T3_PEG_200_4cycles,2440,1577
TGGATAGCTGCAGTTT-frozen_3T3_PEG_200_4cycles,2054,1364
TGGATCCCTCAGGGTA-frozen_3T3_PEG_200_4cycles,4160,2403
TGGATCCCTGCGTATT-frozen_3T3_PEG_200_4cycles,3386,1977
TGGATTGACATTGGTC-frozen_3T3_PEG_200_4cycles,4344,2477
TGGGAGTGAGAGAGGG-frozen_3T3_PEG_200_4cycles,1286,954
TGGGCGTACAACGCAG-frozen_3T3_PEG_200_4cycles,1208,920
TGGGTTTGACATACTG-frozen_3T3_PEG_200_4cycles,1822,1329
TGGTCCTTGAACGTTC-frozen_3T3_PEG_200_4cycles,2640,1765
TGGTCCTTGTGCATGT-frozen_3T3_PEG_200_4cycles,3555,2257
TGTAACGTGGGCCAAA-frozen_3T3_PEG_200_4cycles,2983,1899
TGTAAGCACGCACCCA-frozen_3T3_PEG_200_4cycles,4406,2440
TGTAAGCTGTTGGCGC-frozen_3T3_PEG_200_4cycles,5353,2692
TGTGGTAACAGCCATT-frozen_3T3_PEG_200_4cycles,5101,2726
TGTTGACGAGAGTGAC-frozen_3T3_PEG_200_4cycles,707,604
TTAGCCAGAGAATAAC-frozen_3T3_PEG_200_4cycles,1676,1226
TTAGTCTTGTTGGTTG-frozen_3T3_PEG_200_4cycles,5308,2861
TTCACGAGAGGTAGAC-frozen_3T3_PEG_200_4cycles,3987,2180
TTCAGTTACAGCCCTG-frozen_3T3_PEG_200_4cycles,1359,1021
TTCAGTTACGAAATCA-frozen_3T3_PEG_200_4cycles,2055,1390
TTCCGTCGACTTCACC-frozen_3T3_PEG_200_4cycles,3009,1949
TTCCTACCTCCTCGTT-frozen_3T3_PEG_200_4cycles,4128,2259
TTCGACCACCGCCACA-frozen_3T3_PEG_200_4cycles,1324,984
TTCGCACTGCAAGGTG-frozen_3T3_PEG_200_4cycles,3205,1940
TTCGTCCGATCCAGCG-frozen_3T3_PEG_200_4cycles,6194,3296
TTCTAGACTCACAGTT-frozen_3T3_PEG_200_4cycles,3164,2007
TTGACGTGAACGCCAC-frozen_3T3_PEG_200_4cycles,4624,2463
TTGCGGTCTCGAGGTA-frozen_3T3_PEG_200_4cycles,1779,1250
TTGCGGTCTTTTCCGC-frozen_3T3_PEG_200_4cycles,2593,1756
TTGGAGACTTGCTGTA-frozen_3T3_PEG_200_4cycles,2635,1560
TTGTATCTGTTGCGTA-frozen_3T3_PEG_200_4cycles,3763,2317
TTGTCAACTGCCCTGA-frozen_3T3_PEG_200_4cycles,2270,1537
TTGTGCCTGCAGGGAT-frozen_3T3_PEG_200_4cycles,6354,3136
TTGTGCGCTTATGACC-frozen_3T3_PEG_200_4cycles,5123,2864
TTGTTAGCTATGGCCC-frozen_3T3_PEG_200_4cycles,5321,2763
TTTACCAACAACCCGC-frozen_3T3_PEG_200_4cycles,4628,2652
TTTACCATGCGATCGC-frozen_3T3_PEG_200_4cycles,1909,1389
TTTATCCGAAGGCGTA-frozen_3T3_PEG_200_4cycles,4558,2425
AAAGCGGACGCACCCA-fresh_3T3_PEG_100_4cycles,1604,1262
AAAGTCAGAGGGACTA-fresh_3T3_PEG_100_4cycles,3239,2135
AACACTCGACGCACTG-fresh_3T3_PEG_100_4cycles,3079,1985
AACAGCTACGAAGGCT-fresh_3T3_PEG_100_4cycles,6767,3315
AACGAGGTGCATGATC-fresh_3T3_PEG_100_4cycles,2698,1750
AACGCGAGAAAACTGA-fresh_3T3_PEG_100_4cycles,2934,2037
AACTACGACCAGGCCT-fresh_3T3_PEG_100_4cycles,6134,2982
AAGAACCCTCCGTGAC-fresh_3T3_PEG_100_4cycles,1262,1010
AAGAACCCTTGCGGCT-fresh_3T3_PEG_100_4cycles,4849,2604
AAGAATGTGAGTAGGC-fresh_3T3_PEG_100_4cycles,3797,2437
AAGACAAACCGATCGC-fresh_3T3_PEG_100_4cycles,4603,2602
AAGACCTACCGGTACC-fresh_3T3_PEG_100_4cycles,1860,1368
AAGAGAGGATACACTG-fresh_3T3_PEG_100_4cycles,2217,1495
AAGGCTTACCCGTGAC-fresh_3T3_PEG_100_4cycles,1477,1129
AAGGTAATGAATCGAA-fresh_3T3_PEG_100_4cycles,5123,2803
AAGTACCACGTTAGAA-fresh_3T3_PEG_100_4cycles,4085,2391
AAGTCTTCTCATGATC-fresh_3T3_PEG_100_4cycles,1219,976
AAGTTTCCTATAGGTA-fresh_3T3_PEG_100_4cycles,2859,1919
AATGTGCTGGAATAAC-fresh_3T3_PEG_100_4cycles,5764,3196
AATTCGGTGATTGCCA-fresh_3T3_PEG_100_4cycles,7602,3778
AATTGCCGAGGCCATC-fresh_3T3_PEG_100_4cycles,3422,2028
ACAATGCACTCGGGCT-fresh_3T3_PEG_100_4cycles,5405,2833
ACACACTGACCTAGTA-fresh_3T3_PEG_100_4cycles,4148,2454
ACACAGACTAAGTCTC-fresh_3T3_PEG_100_4cycles,3288,2025
ACACAGACTGGTTTGT-fresh_3T3_PEG_100_4cycles,1933,1364
ACACATCGACGAGGAT-fresh_3T3_PEG_100_4cycles,4757,2607
ACACGTTGACTGGCAC-fresh_3T3_PEG_100_4cycles,5641,3112
ACACGTTGATCGCAGC-fresh_3T3_PEG_100_4cycles,6092,3309
ACACTCCACAGTCGGA-fresh_3T3_PEG_100_4cycles,1788,1288
ACACTCCACGCGAGTA-fresh_3T3_PEG_100_4cycles,2403,1616
ACCAATGACATGTGGG-fresh_3T3_PEG_100_4cycles,2474,1746
ACCCTTGTGACGCCAC-fresh_3T3_PEG_100_4cycles,4697,2588
ACCGTGTCTATTAAGG-fresh_3T3_PEG_100_4cycles,3096,2049
ACCGTGTCTTTGGCGC-fresh_3T3_PEG_100_4cycles,1399,1075
ACCTCACACCGATCGC-fresh_3T3_PEG_100_4cycles,957,830
ACGATCATGACGAGCA-fresh_3T3_PEG_100_4cycles,3807,2339
ACGCAGAGATTGACAC-fresh_3T3_PEG_100_4cycles,9869,4323
ACGCTCTTGAGCCATT-fresh_3T3_PEG_100_4cycles,963,788
ACGGCTTCTCGACACC-fresh_3T3_PEG_100_4cycles,2968,1966
ACTAACGTGCGCAACC-fresh_3T3_PEG_100_4cycles,1411,1115
ACTACGCCTACTAGTC-fresh_3T3_PEG_100_4cycles,3171,1953
ACTGGGCACACCCGGT-fresh_3T3_PEG_100_4cycles,2153,1418
ACTGGGCACCGTTATG-fresh_3T3_PEG_100_4cycles,1782,1313
ACTTGCCTGAGGCATG-fresh_3T3_PEG_100_4cycles,3324,2092
AGAACGCGAAAACTGA-fresh_3T3_PEG_100_4cycles,4434,2585
AGCTATCGATCATTGG-fresh_3T3_PEG_100_4cycles,3227,2066
AGCTTGCCTGGCATTT-fresh_3T3_PEG_100_4cycles,3856,2415
AGCTTGCCTTTGGGAG-fresh_3T3_PEG_100_4cycles,2680,1734
AGCTTGTGACGGTTTA-fresh_3T3_PEG_100_4cycles,3304,2214
AGGACAGACCTGGGTC-fresh_3T3_PEG_100_4cycles,4047,2398
AGGACAGACTTTCTTG-fresh_3T3_PEG_100_4cycles,1019,837
AGGAGGTTGTAGGAGC-fresh_3T3_PEG_100_4cycles,3823,2216
AGGCGATGATCGTAGT-fresh_3T3_PEG_100_4cycles,8993,3979
AGGGACCCTAAGTCTC-fresh_3T3_PEG_100_4cycles,2014,1474
AGGGTTTACCCGGACT-fresh_3T3_PEG_100_4cycles,3240,2016
AGGTATAGAGGCCTTG-fresh_3T3_PEG_100_4cycles,2096,1454
AGTGCATTGTCATTTC-fresh_3T3_PEG_100_4cycles,6870,3413
AGTGGAGTGTGCGGCT-fresh_3T3_PEG_100_4cycles,16261,5715
AGTGTGACTTTGACCA-fresh_3T3_PEG_100_4cycles,13308,4913
AGTTCACGACTCTGGG-fresh_3T3_PEG_100_4cycles,2780,1898
ATACCACGAAGGACCA-fresh_3T3_PEG_100_4cycles,4783,2637
ATACCACGATTACGAC-fresh_3T3_PEG_100_4cycles,5376,2857
ATACCTGGACCTGCGA-fresh_3T3_PEG_100_4cycles,7686,3723
ATAGGGTCTAATCCGT-fresh_3T3_PEG_100_4cycles,5780,3109
ATAGGGTCTCAGGGAT-fresh_3T3_PEG_100_4cycles,6491,3531
ATATTCGCTGAGTGAC-fresh_3T3_PEG_100_4cycles,1012,830
ATCACGATGTTTGGGT-fresh_3T3_PEG_100_4cycles,13837,5034
ATCATCTACAATCGAA-fresh_3T3_PEG_100_4cycles,9301,4063
ATCGCAAACCCAGCAC-fresh_3T3_PEG_100_4cycles,3476,2105
ATCGCCGGACGTTAGT-fresh_3T3_PEG_100_4cycles,1955,1399
ATCGGGCACTCAATGC-fresh_3T3_PEG_100_4cycles,3182,2058
ATCTGTACTCCTTTGC-fresh_3T3_PEG_100_4cycles,2527,1675
ATGACAAGAATCTGTG-fresh_3T3_PEG_100_4cycles,16509,5627
ATGACAAGATTCGCAA-fresh_3T3_PEG_100_4cycles,1340,1052
ATGATGCACATGGCCC-fresh_3T3_PEG_100_4cycles,9522,4270
ATGCATCGAATTGCCA-fresh_3T3_PEG_100_4cycles,2255,1576
ATGCGCGTGCCGCAGT-fresh_3T3_PEG_100_4cycles,5693,3113
ATGCTCCTGAGCAGGT-fresh_3T3_PEG_100_4cycles,3152,2031
ATGGCCGTGGAATGTA-fresh_3T3_PEG_100_4cycles,1390,1097
ATGTACGTGATAACCC-fresh_3T3_PEG_100_4cycles,3545,2187
ATGTCCGCTCCTGAGC-fresh_3T3_PEG_100_4cycles,2224,1559
ATTCCAACTATTGGTC-fresh_3T3_PEG_100_4cycles,7622,3748
ATTCCAGGAGCGGTAA-fresh_3T3_PEG_100_4cycles,7485,3617
ATTTCAGCTCCGGACT-fresh_3T3_PEG_100_4cycles,1625,1262
CAAAGGGACCTACTCC-fresh_3T3_PEG_100_4cycles,6472,3347
CAAAGTAGATCGTCCT-fresh_3T3_PEG_100_4cycles,3259,2029
CAACAACACGTCCCAG-fresh_3T3_PEG_100_4cycles,3394,2063
CAACCCTACCCACAAT-fresh_3T3_PEG_100_4cycles,1726,1306
CAAGATAGACCTCGTT-fresh_3T3_PEG_100_4cycles,3829,2337
CAAGATAGACGGCTCA-fresh_3T3_PEG_100_4cycles,953,788
CAAGGCCACTCTATCT-fresh_3T3_PEG_100_4cycles,2778,1761
CACATCCTGTAATCGC-fresh_3T3_PEG_100_4cycles,1464,1113
CACCAAATGATCCTCC-fresh_3T3_PEG_100_4cycles,4905,2686
CACCAAATGTGCGCCA-fresh_3T3_PEG_100_4cycles,5069,2837
CACCAGGTGAGGCGTA-fresh_3T3_PEG_100_4cycles,9453,4222
CACGGAAGACGAATCT-fresh_3T3_PEG_100_4cycles,3054,1776
CACTTTATGAGGTAAT-fresh_3T3_PEG_100_4cycles,6378,3138
CAGACTCCTGCGCACT-fresh_3T3_PEG_100_4cycles,1887,1446
CAGATACTGGGGTAGT-fresh_3T3_PEG_100_4cycles,4684,2694
CAGCTGTCTTTGCGTA-fresh_3T3_PEG_100_4cycles,1003,807
CAGGACCTGTTTCTTG-fresh_3T3_PEG_100_4cycles,3087,2008
CAGGCGACTAGCAGGT-fresh_3T3_PEG_100_4cycles,7686,3621
CAGGGCACTCTCCTAC-fresh_3T3_PEG_100_4cycles,1453,1183
CAGTTGATGCTGTACA-fresh_3T3_PEG_100_4cycles,11969,4684
CAGTTGATGTAATAGG-fresh_3T3_PEG_100_4cycles,997,836
CATCAGTGAGGTGCAA-fresh_3T3_PEG_100_4cycles,2868,1909
CATCGCGGATTATGGC-fresh_3T3_PEG_100_4cycles,5491,3020
CATTCCCGAAAAGGTT-fresh_3T3_PEG_100_4cycles,2105,1492
CATTGTTACTTCCATT-fresh_3T3_PEG_100_4cycles,5819,3090
CCAACACCTCTTTAGG-fresh_3T3_PEG_100_4cycles,2189,1534
CCACAGGTGAGACAAT-fresh_3T3_PEG_100_4cycles,2129,1575
CCACTTGTGTAATCGC-fresh_3T3_PEG_100_4cycles,11869,4848
CCCAGGATGACGCCAC-fresh_3T3_PEG_100_4cycles,5543,2857
CCCATGTACGGTTTGT-fresh_3T3_PEG_100_4cycles,3425,1923
CCCATTTCTGGAATGC-fresh_3T3_PEG_100_4cycles,1620,1258
CCGAACTCTTTAGCTG-fresh_3T3_PEG_100_4cycles,4970,2760
CCGACAGTGCCTCGTT-fresh_3T3_PEG_100_4cycles,7083,3257
CCGAGTCGAAGCGCTC-fresh_3T3_PEG_100_4cycles,6146,3310
CCGTTCTGATCAATGC-fresh_3T3_PEG_100_4cycles,13584,4989
CCTAACGCTTCAATGC-fresh_3T3_PEG_100_4cycles,3289,2196
CCTAGCACTCAGTCCG-fresh_3T3_PEG_100_4cycles,6213,3241
CCTAGCACTGCTGTTA-fresh_3T3_PEG_100_4cycles,2209,1538
CCTCCCTTGTCTGGAT-fresh_3T3_PEG_100_4cycles,1655,1299
CCTGCCTCTCGGAAGT-fresh_3T3_PEG_100_4cycles,888,770
CCTGCTATGGAGAGGG-fresh_3T3_PEG_100_4cycles,1734,1298
CCTTCAGTGGGAATAT-fresh_3T3_PEG_100_4cycles,4355,2552
CCTTCTACTCGCTCGA-fresh_3T3_PEG_100_4cycles,1045,811
CGACATCCTTAACTCG-fresh_3T3_PEG_100_4cycles,9904,4279
CGATAAAGAAGCAAGC-fresh_3T3_PEG_100_4cycles,1956,1420
CGATATGTGTAATGCC-fresh_3T3_PEG_100_4cycles,3309,2152
CGCAATCCTACACCTA-fresh_3T3_PEG_100_4cycles,5216,2917
CGCACTTACGCCGCTA-fresh_3T3_PEG_100_4cycles,12068,4664
CGCCCTTCTAACCAAA-fresh_3T3_PEG_100_4cycles,1529,1145
CGCTAGTCTCATACTG-fresh_3T3_PEG_100_4cycles,5766,3152
CGCTGAGTGGGTTTGT-fresh_3T3_PEG_100_4cycles,12534,4976
CGCTTAAGAGGCAGTA-fresh_3T3_PEG_100_4cycles,2468,1727
CGCTTCCCTCGCAAAG-fresh_3T3_PEG_100_4cycles,3758,2319
CGGAATTTGCCAAACT-fresh_3T3_PEG_100_4cycles,1519,1182
CGGACGTTGTTCTCGC-fresh_3T3_PEG_100_4cycles,3998,2545
CGGTTGGACCGGCACT-fresh_3T3_PEG_100_4cycles,2635,1775
CGTAATCGAGAAGTTA-fresh_3T3_PEG_100_4cycles,2961,1980
CGTATCGCTACCTTGA-fresh_3T3_PEG_100_4cycles,9790,4226
CGTATCGCTCCATGTA-fresh_3T3_PEG_100_4cycles,2310,1580
CGTGGAAGAGTTGACT-fresh_3T3_PEG_100_4cycles,4525,2485
CGTGGGTACGGTAGAC-fresh_3T3_PEG_100_4cycles,3487,2151
CTAACTGGAGGTAGAC-fresh_3T3_PEG_100_4cycles,5008,2780
CTAAGTCGAACGTGCC-fresh_3T3_PEG_100_4cycles,5396,2978
CTAATCACTCAGCACC-fresh_3T3_PEG_100_4cycles,936,794
CTAGGGCACCCGCTAG-fresh_3T3_PEG_100_4cycles,2358,1545
CTATAGCGAAATCGCT-fresh_3T3_PEG_100_4cycles,3810,2404
CTCAAACGAGGCCTTG-fresh_3T3_PEG_100_4cycles,8003,3694
CTCAAACGATGCTTGA-fresh_3T3_PEG_100_4cycles,980,831
CTCTGGACTGAGCCTC-fresh_3T3_PEG_100_4cycles,3648,2238
CTGAGATACAACTAGA-fresh_3T3_PEG_100_4cycles,8255,3949
CTGCACGGACCTAGCG-fresh_3T3_PEG_100_4cycles,6282,3233
CTGCGACGATTTGTCT-fresh_3T3_PEG_100_4cycles,12965,5178
CTGCTGGGACCAGCAC-fresh_3T3_PEG_100_4cycles,3193,2021
CTGGTGGACCTCATCC-fresh_3T3_PEG_100_4cycles,1333,1037
CTGGTGGACTGCTGGC-fresh_3T3_PEG_100_4cycles,5924,2871
CTTATGTTGTCTGGGC-fresh_3T3_PEG_100_4cycles,1293,1019
CTTATTGTGGGTATGG-fresh_3T3_PEG_100_4cycles,13353,5010
CTTTCCGGAACCTGCG-fresh_3T3_PEG_100_4cycles,6263,3245
CTTTCGGTGCCGCAGT-fresh_3T3_PEG_100_4cycles,3459,2010
GAACTACTGTTTCGCC-fresh_3T3_PEG_100_4cycles,5491,3049
GAACTAGCTTCGAGAG-fresh_3T3_PEG_100_4cycles,3553,2198
GAAGCACGATCATGTG-fresh_3T3_PEG_100_4cycles,1924,1329
GACACATTGAAATGCA-fresh_3T3_PEG_100_4cycles,1425,1014
GACCGCTGATTCGTTT-fresh_3T3_PEG_100_4cycles,5059,2846
GACGACAGATGCATGT-fresh_3T3_PEG_100_4cycles,4855,2897
GACGAGTGAACCGTTA-fresh_3T3_PEG_100_4cycles,4372,2660
GACTACTGATATCTGG-fresh_3T3_PEG_100_4cycles,2041,1437
GAGCATTTGCTTCACC-fresh_3T3_PEG_100_4cycles,2812,1904
GAGCGATGATGGCTTA-fresh_3T3_PEG_100_4cycles,4482,2564
GAGTCATTGTGAGCAG-fresh_3T3_PEG_100_4cycles,1180,929
GATCCAAACTACCAAC-fresh_3T3_PEG_100_4cycles,877,724
GCAGATACTAGTTGAA-fresh_3T3_PEG_100_4cycles,4846,2844
GCATAGTACGACGCCT-fresh_3T3_PEG_100_4cycles,1579,1237
GCATCCTTGAAGCTAA-fresh_3T3_PEG_100_4cycles,926,767
GCATCTCTGATTGGTC-fresh_3T3_PEG_100_4cycles,6658,3293
GCCAGTCGAAGTACGG-fresh_3T3_PEG_100_4cycles,4352,2492
GCCGAACTGGATAGCG-fresh_3T3_PEG_100_4cycles,2048,1532
GCCGTTTACGTACTAC-fresh_3T3_PEG_100_4cycles,2118,1404
GCCTCTTGACATGATC-fresh_3T3_PEG_100_4cycles,1182,934
GCCTCTTGAGCGTATT-fresh_3T3_PEG_100_4cycles,2018,1459
GCGACAAGATGCACCG-fresh_3T3_PEG_100_4cycles,10549,4327
GCGAGCACTGGCAGTA-fresh_3T3_PEG_100_4cycles,1222,1005
GCGGCAACTGCACGCT-fresh_3T3_PEG_100_4cycles,3328,2028
GCTAGCGACCGACAAG-fresh_3T3_PEG_100_4cycles,8612,3963
GCTAGTCCTAGCCTAT-fresh_3T3_PEG_100_4cycles,5682,3063
GCTAGTCCTCAAGTAA-fresh_3T3_PEG_100_4cycles,7329,3447
GCTATGATGGAGTAAT-fresh_3T3_PEG_100_4cycles,4336,2556
GCTGGACACCAGGCCT-fresh_3T3_PEG_100_4cycles,2326,1460
GCTGGACACCTTTGTT-fresh_3T3_PEG_100_4cycles,6004,3174
GCTGTGGTGAACCCGC-fresh_3T3_PEG_100_4cycles,1567,1155
GCTGTGGTGTTCGGGC-fresh_3T3_PEG_100_4cycles,7947,3680
GCTTCCTGATTATGGC-fresh_3T3_PEG_100_4cycles,6076,2853
GCTTCTGTGACAACAA-fresh_3T3_PEG_100_4cycles,4370,2490
GCTTGTCACTAAGCAA-fresh_3T3_PEG_100_4cycles,1372,1016
GCTTTAGGATGCAAGG-fresh_3T3_PEG_100_4cycles,14338,5205
GGACCTCGAAGCCCTG-fresh_3T3_PEG_100_4cycles,4901,2706
GGACTTAACACCAGTT-fresh_3T3_PEG_100_4cycles,6593,3351
GGCAACGCTATGGCCC-fresh_3T3_PEG_100_4cycles,7828,3790
GGCTGACTGGAACATA-fresh_3T3_PEG_100_4cycles,7664,3816
GGCTGCAACTACTTTC-fresh_3T3_PEG_100_4cycles,3880,2283
GGCTTAAACCGAACGA-fresh_3T3_PEG_100_4cycles,1929,1384
GGCTTGCGACGAATCT-fresh_3T3_PEG_100_4cycles,2162,1522
GGGAACCCTGCAGTTT-fresh_3T3_PEG_100_4cycles,4009,2392
GGGAACCCTTGAAAGT-fresh_3T3_PEG_100_4cycles,3328,2035
GGGAGAACTTAACCCA-fresh_3T3_PEG_100_4cycles,1861,1364
GGGCGATCTCCTTCCA-fresh_3T3_PEG_100_4cycles,4122,2549
GGGCTGACTTAACGAA-fresh_3T3_PEG_100_4cycles,3393,2094
GGGCTGACTTGCCACG-fresh_3T3_PEG_100_4cycles,6560,3243
GGGTTCTCTTTTGTCT-fresh_3T3_PEG_100_4cycles,8311,3789
GGTAAGCGAGGAATTA-fresh_3T3_PEG_100_4cycles,11911,4352
GGTACCTCTGAAGGTC-fresh_3T3_PEG_100_4cycles,3102,2016
GGTACCTCTTGGCTTA-fresh_3T3_PEG_100_4cycles,1386,1082
GGTACCTCTTTGGCGC-fresh_3T3_PEG_100_4cycles,6888,3397
GGTATTTCTAGGTGAC-fresh_3T3_PEG_100_4cycles,1349,1053
GGTGCGTTGAAGTTCC-fresh_3T3_PEG_100_4cycles,2971,1959
GGTGGAAACCGACATT-fresh_3T3_PEG_100_4cycles,2119,1502
GGTGGAAACGGTTGAG-fresh_3T3_PEG_100_4cycles,1984,1434
GGTTCAATGGACTGTT-fresh_3T3_PEG_100_4cycles,1386,1089
GGTTGAACTGCCCAAC-fresh_3T3_PEG_100_4cycles,2199,1515
GTAATCGACGCACCCA-fresh_3T3_PEG_100_4cycles,3797,2393
GTACCCTTGTTCCATT-fresh_3T3_PEG_100_4cycles,1895,1299
GTACCGGACACACAAA-fresh_3T3_PEG_100_4cycles,1676,1323
GTAGATAGAGACAAAT-fresh_3T3_PEG_100_4cycles,1770,1315
GTAGGTTTGTACCAAC-fresh_3T3_PEG_100_4cycles,6913,3464
GTATAGGCTCGCACTG-fresh_3T3_PEG_100_4cycles,5501,2979
GTATGAAGACAATGAA-fresh_3T3_PEG_100_4cycles,2359,1680
GTATTCTACTACCTGA-fresh_3T3_PEG_100_4cycles,3442,2064
GTCACAAACAGGACAC-fresh_3T3_PEG_100_4cycles,2503,1653
GTCCGTTACTCGCAGC-fresh_3T3_PEG_100_4cycles,1445,1133
GTCCTGACTGTACGTT-fresh_3T3_PEG_100_4cycles,5318,3006
GTCGACCGAATCCTTT-fresh_3T3_PEG_100_4cycles,2706,1731
GTCGCATCTCTTTGTT-fresh_3T3_PEG_100_4cycles,8067,3741
GTCTACCACTCCCGTT-fresh_3T3_PEG_100_4cycles,989,785
GTGATAAGATTCGCAA-fresh_3T3_PEG_100_4cycles,3618,2165
GTGTTGTGACGTAGAG-fresh_3T3_PEG_100_4cycles,985,864
GTTAATCCTTCGGGCT-fresh_3T3_PEG_100_4cycles,8659,3861
GTTACCCTGGAAGGCT-fresh_3T3_PEG_100_4cycles,4967,2634
GTTCGGCGAGCATGAG-fresh_3T3_PEG_100_4cycles,15667,5341
GTTGAGTTGATGAATG-fresh_3T3_PEG_100_4cycles,2203,1450
TAAACGCACAAATGCA-fresh_3T3_PEG_100_4cycles,2581,1712
TAACGCATGTTCGCCT-fresh_3T3_PEG_100_4cycles,1253,948
TAAGCACACTGGGCCT-fresh_3T3_PEG_100_4cycles,2859,1978
TAAGGCTTGCTTAGTG-fresh_3T3_PEG_100_4cycles,4781,2531
TAAGGCTTGGAATTGA-fresh_3T3_PEG_100_4cycles,4912,2922
TACCAGTGACGTTCTC-fresh_3T3_PEG_100_4cycles,1423,1108
TACCTCGACCTCGATA-fresh_3T3_PEG_100_4cycles,5857,3110
TACGATGACTTGGGAG-fresh_3T3_PEG_100_4cycles,6255,3162
TAGACCTGATTTCCGC-fresh_3T3_PEG_100_4cycles,2858,1942
TAGGATAGAGCGGTTC-fresh_3T3_PEG_100_4cycles,5324,2990
TAGGGTTTGTATGACC-fresh_3T3_PEG_100_4cycles,4821,2878
TAGTCGCCTGCTCCTT-fresh_3T3_PEG_100_4cycles,10632,4528
TATGGTTCTCTCTGGG-fresh_3T3_PEG_100_4cycles,4754,2676
TATTGCTTGTGAGGCA-fresh_3T3_PEG_100_4cycles,4604,2639
TCACACCTGTCCCAGG-fresh_3T3_PEG_100_4cycles,3160,2120
TCACCCATGTCATGCA-fresh_3T3_PEG_100_4cycles,1418,1126
TCAGCCGGATACGTTG-fresh_3T3_PEG_100_4cycles,7184,3529
TCCATATACTCCAATG-fresh_3T3_PEG_100_4cycles,7714,3653
TCCATGGCTTACCTGA-fresh_3T3_PEG_100_4cycles,1408,1125
TCCCACATGTATCTGG-fresh_3T3_PEG_100_4cycles,1191,977
TCCTGTGACGATCATC-fresh_3T3_PEG_100_4cycles,2134,1539
TCGACACCTACGTGCC-fresh_3T3_PEG_100_4cycles,1821,1301
TCGCACGGACGTTATG-fresh_3T3_PEG_100_4cycles,1987,1447
TCGCGGAACTGCACCG-fresh_3T3_PEG_100_4cycles,3938,2339
TCGCGTACTAGGGAGG-fresh_3T3_PEG_100_4cycles,1588,1111
TCGGACTCTAAACTGA-fresh_3T3_PEG_100_4cycles,2011,1427
TCGTAATCTGCTGAGA-fresh_3T3_PEG_100_4cycles,4782,2790
TCGTAATCTTACCAAC-fresh_3T3_PEG_100_4cycles,8421,4009
TCGTGAATGGGCCTTG-fresh_3T3_PEG_100_4cycles,4039,2301
TCTACTCCTCGCACTG-fresh_3T3_PEG_100_4cycles,2691,1817
TCTACTCCTCGTTCTC-fresh_3T3_PEG_100_4cycles,2846,1964
TCTTTCAGAGCTTTGA-fresh_3T3_PEG_100_4cycles,993,815
TGACCCTACTCGCTAA-fresh_3T3_PEG_100_4cycles,3133,1970
TGAGAACCTCTTCACC-fresh_3T3_PEG_100_4cycles,14126,5119
TGCCGTGGATCGTACA-fresh_3T3_PEG_100_4cycles,2710,1824
TGCCTACTGTCGGGCT-fresh_3T3_PEG_100_4cycles,11177,4408
TGCGACGACTTAGAAG-fresh_3T3_PEG_100_4cycles,3444,2160
TGCGCAGACACAGGCA-fresh_3T3_PEG_100_4cycles,2879,1854
TGCGCATCTTTGGGAG-fresh_3T3_PEG_100_4cycles,7693,3844
TGCTACCTGCAGATTC-fresh_3T3_PEG_100_4cycles,2355,1481
TGCTAGTGAGAAACAT-fresh_3T3_PEG_100_4cycles,15330,5356
TGCTCGACTGGCCTGT-fresh_3T3_PEG_100_4cycles,2217,1523
TGCTTGCACCATGCTA-fresh_3T3_PEG_100_4cycles,2464,1660
TGCTTGCACTGAGTAA-fresh_3T3_PEG_100_4cycles,2921,1942
TGGAATCACGGAATTA-fresh_3T3_PEG_100_4cycles,8610,4008
TGGGCGTACGAATTGA-fresh_3T3_PEG_100_4cycles,6568,3221
TGGGTGCACTCGGGCT-fresh_3T3_PEG_100_4cycles,6435,3306
TGTACGATGCACCTAA-fresh_3T3_PEG_100_4cycles,2402,1669
TGTAGACACGCTCCTT-fresh_3T3_PEG_100_4cycles,4056,2431
TGTCAATCTTCTGTGA-fresh_3T3_PEG_100_4cycles,2745,1759
TGTCCCATGGAATCTC-fresh_3T3_PEG_100_4cycles,1254,1000
TGTTACTACTGATGAA-fresh_3T3_PEG_100_4cycles,3604,2190
TGTTGACGATCGAGAG-fresh_3T3_PEG_100_4cycles,7411,3555
TGTTGTACTCATGATC-fresh_3T3_PEG_100_4cycles,1901,1369
TTCACGAGACGGCACT-fresh_3T3_PEG_100_4cycles,3213,2096
TTCAGTTACCTGCCAG-fresh_3T3_PEG_100_4cycles,4086,2297
TTCCGGACTTGGTGAG-fresh_3T3_PEG_100_4cycles,1930,1406
TTCGACCACCTCGAGC-fresh_3T3_PEG_100_4cycles,3510,2140
TTCGACCACTACCAAC-fresh_3T3_PEG_100_4cycles,5192,2870
TTCGATGGACAACGCC-fresh_3T3_PEG_100_4cycles,7079,3428
TTCTAACACTGTTGTG-fresh_3T3_PEG_100_4cycles,5758,3123
TTCTAGTTGTAACGAA-fresh_3T3_PEG_100_4cycles,3768,2346
TTCTATGACTGCTACA-fresh_3T3_PEG_100_4cycles,3798,2437
TTCTTAGACCAGGGAT-fresh_3T3_PEG_100_4cycles,3943,2360
TTGCAGATGGAAGGCT-fresh_3T3_PEG_100_4cycles,3158,2020
TTGCATTACCCAGGCT-fresh_3T3_PEG_100_4cycles,6407,3338
TTGGAGACTAAATGCA-fresh_3T3_PEG_100_4cycles,1055,858
TTGGAGACTTGCTGTA-fresh_3T3_PEG_100_4cycles,2241,1600
TTGGCGTCTCGTTATG-fresh_3T3_PEG_100_4cycles,1009,825
TTGGGAGGAAGTACGG-fresh_3T3_PEG_100_4cycles,2410,1650
TTGTCAACTTGGAACG-fresh_3T3_PEG_100_4cycles,4741,2718
TTGTTTGTGCTCCTAC-fresh_3T3_PEG_100_4cycles,7182,3538
TTTACGTACTCGTACA-fresh_3T3_PEG_100_4cycles,2081,1472
TTTCGTAACGTTGACT-fresh_3T3_PEG_100_4cycles,18701,6034
TTTCTGAACTCCAGCG-fresh_3T3_PEG_100_4cycles,1659,1250
TTTGCGGCTCGAGTGA-fresh_3T3_PEG_100_4cycles,3655,2240
TTTGGGAACGTTGGTT-fresh_3T3_PEG_100_4cycles,1049,906
AAACCCTGAGCTTACA-fresh_3T3_PEG_200_4cycles,6601,3421
AAAGATCGATCTGCAA-fresh_3T3_PEG_200_4cycles,2121,1536
AAAGTCAGAGACAAAT-fresh_3T3_PEG_200_4cycles,5252,2851
AAATGCGCTCGGGTAA-fresh_3T3_PEG_200_4cycles,7310,3535
AACCAACACTACCAAC-fresh_3T3_PEG_200_4cycles,3677,2378
AACTTACCTGAAATCA-fresh_3T3_PEG_200_4cycles,1970,1431
AAGGTGCGAATGTGGG-fresh_3T3_PEG_200_4cycles,2760,1792
AAGTTTCCTCCTTTGC-fresh_3T3_PEG_200_4cycles,11951,4843
AAGTTTCCTCTCACTC-fresh_3T3_PEG_200_4cycles,9035,4074
AATAAGGACTGAAAGT-fresh_3T3_PEG_200_4cycles,1263,990
AATCACCGAAGTAGGC-fresh_3T3_PEG_200_4cycles,2149,1516
AATCAGCTGGCTTACA-fresh_3T3_PEG_200_4cycles,14864,5493
AATCGGACTACCGTGC-fresh_3T3_PEG_200_4cycles,1536,1218
AATGGCTACATGAATG-fresh_3T3_PEG_200_4cycles,4303,2530
AATGGTGCTTAATGCC-fresh_3T3_PEG_200_4cycles,3346,2159
AATTACCCTATACGCT-fresh_3T3_PEG_200_4cycles,6183,3307
AATTCTGCTTCCAGCG-fresh_3T3_PEG_200_4cycles,1334,986
ACAAAGAACCGCTCGA-fresh_3T3_PEG_200_4cycles,12038,4882
ACAAGACCTAGGCGTA-fresh_3T3_PEG_200_4cycles,5072,2843
ACAAGACCTGCTCCTT-fresh_3T3_PEG_200_4cycles,5323,2871
ACACACTGAACTCGAT-fresh_3T3_PEG_200_4cycles,6442,3168
ACACAGACTCTTGTGA-fresh_3T3_PEG_200_4cycles,1261,972
ACACAGACTTGGCATT-fresh_3T3_PEG_200_4cycles,2979,2124
ACACGTTGATCGCAGC-fresh_3T3_PEG_200_4cycles,3075,1987
ACACTCCACTATGACC-fresh_3T3_PEG_200_4cycles,1524,1152
ACACTCCACTCTTTGT-fresh_3T3_PEG_200_4cycles,13965,5253
ACAGCCGACTAGCAGG-fresh_3T3_PEG_200_4cycles,1523,1134
ACCCTTTCTATAACCC-fresh_3T3_PEG_200_4cycles,1414,1007
ACCTCCATGGTACGTT-fresh_3T3_PEG_200_4cycles,1711,1243
ACGAGGCCTCGCAAAG-fresh_3T3_PEG_200_4cycles,2240,1583
ACGATCATGTGCTGTA-fresh_3T3_PEG_200_4cycles,5560,2985
ACGCAGAGAGTCTGGC-fresh_3T3_PEG_200_4cycles,3292,2089
ACGGCTTCTGCACTTA-fresh_3T3_PEG_200_4cycles,9247,4186
ACGGGAATGGGCCTGT-fresh_3T3_PEG_200_4cycles,6712,3315
ACGGTTAACAGCAATA-fresh_3T3_PEG_200_4cycles,1206,990
ACGGTTAACATTGGTC-fresh_3T3_PEG_200_4cycles,7950,3855
ACGGTTAACGCACTTA-fresh_3T3_PEG_200_4cycles,8286,3996
ACGTGTTGAAAGGTGC-fresh_3T3_PEG_200_4cycles,2674,1826
ACGTGTTGATGAACAA-fresh_3T3_PEG_200_4cycles,1860,1334
ACTACCCACCGTAACT-fresh_3T3_PEG_200_4cycles,4797,2682
ACTAGTGTGTACGATC-fresh_3T3_PEG_200_4cycles,4993,2762
ACTCAGAACCGATTAC-fresh_3T3_PEG_200_4cycles,1193,932
ACTCGCTACATTAAGG-fresh_3T3_PEG_200_4cycles,1260,991
ACTGCTAGACCAACGC-fresh_3T3_PEG_200_4cycles,12618,4791
ACTTCATACACGAGCA-fresh_3T3_PEG_200_4cycles,5435,3201
AGAGAATACGTTAGAA-fresh_3T3_PEG_200_4cycles,1170,943
AGAGCAGTGTGCAAGG-fresh_3T3_PEG_200_4cycles,1594,1247
AGATATGGAAGTAGGC-fresh_3T3_PEG_200_4cycles,8974,4250
AGCCCAGACCCTCCTA-fresh_3T3_PEG_200_4cycles,4404,2665
AGCGCAAGACTGCGGT-fresh_3T3_PEG_200_4cycles,4743,2753
AGCTATGACTAATAGG-fresh_3T3_PEG_200_4cycles,1618,1157
AGCTTGTGAATCTGTG-fresh_3T3_PEG_200_4cycles,8620,4043
AGGAAGAGAGTCTGGC-fresh_3T3_PEG_200_4cycles,1486,1190
AGGACAGACCGCAACC-fresh_3T3_PEG_200_4cycles,2818,1935
AGGACAGACTAATAGG-fresh_3T3_PEG_200_4cycles,1500,1193
AGGAGGTTGTAGGAGC-fresh_3T3_PEG_200_4cycles,5028,2851
AGGCATTACCGGTTTA-fresh_3T3_PEG_200_4cycles,4042,2351
AGGGTTTACAAGGCCA-fresh_3T3_PEG_200_4cycles,12113,4756
AGGTAGCGACCGTGAC-fresh_3T3_PEG_200_4cycles,1815,1338
AGGTGTGGAAAAGGTT-fresh_3T3_PEG_200_4cycles,7750,3668
AGTACGACTCCCGCAA-fresh_3T3_PEG_200_4cycles,25553,7175
AGTACGTTGCGAACGA-fresh_3T3_PEG_200_4cycles,3492,2430
AGTCACAACGCACCCA-fresh_3T3_PEG_200_4cycles,32484,7830
AGTTTGCGAACCTAGT-fresh_3T3_PEG_200_4cycles,2087,1462
AGTTTGCGAATCAGGG-fresh_3T3_PEG_200_4cycles,12757,4835
ATAACCGTGCATACTG-fresh_3T3_PEG_200_4cycles,4130,2556
ATACCTGGATGCTTGA-fresh_3T3_PEG_200_4cycles,8919,3827
ATAGGGTCTTTAGCTG-fresh_3T3_PEG_200_4cycles,18441,6051
ATCAAAGGAGTTTGGT-fresh_3T3_PEG_200_4cycles,8845,4195
ATCCTCGACGCACTTA-fresh_3T3_PEG_200_4cycles,3333,2240
ATCGAGACTAGCCCTG-fresh_3T3_PEG_200_4cycles,1913,1364
ATCGCAATGCAGGGAT-fresh_3T3_PEG_200_4cycles,4448,2601
ATCGGGCACCCTCAAA-fresh_3T3_PEG_200_4cycles,1323,1035
ATCGGTCCTCAGTCCG-fresh_3T3_PEG_200_4cycles,2286,1603
ATGATAGGACCTAACA-fresh_3T3_PEG_200_4cycles,3270,2098
ATGCCGCGATCGTCCT-fresh_3T3_PEG_200_4cycles,3716,2227
ATGCGCGTGCCTAACA-fresh_3T3_PEG_200_4cycles,1218,919
ATGGGACGAATCAGCT-fresh_3T3_PEG_200_4cycles,2065,1484
ATGGGAGTGCCTTTGC-fresh_3T3_PEG_200_4cycles,2204,1567
ATGTACGTGAGTCTGT-fresh_3T3_PEG_200_4cycles,2348,1657
ATGTCCAGAGGGATTG-fresh_3T3_PEG_200_4cycles,4368,2688
ATGTTTCACGCCGTTG-fresh_3T3_PEG_200_4cycles,4020,2315
ATTCCAGGAACAGATA-fresh_3T3_PEG_200_4cycles,9918,4487
ATTGCTACTGCCCTGA-fresh_3T3_PEG_200_4cycles,2515,1731
ATTGCTACTTCGAGAG-fresh_3T3_PEG_200_4cycles,1375,1034
ATTTAGCCTCATAGCT-fresh_3T3_PEG_200_4cycles,9697,4356
ATTTCAGCTATCCTTT-fresh_3T3_PEG_200_4cycles,10528,4577
CAAACCATGCTGGAAG-fresh_3T3_PEG_200_4cycles,11634,4636
CAAACCATGTTGTGAC-fresh_3T3_PEG_200_4cycles,10839,4348
CAAAGAATGAATCTGC-fresh_3T3_PEG_200_4cycles,2053,1538
CAAAGAATGCCTCAAA-fresh_3T3_PEG_200_4cycles,10259,4583
CAAAGAATGGGCCAAA-fresh_3T3_PEG_200_4cycles,2040,1496
CAAGGGAACTGGAACG-fresh_3T3_PEG_200_4cycles,3950,2381
CAAGGGATGCCGGCTA-fresh_3T3_PEG_200_4cycles,2609,1804
CAAGGGATGGAACGTG-fresh_3T3_PEG_200_4cycles,6850,3458
CAAGGGTGAGTCAATC-fresh_3T3_PEG_200_4cycles,6692,3499
CAATAGAGATCCAATG-fresh_3T3_PEG_200_4cycles,4361,2672
CAATGTGTGTATGACC-fresh_3T3_PEG_200_4cycles,2887,1930
CACTATTTGGACACCC-fresh_3T3_PEG_200_4cycles,2966,1998
CACTCTGACAATCTGC-fresh_3T3_PEG_200_4cycles,9006,4210
CAGCCGATGCCGCTAG-fresh_3T3_PEG_200_4cycles,4553,2690
CAGTGATTGAGGGCTA-fresh_3T3_PEG_200_4cycles,6831,3428
CAGTGCTCTTCAGGTT-fresh_3T3_PEG_200_4cycles,1225,984
CATAGGTACTGCTCAA-fresh_3T3_PEG_200_4cycles,3434,2095
CATCGAAACCAGTCCG-fresh_3T3_PEG_200_4cycles,2039,1341
CATCGCGGAATCCGTA-fresh_3T3_PEG_200_4cycles,7724,3722
CATGATGTGCAAGTTC-fresh_3T3_PEG_200_4cycles,2383,1695
CATTACACTTCTGTGA-fresh_3T3_PEG_200_4cycles,2246,1626
CATTACACTTGGTCCG-fresh_3T3_PEG_200_4cycles,3391,2220
CATTCCCGAAAGGCTG-fresh_3T3_PEG_200_4cycles,1370,1062
CATTCTATGGAACAGC-fresh_3T3_PEG_200_4cycles,2346,1775
CATTGTTACCTCTGGG-fresh_3T3_PEG_200_4cycles,10690,4676
CCAGCTTTGTTTCTGT-fresh_3T3_PEG_200_4cycles,4415,2614
CCAGGCAACCAGGCCT-fresh_3T3_PEG_200_4cycles,5308,2847
CCAGTTGCTCCCGCAA-fresh_3T3_PEG_200_4cycles,2240,1638
CCATGATGAAAGGTGC-fresh_3T3_PEG_200_4cycles,10099,4199
CCCAGGATGCCAAGTT-fresh_3T3_PEG_200_4cycles,1493,1113
CCCATGTACGGTTTGT-fresh_3T3_PEG_200_4cycles,3354,2328
CCGAGACACTAAGCAA-fresh_3T3_PEG_200_4cycles,1166,915
CCGCTAACTGCGTATT-fresh_3T3_PEG_200_4cycles,5638,3250
CCGTTACTGGGTGCAA-fresh_3T3_PEG_200_4cycles,2203,1603
CCGTTCTGATCGCTAA-fresh_3T3_PEG_200_4cycles,4628,2620
CCTACGGGAGGACAGT-fresh_3T3_PEG_200_4cycles,5587,3043
CCTACGTTGCGTACAT-fresh_3T3_PEG_200_4cycles,8539,4299
CCTCACAACTGCATCA-fresh_3T3_PEG_200_4cycles,2876,2031
CCTCACATGTACGTTG-fresh_3T3_PEG_200_4cycles,3037,2005
CCTCATGACCTCGAGC-fresh_3T3_PEG_200_4cycles,1872,1366
CCTGCCTCTCTCACTC-fresh_3T3_PEG_200_4cycles,18808,6011
CGAACATACGACTGTT-fresh_3T3_PEG_200_4cycles,1609,1293
CGAACATACGCTTCGG-fresh_3T3_PEG_200_4cycles,1639,1223
CGACCAGACTCAGGTT-fresh_3T3_PEG_200_4cycles,1481,1100
CGAGTCTCTGGACCTC-fresh_3T3_PEG_200_4cycles,4965,2940
CGAGTCTCTGGGATTG-fresh_3T3_PEG_200_4cycles,3038,1903
CGATAAAGACGGTTTA-fresh_3T3_PEG_200_4cycles,2022,1492
CGATACAACGGTGTCC-fresh_3T3_PEG_200_4cycles,2681,1828
CGATCGGTGAGGTCCC-fresh_3T3_PEG_200_4cycles,2498,1697
CGCAAATACGAAGGCT-fresh_3T3_PEG_200_4cycles,2958,2003
CGCACTTACGCTGAGA-fresh_3T3_PEG_200_4cycles,2469,1726
CGCATCTTGACCAGTT-fresh_3T3_PEG_200_4cycles,1503,1130
CGCATCTTGCAAGGTG-fresh_3T3_PEG_200_4cycles,3256,2031
CGCGTTGGAAGGACAC-fresh_3T3_PEG_200_4cycles,6634,3384
CGGTGTGTGGACAAAT-fresh_3T3_PEG_200_4cycles,9358,4111
CGTAGCTCTAGGTGAC-fresh_3T3_PEG_200_4cycles,2678,1921
CGTCAACCTCTCGAGC-fresh_3T3_PEG_200_4cycles,2751,1799
CGTCAACCTTGGGCAA-fresh_3T3_PEG_200_4cycles,3367,2159
CGTCTTGACTAACCCA-fresh_3T3_PEG_200_4cycles,4238,2459
CGTCTTGACTGTTCCC-fresh_3T3_PEG_200_4cycles,7699,3620
CGTGCCAGAAGCAATA-fresh_3T3_PEG_200_4cycles,18037,6035
CGTGCTGGACATGATC-fresh_3T3_PEG_200_4cycles,6707,3414
CGTGGGTACGAATAAC-fresh_3T3_PEG_200_4cycles,1907,1368
CGTGTCTTGGAATGTA-fresh_3T3_PEG_200_4cycles,3784,2485
CTAACAGTGAACGAAT-fresh_3T3_PEG_200_4cycles,4120,2451
CTAACTGGATGTGCTA-fresh_3T3_PEG_200_4cycles,1333,1015
CTAATCTACGAATGTA-fresh_3T3_PEG_200_4cycles,5444,2969
CTAATCTACTGCAAGG-fresh_3T3_PEG_200_4cycles,8516,4159
CTACATTACAGTTGAA-fresh_3T3_PEG_200_4cycles,1520,1197
CTACGTGCTGGACAGT-fresh_3T3_PEG_200_4cycles,1794,1345
CTAGGGCACTATCTGG-fresh_3T3_PEG_200_4cycles,9318,4179
CTATGTTACTAACCCA-fresh_3T3_PEG_200_4cycles,3785,2332
CTATGTTACTATTGCG-fresh_3T3_PEG_200_4cycles,1224,992
CTATTGGGAACCGTTA-fresh_3T3_PEG_200_4cycles,4148,2512
CTCCTAGTGAACTAGA-fresh_3T3_PEG_200_4cycles,3784,2507
CTCGAACCTATCAGGG-fresh_3T3_PEG_200_4cycles,2144,1561
CTCGAACCTGAATTGA-fresh_3T3_PEG_200_4cycles,4565,2642
CTCGGATCTTTCTGAG-fresh_3T3_PEG_200_4cycles,4899,2866
CTCTATATGCCGCAGT-fresh_3T3_PEG_200_4cycles,3311,2105
CTCTCTGGAACCTAGT-fresh_3T3_PEG_200_4cycles,7986,3961
CTCTCTTTGACAGGTG-fresh_3T3_PEG_200_4cycles,7879,3878
CTCTGCAACCGGAATG-fresh_3T3_PEG_200_4cycles,6956,3359
CTCTGGACTAGTCGGA-fresh_3T3_PEG_200_4cycles,6418,3445
CTCTTGGACCGTTATG-fresh_3T3_PEG_200_4cycles,1769,1340
CTGCCATTGCTAACGT-fresh_3T3_PEG_200_4cycles,1325,1031
CTGCCTTGAGCCCTGA-fresh_3T3_PEG_200_4cycles,7888,3885
CTGCGAGTGACCATGT-fresh_3T3_PEG_200_4cycles,2734,1882
CTGCTGGGAGCACCCA-fresh_3T3_PEG_200_4cycles,1549,1187
CTGCTTTCTGAATTGA-fresh_3T3_PEG_200_4cycles,2910,2067
CTGGCCAGAGATGGAC-fresh_3T3_PEG_200_4cycles,1465,1141
CTGGTGGACGACAAAT-fresh_3T3_PEG_200_4cycles,1837,1385
CTGTAAGTGAGTTGAA-fresh_3T3_PEG_200_4cycles,2457,1720
CTTAATCTGGAAGGTC-fresh_3T3_PEG_200_4cycles,9871,4280
CTTAGGCCTAAGGCCA-fresh_3T3_PEG_200_4cycles,4511,2599
CTTAGGCCTTTCGCCT-fresh_3T3_PEG_200_4cycles,12336,4917
CTTATTGTGTCCAGCG-fresh_3T3_PEG_200_4cycles,2351,1670
CTTTCTGCTTAAGTAG-fresh_3T3_PEG_200_4cycles,3065,2124
GAAATGAACCCTCAAA-fresh_3T3_PEG_200_4cycles,2041,1497
GAACCATACAGGGCTA-fresh_3T3_PEG_200_4cycles,5283,2915
GAACGCGCTATCACAC-fresh_3T3_PEG_200_4cycles,2611,1806
GAACGTTTGCCTAGGC-fresh_3T3_PEG_200_4cycles,2784,1820
GAACTCCCTGTACACT-fresh_3T3_PEG_200_4cycles,4463,2571
GAAGCTTTGATCTGTG-fresh_3T3_PEG_200_4cycles,10689,4664
GAATCAGCTCATCCTC-fresh_3T3_PEG_200_4cycles,3985,2430
GAATTCTCTTGCGTGC-fresh_3T3_PEG_200_4cycles,1892,1383
GACAATCTGCGAACAG-fresh_3T3_PEG_200_4cycles,10097,4476
GACAATCTGGCTGAGA-fresh_3T3_PEG_200_4cycles,4098,2383
GACACATTGTTCTGAG-fresh_3T3_PEG_200_4cycles,1240,990
GACCCACGAACACAAA-fresh_3T3_PEG_200_4cycles,7802,3766
GACCCACGATGGTGAG-fresh_3T3_PEG_200_4cycles,3654,2343
GACGCGACTAAAGGTT-fresh_3T3_PEG_200_4cycles,7512,3658
GAGCATACTCCTCAAA-fresh_3T3_PEG_200_4cycles,4459,2630
GAGCATACTTTACGCA-fresh_3T3_PEG_200_4cycles,2319,1690
GAGCATTTGCTTCACC-fresh_3T3_PEG_200_4cycles,1990,1476
GAGCGATGATGGCTTA-fresh_3T3_PEG_200_4cycles,5999,3217
GAGGCAATGGATCATC-fresh_3T3_PEG_200_4cycles,4044,2462
GAGTCATTGTGAGCAG-fresh_3T3_PEG_200_4cycles,1559,1123
GAGTCTCCTATCGGTT-fresh_3T3_PEG_200_4cycles,3908,2570
GATAACCTGAGGTCCC-fresh_3T3_PEG_200_4cycles,2397,1688
GATAGGTCTGCATGAG-fresh_3T3_PEG_200_4cycles,1597,1212
GATATGAGAGGAATAT-fresh_3T3_PEG_200_4cycles,2997,2003
GATCTGCCTAACGAAT-fresh_3T3_PEG_200_4cycles,3473,2053
GATTCTGGACTCATTT-fresh_3T3_PEG_200_4cycles,3344,2132
GATTCTGGACTGGAAG-fresh_3T3_PEG_200_4cycles,2868,1971
GCAAATCTGTGAACAA-fresh_3T3_PEG_200_4cycles,2251,1586
GCAATCATGAGCAAGC-fresh_3T3_PEG_200_4cycles,2946,2016
GCACAATACTCTATCT-fresh_3T3_PEG_200_4cycles,3581,2328
GCACGACACTTTCTTG-fresh_3T3_PEG_200_4cycles,1472,1148
GCACTCACTCCTCCTA-fresh_3T3_PEG_200_4cycles,11918,4709
GCACTGTCTGGGTAGT-fresh_3T3_PEG_200_4cycles,1394,1077
GCAGTCGACTACGATC-fresh_3T3_PEG_200_4cycles,3172,1979
GCATAGTACTGCTGTA-fresh_3T3_PEG_200_4cycles,1854,1318
GCATCTCTGCGACATT-fresh_3T3_PEG_200_4cycles,1544,1176
GCATCTCTGCTGCGGT-fresh_3T3_PEG_200_4cycles,2779,1832
GCATGATACAAGGCTG-fresh_3T3_PEG_200_4cycles,2522,1756
GCATGATACCGACAAG-fresh_3T3_PEG_200_4cycles,1625,1263
GCCCATACTATCAGCT-fresh_3T3_PEG_200_4cycles,4042,2470
GCGAGCACTAGGGAGG-fresh_3T3_PEG_200_4cycles,8650,3943
GCGCAGTTGGTACTAC-fresh_3T3_PEG_200_4cycles,1919,1436
GCGTAAACTTGCATGT-fresh_3T3_PEG_200_4cycles,4323,2551
GCGTCTTTGTAACGGG-fresh_3T3_PEG_200_4cycles,1962,1441
GCTATGATGCCCGAGT-fresh_3T3_PEG_200_4cycles,2133,1615
GCTATGATGCGGAATG-fresh_3T3_PEG_200_4cycles,2111,1551
GCTTCCTGAGCTGTTA-fresh_3T3_PEG_200_4cycles,6664,3398
GCTTCTGTGATCATCG-fresh_3T3_PEG_200_4cycles,13870,5228
GCTTTAGGATAATCGC-fresh_3T3_PEG_200_4cycles,17013,6145
GGAAGAAGATTTCGCC-fresh_3T3_PEG_200_4cycles,1222,999
GGAAGGACTGGCCAAA-fresh_3T3_PEG_200_4cycles,1244,987
GGAATGGTGCGACACC-fresh_3T3_PEG_200_4cycles,6864,3483
GGACACCTGGGAATAT-fresh_3T3_PEG_200_4cycles,1230,982
GGATTAAGACATGCGC-fresh_3T3_PEG_200_4cycles,3505,2188
GGCAACGCTATGGCCC-fresh_3T3_PEG_200_4cycles,6680,3556
GGCACTGACGCTGTTA-fresh_3T3_PEG_200_4cycles,2824,1881
GGCGACACTCCCGCAA-fresh_3T3_PEG_200_4cycles,6960,3509
GGCGACACTTCGTAGT-fresh_3T3_PEG_200_4cycles,5214,2939
GGCTTCTACCCTTTGC-fresh_3T3_PEG_200_4cycles,3345,2100
GGCTTGCGAGGAGTCA-fresh_3T3_PEG_200_4cycles,3768,2373
GGGAAAGCTTAGCGAG-fresh_3T3_PEG_200_4cycles,8800,4292
GGGAGCTCTAGTGGTG-fresh_3T3_PEG_200_4cycles,1978,1468
GGGCTTCGAAGCTTGT-fresh_3T3_PEG_200_4cycles,2625,1830
GGGTAGAACGAATTGA-fresh_3T3_PEG_200_4cycles,1351,1035
GGGTTCTCTGTCCCGA-fresh_3T3_PEG_200_4cycles,5812,3071
GGTATTTCTGAATCTC-fresh_3T3_PEG_200_4cycles,2669,1763
GGTCTAAACAATCGCT-fresh_3T3_PEG_200_4cycles,2542,1828
GGTCTGGACGCCCTGA-fresh_3T3_PEG_200_4cycles,5112,2836
GGTGAGATGTCGCTAA-fresh_3T3_PEG_200_4cycles,1853,1426
GGTGCGTTGAACCAAA-fresh_3T3_PEG_200_4cycles,1842,1317
GGTGTAACTCGAAAGC-fresh_3T3_PEG_200_4cycles,1598,1213
GGTTGTATGCGTAGAG-fresh_3T3_PEG_200_4cycles,6678,3325
GTAACTCGAAACCCGC-fresh_3T3_PEG_200_4cycles,10857,4806
GTAATCGACCCAAACT-fresh_3T3_PEG_200_4cycles,1381,1097
GTACCGGACACACAAA-fresh_3T3_PEG_200_4cycles,1586,1223
GTACTCAGAGGGTTCC-fresh_3T3_PEG_200_4cycles,2571,1816
GTCACGCGAGCGCTGT-fresh_3T3_PEG_200_4cycles,5312,2904
GTCCGTTACCAAGGTG-fresh_3T3_PEG_200_4cycles,3051,2120
GTGAAGGACGAATCTC-fresh_3T3_PEG_200_4cycles,5260,2920
GTGCTCACTAATCGCT-fresh_3T3_PEG_200_4cycles,7117,3331
GTGCTCACTTCTGGAT-fresh_3T3_PEG_200_4cycles,3997,2555
GTGGTTAACACTCGAT-fresh_3T3_PEG_200_4cycles,14070,5357
GTGGTTAACCCATGTA-fresh_3T3_PEG_200_4cycles,1574,1230
GTGGTTAACTAATCGC-fresh_3T3_PEG_200_4cycles,12167,4880
GTTAGTTCTTACGTTG-fresh_3T3_PEG_200_4cycles,11344,4776
GTTAGTTCTTCTGGAT-fresh_3T3_PEG_200_4cycles,4588,2677
GTTATTGCTAGGTAAT-fresh_3T3_PEG_200_4cycles,6404,3218
GTTTCAGGAGCGTATT-fresh_3T3_PEG_200_4cycles,2591,1829
TAAGCTGACGCTTCGG-fresh_3T3_PEG_200_4cycles,11139,4715
TAAGGCTTGCTTAGTG-fresh_3T3_PEG_200_4cycles,2126,1514
TAAGGCTTGTAGACAA-fresh_3T3_PEG_200_4cycles,5904,3208
TAATAGGGAGACACCC-fresh_3T3_PEG_200_4cycles,5488,2984
TAATGGGCTGGAATTA-fresh_3T3_PEG_200_4cycles,7783,3727
TACAACGTGAGACAAT-fresh_3T3_PEG_200_4cycles,5854,3185
TACCACCACAATGCGG-fresh_3T3_PEG_200_4cycles,3875,2368
TACGCCTTGAATCTGC-fresh_3T3_PEG_200_4cycles,4477,2655
TAGACCTGACCACATA-fresh_3T3_PEG_200_4cycles,3947,2329
TAGAGCGGATTACGAC-fresh_3T3_PEG_200_4cycles,14065,5212
TAGGGACGAGCTGAGA-fresh_3T3_PEG_200_4cycles,22269,6733
TAGGGTTTGTATGACC-fresh_3T3_PEG_200_4cycles,5827,3216
TAGTACCGAACCAGTT-fresh_3T3_PEG_200_4cycles,1883,1390
TAGTCGCCTTGAGTAA-fresh_3T3_PEG_200_4cycles,11315,4530
TATTGGTCTCGCAACC-fresh_3T3_PEG_200_4cycles,8595,4029
TCAACAGACAGGCGTA-fresh_3T3_PEG_200_4cycles,7027,3657
TCACACAGAAACCAAA-fresh_3T3_PEG_200_4cycles,2382,1720
TCACACAGAATCACAC-fresh_3T3_PEG_200_4cycles,3196,2117
TCACGGGACCGACACC-fresh_3T3_PEG_200_4cycles,8605,4056
TCACGGGACTAGCAGG-fresh_3T3_PEG_200_4cycles,2444,1705
TCAGGAGGAAGGCGTA-fresh_3T3_PEG_200_4cycles,1742,1279
TCAGGAGGACGACAAG-fresh_3T3_PEG_200_4cycles,7058,3534
TCAGGAGGAGAACCTT-fresh_3T3_PEG_200_4cycles,6001,3207
TCAGGAGGATGATGAA-fresh_3T3_PEG_200_4cycles,22530,6319
TCAGTCCTGCCAGCTG-fresh_3T3_PEG_200_4cycles,12029,4946
TCCCACATGTACGTTG-fresh_3T3_PEG_200_4cycles,2284,1638
TCCGGGAACTGGCTTA-fresh_3T3_PEG_200_4cycles,4444,2568
TCCGGGTGAAGCAGGT-fresh_3T3_PEG_200_4cycles,1658,1270
TCGCCGAGACCTAGTA-fresh_3T3_PEG_200_4cycles,2410,1723
TCGCCTCCTCAACGCC-fresh_3T3_PEG_200_4cycles,5846,3069
TCGCGTACTTTGCGCG-fresh_3T3_PEG_200_4cycles,3332,2195
TCGGCTTACCCTCAAA-fresh_3T3_PEG_200_4cycles,5381,3086
TCGGGTCGATGGTCCG-fresh_3T3_PEG_200_4cycles,11886,4513
TCGGGTTCTCTCGATA-fresh_3T3_PEG_200_4cycles,1258,1021
TCGTGAATGCGTAACT-fresh_3T3_PEG_200_4cycles,5283,2942
TCGTTGCTGTTAGAAG-fresh_3T3_PEG_200_4cycles,4696,2870
TCTACGAGAACACAAA-fresh_3T3_PEG_200_4cycles,19092,6039
TCTACGCTGGACATAA-fresh_3T3_PEG_200_4cycles,12541,4966
TCTGAGCCTTTACGAC-fresh_3T3_PEG_200_4cycles,1378,1110
TCTGGTCACAGCAAGC-fresh_3T3_PEG_200_4cycles,2206,1606
TCTTATGACAGGACAC-fresh_3T3_PEG_200_4cycles,2193,1590
TCTTATGACGCACTTA-fresh_3T3_PEG_200_4cycles,9050,3996
TCTTGAACTACTAGGG-fresh_3T3_PEG_200_4cycles,3983,2421
TCTTTCAGAAACGTTC-fresh_3T3_PEG_200_4cycles,15690,5144
TGAGGGATGATGTGGG-fresh_3T3_PEG_200_4cycles,1523,1197
TGATAGAGATTTGGGT-fresh_3T3_PEG_200_4cycles,7096,3490
TGCATGCCTCTTAAGC-fresh_3T3_PEG_200_4cycles,9392,4341
TGCTCGACTCTAACGT-fresh_3T3_PEG_200_4cycles,3827,2346
TGCTCGACTGGCCTGT-fresh_3T3_PEG_200_4cycles,2319,1686
TGGACAACTTGGTGAG-fresh_3T3_PEG_200_4cycles,1350,1050
TGGACCTCTCCTAGCG-fresh_3T3_PEG_200_4cycles,7599,3662
TGGATAGCTCATCCTC-fresh_3T3_PEG_200_4cycles,1891,1398
TGGCAATTGTTGGTTG-fresh_3T3_PEG_200_4cycles,6340,3326
TGGCATCCTGGTGTCC-fresh_3T3_PEG_200_4cycles,12483,5020
TGGCCTTTGATACGCT-fresh_3T3_PEG_200_4cycles,2772,1866
TGGGAGTGACCCGAGT-fresh_3T3_PEG_200_4cycles,3539,2304
TGGGCCATGTACGTTG-fresh_3T3_PEG_200_4cycles,8976,4146
TGGGTGCACGAAACAT-fresh_3T3_PEG_200_4cycles,4048,2482
TGGTAAGCTTCTGGGC-fresh_3T3_PEG_200_4cycles,7400,3587
TGTACCAGACTCACGG-fresh_3T3_PEG_200_4cycles,2410,1699
TGTACCAGAGAATCTC-fresh_3T3_PEG_200_4cycles,3596,2291
TGTAGACACCGTTATG-fresh_3T3_PEG_200_4cycles,24080,6770
TGTCATGGAGCTAATC-fresh_3T3_PEG_200_4cycles,4027,2581
TGTCTTCCTACCGTGC-fresh_3T3_PEG_200_4cycles,1553,1190
TGTCTTCCTGTTGGTT-fresh_3T3_PEG_200_4cycles,1820,1340
TGTGTTACTGACGCCT-fresh_3T3_PEG_200_4cycles,17745,6002
TGTTCTCCTAAGCTAA-fresh_3T3_PEG_200_4cycles,2266,1649
TTACGTTACCCTGAGC-fresh_3T3_PEG_200_4cycles,2696,1840
TTCCAAACTTAATCGC-fresh_3T3_PEG_200_4cycles,5180,3025
TTCCCTGGATAGGCGA-fresh_3T3_PEG_200_4cycles,3452,2229
TTCCTAAACGAGAGGG-fresh_3T3_PEG_200_4cycles,3543,2026
TTCGAGAACACCTTGA-fresh_3T3_PEG_200_4cycles,5704,3314
TTCGTCCGAACTCGAT-fresh_3T3_PEG_200_4cycles,1282,1032
TTCTAGACTGATCATC-fresh_3T3_PEG_200_4cycles,1718,1313
TTGCGATGACGGAATG-fresh_3T3_PEG_200_4cycles,14543,5412
TTGGAGACTGACAAAT-fresh_3T3_PEG_200_4cycles,3154,2038
TTGGCTCTGTATCTGG-fresh_3T3_PEG_200_4cycles,1998,1472
TTGGGTAACGAAGTTA-fresh_3T3_PEG_200_4cycles,1571,1215
TTGGGTAACGACACCC-fresh_3T3_PEG_200_4cycles,4037,2134
TTGTAACCTGTTAGGG-fresh_3T3_PEG_200_4cycles,3179,2077
TTGTCGAGACCAGCTG-fresh_3T3_PEG_200_4cycles,1546,1198
TTGTCGAGACTACTCC-fresh_3T3_PEG_200_4cycles,3472,2280
TTGTGGTGAAGATTCC-fresh_3T3_PEG_200_4cycles,8243,3920
TTGTTTGACCTGGAAG-fresh_3T3_PEG_200_4cycles,2686,1879
TTGTTTGTGATGAATG-fresh_3T3_PEG_200_4cycles,2807,1858
TTTAGTCTGGGTGTCC-fresh_3T3_PEG_200_4cycles,2593,1838

