cell,nCounts,nFeatures
ACACGTTGATCGCAGC-fresh_3T3_PEG_100_4cycles,54525,26553
GTAGTGGGACGGTTGC-fresh_3T3_PEG_100_4cycles,51609,25070
TTGGCGTCTCGTTATG-fresh_3T3_PEG_100_4cycles,50857,25777
GTCGCATCTCTTTGTT-fresh_3T3_PEG_100_4cycles,49478,25385
TTGCAGATGCGGAATG-fresh_3T3_PEG_100_4cycles,47249,24763
TACAACCGAGAGTGAC-fresh_3T3_PEG_100_4cycles,54270,26998
CCTACGGGATTGCGTA-fresh_3T3_PEG_100_4cycles,54019,27376
TTTCGTAACGTTGACT-fresh_3T3_PEG_100_4cycles,49316,24926
CGTTCTCGAGAACATA-fresh_3T3_PEG_100_4cycles,50836,26115
ATGCATCGAATTGCCA-fresh_3T3_PEG_100_4cycles,50863,25398
ATTCAGGTGCGTACAT-fresh_3T3_PEG_100_4cycles,48948,24890
GTAATCGACGCACCCA-fresh_3T3_PEG_100_4cycles,52188,26251
CAATCAGTGCTAACGT-fresh_3T3_PEG_100_4cycles,42331,22715
CGAGGACCTCCGATTA-fresh_3T3_PEG_100_4cycles,48176,25048
CCCATTTCTAGTCTAC-fresh_3T3_PEG_100_4cycles,48705,24365
AATGGGTCTCCAACGC-fresh_3T3_PEG_100_4cycles,40664,21609
ATAGGGTCTCAGGGAT-fresh_3T3_PEG_100_4cycles,40537,21357
AGTGGAGTGTGCGGCT-fresh_3T3_PEG_100_4cycles,39995,20950
AAGAATGTGAGTAGGC-fresh_3T3_PEG_100_4cycles,43579,22397
AGCCAGCACTGTGCTA-fresh_3T3_PEG_100_4cycles,42009,22265
CCTGCCTCTCGGAAGT-fresh_3T3_PEG_100_4cycles,41656,21839
ATGGCCGTGGAATGTA-fresh_3T3_PEG_100_4cycles,43847,22722
ACTTCATACTAGGAGC-fresh_3T3_PEG_100_4cycles,39787,21504
CCCGGAAACGCACTTA-fresh_3T3_PEG_100_4cycles,41489,22060
CTACAACGAGGACCAA-fresh_3T3_PEG_100_4cycles,38486,20729
ACCGTGTCTTTGGCGC-fresh_3T3_PEG_100_4cycles,45199,22734
TGCGCATCTTTGGGAG-fresh_3T3_PEG_100_4cycles,40017,21195
CTGCGACGAGAGCTGA-fresh_3T3_PEG_100_4cycles,39244,20699
ATAGGGTCTAATCCGT-fresh_3T3_PEG_100_4cycles,42130,21744
CTGCGACGATTTGTCT-fresh_3T3_PEG_100_4cycles,41828,22107
CGGAATTTGCCAAACT-fresh_3T3_PEG_100_4cycles,34896,19180
GGGAGAACTAAACTGA-fresh_3T3_PEG_100_4cycles,38389,20764
ACGGGAATGAGAGGCT-fresh_3T3_PEG_100_4cycles,38910,20159
AAAGCGGACGCACCCA-fresh_3T3_PEG_100_4cycles,39480,20518
CGTTGCTTGAGACAAT-fresh_3T3_PEG_100_4cycles,40502,21259
CTGTAAGTGAATCCAC-fresh_3T3_PEG_100_4cycles,37532,20165
GCGACGTTGGATCCAT-fresh_3T3_PEG_100_4cycles,34212,18291
GCATAGTACGACGCCT-fresh_3T3_PEG_100_4cycles,38286,20100
GGCACAAGAATAGCAA-fresh_3T3_PEG_100_4cycles,38497,20629
CATTGGCCTCAGATTC-fresh_3T3_PEG_100_4cycles,30228,16771
TCTTATGACACACCTA-fresh_3T3_PEG_100_4cycles,31877,17840
CCAGAATACCGTTAGT-fresh_3T3_PEG_100_4cycles,36128,19384
CGTTCTCGAGCTGTTA-fresh_3T3_PEG_100_4cycles,35306,19415
TAGTACCGACCAGCAC-fresh_3T3_PEG_100_4cycles,37588,19727
TCGCGGAACTAGGAGC-fresh_3T3_PEG_100_4cycles,34592,19215
ACCTCAGCTAGACTTC-fresh_3T3_PEG_100_4cycles,35022,19536
TTCCCATCTCGATTGT-fresh_3T3_PEG_100_4cycles,35404,19175
CCTCCTGCTTATGACC-fresh_3T3_PEG_100_4cycles,34799,18897
TGCTAGTGAGAAACAT-fresh_3T3_PEG_100_4cycles,36076,19808
ACGGAACGATTGTGAC-fresh_3T3_PEG_100_4cycles,30547,17117
TGGGAGTGAGACTGTT-fresh_3T3_PEG_100_4cycles,36801,19931
GTTAATCCTGCGCACT-fresh_3T3_PEG_100_4cycles,32152,18160
CGTGGAAGATTATGGC-fresh_3T3_PEG_100_4cycles,33034,18156
TTCGATGGATACCTGA-fresh_3T3_PEG_100_4cycles,32195,17951
TAGTCGCCTGCTCCTT-fresh_3T3_PEG_100_4cycles,31663,17174
GGGTATGGAGCTAGAG-fresh_3T3_PEG_100_4cycles,31839,17157
CCGTTCTGATTCGCCT-fresh_3T3_PEG_100_4cycles,33888,18366
ATTTCAGCTTGGCTTA-fresh_3T3_PEG_100_4cycles,29857,16466
GTAGCATACGCCCAAC-fresh_3T3_PEG_100_4cycles,34202,18399
GCAGATACTAGTTGAA-fresh_3T3_PEG_100_4cycles,32164,17983
AGCCAATTGCGCACTG-fresh_3T3_PEG_100_4cycles,32009,17272
AGAGCAGTGGCCACGT-fresh_3T3_PEG_100_4cycles,34838,18524
CGACCTACTCGATTCA-fresh_3T3_PEG_100_4cycles,30862,16470
TAGGATAGAGCGGTTC-fresh_3T3_PEG_100_4cycles,32930,17938
CCCGAGTGATGGCATT-fresh_3T3_PEG_100_4cycles,32775,17467
CGACATCCTTATGACC-fresh_3T3_PEG_100_4cycles,29050,15962
TTCTACATGTGCATCA-fresh_3T3_PEG_100_4cycles,28016,16238
CTTGCTGACTTGCGTA-fresh_3T3_PEG_100_4cycles,31206,17183
CAGGGCACTCCAGCTG-fresh_3T3_PEG_100_4cycles,30597,17176
CATCCGTACGCAGTTT-fresh_3T3_PEG_100_4cycles,30675,17073
CGCACTTACCGACACC-fresh_3T3_PEG_100_4cycles,31669,17319
GAGGTTGGAGGACTGA-fresh_3T3_PEG_100_4cycles,28532,16448
ATCACGATGATGAATG-fresh_3T3_PEG_100_4cycles,30143,16923
AGCTATGACTAATAGG-fresh_3T3_PEG_100_4cycles,34092,18592
GCCTCTTGACATGATC-fresh_3T3_PEG_100_4cycles,30308,16612
AGTGCATTGCATACTG-fresh_3T3_PEG_100_4cycles,31158,17213
CGACAATACTCATGTG-fresh_3T3_PEG_100_4cycles,28824,16164
AGTCGCGTGCTTGTGA-fresh_3T3_PEG_100_4cycles,29921,16015
CTGCTGGGAGACGCCT-fresh_3T3_PEG_100_4cycles,27043,15222
AGGCGATGATCGTAGT-fresh_3T3_PEG_100_4cycles,26141,15055
ACGCTCTTGAGCCATT-fresh_3T3_PEG_100_4cycles,29340,15956
CGGATAGGATTCGGGC-fresh_3T3_PEG_100_4cycles,25991,14739
CAGCGCATGTCTGTAG-fresh_3T3_PEG_100_4cycles,27032,15298
TAAGGCTTGGAATTGA-fresh_3T3_PEG_100_4cycles,25799,14158
TACTGTTTGTCGTAGT-fresh_3T3_PEG_100_4cycles,26969,15462
ATGACAAGAATCTGTG-fresh_3T3_PEG_100_4cycles,24326,14017
CGCTGAGTGGGTTTGT-fresh_3T3_PEG_100_4cycles,29626,16023
CTTTCCGGAACCTGCG-fresh_3T3_PEG_100_4cycles,27326,15127
GCACTGTCTGATCATC-fresh_3T3_PEG_100_4cycles,26149,14811
TGGCCGATGTCAATGC-fresh_3T3_PEG_100_4cycles,27950,15616
CTGAAGTACTAGCGAG-fresh_3T3_PEG_100_4cycles,26034,14735
AGCTTGTGACGGTTTA-fresh_3T3_PEG_100_4cycles,30535,16402
GAGCGATGATGGCTTA-fresh_3T3_PEG_100_4cycles,28399,15793
AGTGTGACTTTGACCA-fresh_3T3_PEG_100_4cycles,26830,14699
GCGAGCACTGGCAGTA-fresh_3T3_PEG_100_4cycles,24258,14069
GGTTGGAGATACGTTG-fresh_3T3_PEG_100_4cycles,28195,15783
AGAACAATGCTGAGAG-fresh_3T3_PEG_100_4cycles,27203,15079
GGCAGTAGATCTTTGT-fresh_3T3_PEG_100_4cycles,25630,14578
TACGTGAACCAGGGTA-fresh_3T3_PEG_100_4cycles,30766,16772
CAATCAGACGCCGCTA-fresh_3T3_PEG_100_4cycles,27200,14825
CTGACGTCTGTTTGGT-fresh_3T3_PEG_100_4cycles,24115,13605
CGCTTCCCTCGCAAAG-fresh_3T3_PEG_100_4cycles,27900,15708
TATTCAGCTCAGATTC-fresh_3T3_PEG_100_4cycles,23938,13925
AATGTGCTGGAGAGGG-fresh_3T3_PEG_100_4cycles,27517,15513
AGAACAATGCTACTCC-fresh_3T3_PEG_100_4cycles,24038,13660
CGCACTTACGCCGCTA-fresh_3T3_PEG_100_4cycles,25278,14289
CGCCCTTCTGTTGGTT-fresh_3T3_PEG_100_4cycles,26138,14399
CGTAGTAACGAACATA-fresh_3T3_PEG_100_4cycles,25842,14763
AATGTGCTGGAATAAC-fresh_3T3_PEG_100_4cycles,27244,14923
TGCTTGCACTGAGTAA-fresh_3T3_PEG_100_4cycles,22370,13011
CGACGACACCAAGTAA-fresh_3T3_PEG_100_4cycles,26585,14609
CTCAAACGATGCTTGA-fresh_3T3_PEG_100_4cycles,24308,13702
AACAGCTACCCCGCAA-fresh_3T3_PEG_100_4cycles,26087,14494
GTTTCAGGAGGAATTA-fresh_3T3_PEG_100_4cycles,27489,15416
CTTATTGTGGGTATGG-fresh_3T3_PEG_100_4cycles,24328,13815
ACCAATGACATGTGGG-fresh_3T3_PEG_100_4cycles,26575,14919
ACACTCCACTCTGCAA-fresh_3T3_PEG_100_4cycles,25114,14631
GTTAATCCTTCGGGCT-fresh_3T3_PEG_100_4cycles,26006,14803
TGGCATCCTGCCGCTA-fresh_3T3_PEG_100_4cycles,25032,13822
CTGAAGTACCCTTTGC-fresh_3T3_PEG_100_4cycles,22750,13253
CAAAGGGACCTACTCC-fresh_3T3_PEG_100_4cycles,25713,14308
CGTAGTAACAGGTCCC-fresh_3T3_PEG_100_4cycles,24114,13760
CTGCTAGCTCGATGGA-fresh_3T3_PEG_100_4cycles,21580,12927
CGAAACGGAGTCGGTC-fresh_3T3_PEG_100_4cycles,23771,13691
TTGGTCCACAATCTGC-fresh_3T3_PEG_100_4cycles,23556,13658
GTGTTGTGACGTAGAG-fresh_3T3_PEG_100_4cycles,22780,12878
TACCACCTGCCTTTGC-fresh_3T3_PEG_100_4cycles,24230,13730
ACTAACGTGCGCAACC-fresh_3T3_PEG_100_4cycles,26964,14831
CAAGTGGGATAGGCGA-fresh_3T3_PEG_100_4cycles,25460,14377
TACCACCTGCAGCAAG-fresh_3T3_PEG_100_4cycles,24095,13991
CGTTGCTTGAATCCAC-fresh_3T3_PEG_100_4cycles,22138,12803
CCACAGGTGAGACAAT-fresh_3T3_PEG_100_4cycles,22539,12842
ATTCCAGGAGCGGTAA-fresh_3T3_PEG_100_4cycles,24168,13048
CAAGATAGACGGCTCA-fresh_3T3_PEG_100_4cycles,22393,12770
GTGCATTGATAACGGG-fresh_3T3_PEG_100_4cycles,21198,12347
GTCTGGCGACTTCAAG-fresh_3T3_PEG_100_4cycles,23139,12993
TTGCTAACTGCCCAAC-fresh_3T3_PEG_100_4cycles,21313,12475
GCGTGCTGACCTCCTA-fresh_3T3_PEG_100_4cycles,22505,12796
AAAGTCAGAGGGACTA-fresh_3T3_PEG_100_4cycles,26004,13955
GCGTTAATGATCCTAG-fresh_3T3_PEG_100_4cycles,19477,11209
TGCAGATACGGGATTG-fresh_3T3_PEG_100_4cycles,22675,13023
TTGCGTCACTCTTTGT-fresh_3T3_PEG_100_4cycles,23676,13102
CCATGCTACCTGTACA-fresh_3T3_PEG_100_4cycles,24514,13978
TACGTGTGATTGACAC-fresh_3T3_PEG_100_4cycles,20463,12081
GCAGGTCTGTCTGCAA-fresh_3T3_PEG_100_4cycles,24230,13739
GTAAGGCGATAGGCGA-fresh_3T3_PEG_100_4cycles,25326,13909
ACTTGCCTGAGACTTC-fresh_3T3_PEG_100_4cycles,21284,12310
CTAGTGCCTCACTCAA-fresh_3T3_PEG_100_4cycles,19624,11407
TACCAGTGACGTTCTC-fresh_3T3_PEG_100_4cycles,19332,11220
GGCGTTTCTCGATGGA-fresh_3T3_PEG_100_4cycles,24565,13695
ATTCCAGGACAAGTAA-fresh_3T3_PEG_100_4cycles,24042,13614
GCTGTGGTGTTCGGGC-fresh_3T3_PEG_100_4cycles,25294,13590
GGATATAGATGGCTGC-fresh_3T3_PEG_100_4cycles,21740,12325
CTGCCATTGCTAACGT-fresh_3T3_PEG_100_4cycles,24971,14127
TTGCAGATGCCTGAGC-fresh_3T3_PEG_100_4cycles,20602,11908
GTGAAGGACGCGGTTC-fresh_3T3_PEG_100_4cycles,23156,13181
AAATAGGACGGCAGTA-fresh_3T3_PEG_100_4cycles,21225,12169
CAATCAGTGATCAGCT-fresh_3T3_PEG_100_4cycles,22112,12515
CTCAAACGAGGCCTTG-fresh_3T3_PEG_100_4cycles,22316,12656
GGTAAGCGAGGAATTA-fresh_3T3_PEG_100_4cycles,21948,12559
TGTACGATGCACCTAA-fresh_3T3_PEG_100_4cycles,23471,12765
AAGTCTTCTTCATGCA-fresh_3T3_PEG_100_4cycles,22725,12894
ACCGTTGCTGGAGTCA-fresh_3T3_PEG_100_4cycles,21404,12279
GTGGCTGTGGACTGTT-fresh_3T3_PEG_100_4cycles,20854,12192
AGGACAGACTTTCTTG-fresh_3T3_PEG_100_4cycles,22713,12760
GGATATAGAACGAGCA-fresh_3T3_PEG_100_4cycles,22957,13079
TAATGGGCTTGATGAA-fresh_3T3_PEG_100_4cycles,21349,12243
GCTTTAGGATGCAAGG-fresh_3T3_PEG_100_4cycles,19674,11408
CGTATCGCTACCTTGA-fresh_3T3_PEG_100_4cycles,24028,13621
CCCATTTCTGGAATGC-fresh_3T3_PEG_100_4cycles,20771,12115
GGTTGGAGACTCTGGG-fresh_3T3_PEG_100_4cycles,19738,11610
ATGATGCACATGGCCC-fresh_3T3_PEG_100_4cycles,19102,11220
CACATATCTGGGACTA-fresh_3T3_PEG_100_4cycles,20915,12301
TACAACCGAAAGTTAG-fresh_3T3_PEG_100_4cycles,21147,12070
TTGACGTGAGTCAATC-fresh_3T3_PEG_100_4cycles,18962,11192
CCGAGTCGAAGCGCTC-fresh_3T3_PEG_100_4cycles,23347,13465
TCGCCGAGAAGCCATT-fresh_3T3_PEG_100_4cycles,20257,11544
CTAATCACTCAGCACC-fresh_3T3_PEG_100_4cycles,20799,11827
TGTAGACACGCTCCTT-fresh_3T3_PEG_100_4cycles,23580,13208
TTTAGGGACTAGGTTC-fresh_3T3_PEG_100_4cycles,17407,10277
GTAGGCGCTTGCCACG-fresh_3T3_PEG_100_4cycles,22174,12411
TGTCAATCTATGGCCC-fresh_3T3_PEG_100_4cycles,22525,12506
GCCTCTTGAGCGTATT-fresh_3T3_PEG_100_4cycles,19838,11353
GGCTGCAACCTGGAAG-fresh_3T3_PEG_100_4cycles,20544,12434
CTACTTTGATACTTTC-fresh_3T3_PEG_100_4cycles,19872,11870
GCGCAGTTGCTTCAAG-fresh_3T3_PEG_100_4cycles,21990,12422
CCCAGGATGACGCCAC-fresh_3T3_PEG_100_4cycles,20655,11886
GTAGCATACGGGACTA-fresh_3T3_PEG_100_4cycles,21038,11792
AAAGCATGATCCGTAA-fresh_3T3_PEG_100_4cycles,20423,11711
CGATATGTGTAATGCC-fresh_3T3_PEG_100_4cycles,21634,12515
TTGTGCCTGCCAAACT-fresh_3T3_PEG_100_4cycles,18937,11427
GGCAACGCTATGGCCC-fresh_3T3_PEG_100_4cycles,21717,12080
CGGGACACTCGTAACT-fresh_3T3_PEG_100_4cycles,20951,11979
TTAGTCTTGCATCCTC-fresh_3T3_PEG_100_4cycles,21328,12072
CCTACGTACACACCGC-fresh_3T3_PEG_100_4cycles,18239,10890
ACAGCGGCTGCTTACA-fresh_3T3_PEG_100_4cycles,22058,12500
ACTTATCACCAGTCTA-fresh_3T3_PEG_100_4cycles,20267,11768
CCAGCTTTGCCAAGTT-fresh_3T3_PEG_100_4cycles,16780,10059
CCCATGTACCGGCACT-fresh_3T3_PEG_100_4cycles,20000,11586
GCCAGTCGAAGTACGG-fresh_3T3_PEG_100_4cycles,21198,12032
TGTCATGGATGCACCG-fresh_3T3_PEG_100_4cycles,18446,10962
CATCGCGGATTATGGC-fresh_3T3_PEG_100_4cycles,19860,11375
CTAGCTCACCGAACAG-fresh_3T3_PEG_100_4cycles,23050,12869
CTCTGACTGGCGCACT-fresh_3T3_PEG_100_4cycles,21645,12456
CTGCCATTGGAATAGT-fresh_3T3_PEG_100_4cycles,20675,12128
TCAGTCCTGCCAGCTG-fresh_3T3_PEG_100_4cycles,21419,12197
ACCTCACACCGATCGC-fresh_3T3_PEG_100_4cycles,21083,12051
GCTTCTCGAATAACCC-fresh_3T3_PEG_100_4cycles,19996,11818
CAACGCGTGGGAATTA-fresh_3T3_PEG_100_4cycles,20293,11866
CCGAACTCTTTAGCTG-fresh_3T3_PEG_100_4cycles,21320,12292
ACGCAGAGATTGACAC-fresh_3T3_PEG_100_4cycles,19553,11060
CACCAGGTGAGGCGTA-fresh_3T3_PEG_100_4cycles,17829,10284
CGCAAAGGAGCTTTGA-fresh_3T3_PEG_100_4cycles,22066,12524
GTACCGGACACACAAA-fresh_3T3_PEG_100_4cycles,18592,10766
ACGCCCAGAATAGGTA-fresh_3T3_PEG_100_4cycles,18586,10977
AAGCGCCACCCATAAC-fresh_3T3_PEG_100_4cycles,21494,12046
GGGAACCCTGCAGTTT-fresh_3T3_PEG_100_4cycles,19881,11595
TCTAGACGAGGCCAAA-fresh_3T3_PEG_100_4cycles,20911,12246
GCGTCTTTGATCCTAG-fresh_3T3_PEG_100_4cycles,21299,12407
CTGAAGTACTGATCAC-fresh_3T3_PEG_100_4cycles,19825,11417
CGGACGTTGTTCTCGC-fresh_3T3_PEG_100_4cycles,20384,11283
ATTTAGCCTTCGTAAC-fresh_3T3_PEG_100_4cycles,23470,13173
ATGCCCGGATTTCGCC-fresh_3T3_PEG_100_4cycles,21018,12059
CAAGATAGACCTCGTT-fresh_3T3_PEG_100_4cycles,19489,11355
ATAGCCAACGACTCGC-fresh_3T3_PEG_100_4cycles,17753,10472
TTCAAGCGACAATAGA-fresh_3T3_PEG_100_4cycles,19120,11164
TCGACACCTAGTGGTG-fresh_3T3_PEG_100_4cycles,19242,11091
CCACTTGTGTAATCGC-fresh_3T3_PEG_100_4cycles,18232,10687
GCGCTACGAGACACCC-fresh_3T3_PEG_100_4cycles,18328,10806
GGGAAAGCTTAGCGAG-fresh_3T3_PEG_100_4cycles,9864,5730
AAACGCTACGGCCATC-fresh_3T3_PEG_100_4cycles,22001,12086
AAGGGCATGTCAATGC-fresh_3T3_PEG_100_4cycles,16372,10022
TGCCTACTGTCGGGCT-fresh_3T3_PEG_100_4cycles,20162,11470
GGCTGCAACGGCCTTG-fresh_3T3_PEG_100_4cycles,17005,10098
AATTGCCGAGGCCATC-fresh_3T3_PEG_100_4cycles,18095,10643
AGGGTTTACAACCAAA-fresh_3T3_PEG_100_4cycles,17370,10265
ACCGTTGCTAAGACAT-fresh_3T3_PEG_100_4cycles,20281,11599
AGGGACCCTAAGTCTC-fresh_3T3_PEG_100_4cycles,19860,11594
GTACATCGAGTCCCGA-fresh_3T3_PEG_100_4cycles,20255,11843
CCTATCCGATAGACAA-fresh_3T3_PEG_100_4cycles,20952,11934
TGGCAATTGTATCTGG-fresh_3T3_PEG_100_4cycles,19184,11012
ATTTCTGACGCTTTGA-fresh_3T3_PEG_100_4cycles,21864,12296
AGTGCATTGTCATTTC-fresh_3T3_PEG_100_4cycles,18241,10522
CGTGCCAGACGAATCT-fresh_3T3_PEG_100_4cycles,17769,10434
TTCTTAGACCAGGGAT-fresh_3T3_PEG_100_4cycles,19452,11523
TCAGCCGGAGCTGTTA-fresh_3T3_PEG_100_4cycles,21071,12181
CTGCACGGACCTAGCG-fresh_3T3_PEG_100_4cycles,18519,10669
AGAACGCGAAAACTGA-fresh_3T3_PEG_100_4cycles,20510,11667
GCTTTGCACATAGGTA-fresh_3T3_PEG_100_4cycles,20279,12282
TGTCCCATGGAATCTC-fresh_3T3_PEG_100_4cycles,18938,11020
TAATGAGGACGAGGAT-fresh_3T3_PEG_100_4cycles,18684,11030
GAGTTGTTGTGTTGTG-fresh_3T3_PEG_100_4cycles,17602,10773
GGGCAATGAAGTACGG-fresh_3T3_PEG_100_4cycles,14820,8771
ATAGATGGAGCGGTTC-fresh_3T3_PEG_100_4cycles,19241,11090
CCTCCCTTGTCTGGAT-fresh_3T3_PEG_100_4cycles,17464,10405
GAAGCAGTGGTACGTT-fresh_3T3_PEG_100_4cycles,17570,10287
CTTAATCTGAGCTTTG-fresh_3T3_PEG_100_4cycles,18645,11014
GCTATGATGGAGTAAT-fresh_3T3_PEG_100_4cycles,18275,10571
TAGAACCACGAACAGC-fresh_3T3_PEG_100_4cycles,20700,11535
GTCCGTTACTCGCAGC-fresh_3T3_PEG_100_4cycles,19550,11119
CAACTGAACAGTAGGC-fresh_3T3_PEG_100_4cycles,17225,10362
AGAACAATGAACCAAA-fresh_3T3_PEG_100_4cycles,18294,10940
TGTTATCACAACGTTC-fresh_3T3_PEG_100_4cycles,17587,10436
CACCAAATGATCCTCC-fresh_3T3_PEG_100_4cycles,18530,10487
GTTTCAGGACGAAGCA-fresh_3T3_PEG_100_4cycles,20395,11946
TGAGGGATGATGTGGG-fresh_3T3_PEG_100_4cycles,20903,11770
CACATTACTGACTGTT-fresh_3T3_PEG_100_4cycles,16809,10081
GGTCTGGACAGGCGTA-fresh_3T3_PEG_100_4cycles,20454,11287
TCAGCGCGACTGTGCG-fresh_3T3_PEG_100_4cycles,16084,9736
CCTACGGGAGCACCCA-fresh_3T3_PEG_100_4cycles,20106,11663
TAACGCATGTGACCTA-fresh_3T3_PEG_100_4cycles,17595,10405
GCGAAGCCTGAACATA-fresh_3T3_PEG_100_4cycles,17459,9989
GAGTTGTTGATCCTCC-fresh_3T3_PEG_100_4cycles,14980,9136
CCCATTTCTCGAACGA-fresh_3T3_PEG_100_4cycles,15656,9476
CCTTCAGTGGGAATAT-fresh_3T3_PEG_100_4cycles,17796,10507
AGCGTATACGGCCTTG-fresh_3T3_PEG_100_4cycles,19468,11076
CAGGGCTTGACCTTGA-fresh_3T3_PEG_100_4cycles,20623,11582
CTGATTACTGGTTTGT-fresh_3T3_PEG_100_4cycles,18604,10883
ACAGTTGACAGCCATT-fresh_3T3_PEG_100_4cycles,19162,11116
ATTGTGCGATGAAAGT-fresh_3T3_PEG_100_4cycles,19840,11423
GGCTTACCTCCGTGAC-fresh_3T3_PEG_100_4cycles,21257,12112
GGTTCATGATTTGTCT-fresh_3T3_PEG_100_4cycles,16325,9720
CAGACTCCTGCGCACT-fresh_3T3_PEG_100_4cycles,16070,9564
GGCTGACTGGAACATA-fresh_3T3_PEG_100_4cycles,22431,12702
CGACCTTTGATACGCT-fresh_3T3_PEG_100_4cycles,18557,10684
TCCATTCCTCGATTGT-fresh_3T3_PEG_100_4cycles,19093,11243
CAACCCTACCCACAAT-fresh_3T3_PEG_100_4cycles,22257,12570
ATTTCAGCTCCGGACT-fresh_3T3_PEG_100_4cycles,16488,9685
AACGCGAGAAAACTGA-fresh_3T3_PEG_100_4cycles,17840,10382
AGCTTGCCTCGGTACC-fresh_3T3_PEG_100_4cycles,17455,10219
CAGGGCACTCTCCTAC-fresh_3T3_PEG_100_4cycles,15837,9601
AGCTTGCCTGGCATTT-fresh_3T3_PEG_100_4cycles,18316,10798
AAGACGGTGCTCGATA-fresh_3T3_PEG_100_4cycles,18581,10724
CTGGTGGACCCATGTA-fresh_3T3_PEG_100_4cycles,18773,11048
CAAGGGATGCCTTCCA-fresh_3T3_PEG_100_4cycles,16484,9907
ACGGAACGAAAGGCTG-fresh_3T3_PEG_100_4cycles,16541,9608
GATATGAGATACCAAC-fresh_3T3_PEG_100_4cycles,16385,9960
TTTCGGCTGCGGTTTA-fresh_3T3_PEG_100_4cycles,17921,10242
AAGAACCCTCCGTGAC-fresh_3T3_PEG_100_4cycles,18461,10638
CTGGTGGACTGCTGGC-fresh_3T3_PEG_100_4cycles,17243,10113
GGGTTCTCTTTTGTCT-fresh_3T3_PEG_100_4cycles,16161,9591
CAAGGGTGACCTAGGC-fresh_3T3_PEG_100_4cycles,17171,10190
TAAGCACACTGGGCCT-fresh_3T3_PEG_100_4cycles,18177,10514
CATCCGTACACTAGGG-fresh_3T3_PEG_100_4cycles,16853,10081
GCCTCTTGAAAGGCTG-fresh_3T3_PEG_100_4cycles,19341,11255
CTGCCTTGATTTCCGC-fresh_3T3_PEG_100_4cycles,17746,10505
ACTTGAGTGAATGCGG-fresh_3T3_PEG_100_4cycles,14498,8788
GGGTTGCTGGATGGAC-fresh_3T3_PEG_100_4cycles,18585,10685
TGAGAACCTCTTCACC-fresh_3T3_PEG_100_4cycles,15156,8988
GGGTCGTACCTGCGGT-fresh_3T3_PEG_100_4cycles,18347,10855
GTAACTCGAAACCCGC-fresh_3T3_PEG_100_4cycles,18024,10492
GGTTGGAGACCACATA-fresh_3T3_PEG_100_4cycles,16061,9542
CCCGACAGAGTACACT-fresh_3T3_PEG_100_4cycles,16828,10047
GGTAGCAGATGTGGGA-fresh_3T3_PEG_100_4cycles,17695,10448
TCTTGGCACTATGACC-fresh_3T3_PEG_100_4cycles,16939,10236
AGGTAGGTGAAGTAAC-fresh_3T3_PEG_100_4cycles,15753,9393
GGATCCCGACTGCCAG-fresh_3T3_PEG_100_4cycles,17562,10465
GGTCAGAGACAGGGTA-fresh_3T3_PEG_100_4cycles,16265,9757
AGGTATGCTTCGTAGT-fresh_3T3_PEG_100_4cycles,17408,9971
ACTAACCGACAGCTGC-fresh_3T3_PEG_100_4cycles,18515,10664
CGCTAGTCTCATACTG-fresh_3T3_PEG_100_4cycles,18185,10555
GAGTTGACTCGACACC-fresh_3T3_PEG_100_4cycles,19477,11263
TCTACTCCTCGTTCTC-fresh_3T3_PEG_100_4cycles,18460,10809
GTATAGGCTCGCACTG-fresh_3T3_PEG_100_4cycles,18789,10505
TTTGCGGCTCGAGTGA-fresh_3T3_PEG_100_4cycles,17997,10145
ATCACGATGTTTGGGT-fresh_3T3_PEG_100_4cycles,13990,8454
GCGCAGTTGTCTGCAA-fresh_3T3_PEG_100_4cycles,17932,10592
ACCTCCAACCCTCCTA-fresh_3T3_PEG_100_4cycles,20573,11970
CACCCATACGTTAGAA-fresh_3T3_PEG_100_4cycles,15418,9250
CGCTTAAGAGAGTGAC-fresh_3T3_PEG_100_4cycles,19144,11002
CGTACAAACGAACAGC-fresh_3T3_PEG_100_4cycles,17356,9911
TGCGACGACTTAGAAG-fresh_3T3_PEG_100_4cycles,18517,10493
TTGTCAACTGCTTTGA-fresh_3T3_PEG_100_4cycles,20259,11331
ATTACCTACTTAGCTG-fresh_3T3_PEG_100_4cycles,17512,10664
CGTAATCGAGAAGTTA-fresh_3T3_PEG_100_4cycles,17695,10259
TTGTCAACTTGGAACG-fresh_3T3_PEG_100_4cycles,16815,9795
GGTACCTCTTTGGCGC-fresh_3T3_PEG_100_4cycles,18815,10654
ATACCACGATTACGAC-fresh_3T3_PEG_100_4cycles,16188,9582
CTCTATATGTTATGGC-fresh_3T3_PEG_100_4cycles,16566,9778
GCTGAATTGTATCTGG-fresh_3T3_PEG_100_4cycles,20110,11688
GGTGCGTTGAAGTTCC-fresh_3T3_PEG_100_4cycles,18526,10590
CATAGCATGTATGACC-fresh_3T3_PEG_100_4cycles,18285,10811
TTCGACCACCTCGAGC-fresh_3T3_PEG_100_4cycles,17052,9959
TTGGAGACTAAATGCA-fresh_3T3_PEG_100_4cycles,17501,10485
TCGGGTCGACGACATT-fresh_3T3_PEG_100_4cycles,15346,9222
ACAGTCATGCCAGCAC-fresh_3T3_PEG_100_4cycles,18411,10593
CCTAGCACTGCTGTTA-fresh_3T3_PEG_100_4cycles,16341,9908
GACGACAGATGCATGT-fresh_3T3_PEG_100_4cycles,17435,10310
TTTAGGGACCCAAACT-fresh_3T3_PEG_100_4cycles,17711,10649
GAGAAGAGACCTCGTT-fresh_3T3_PEG_100_4cycles,15344,9164
AACGTCCCTCGATTCA-fresh_3T3_PEG_100_4cycles,16926,10011
ACCAAGTTGCCTGAGC-fresh_3T3_PEG_100_4cycles,17401,9947
TCCGTTGTGAAGGTGC-fresh_3T3_PEG_100_4cycles,16415,9900
GCGACGTTGACGCCAC-fresh_3T3_PEG_100_4cycles,17762,10276
CGGTCTACTCCGGCTA-fresh_3T3_PEG_100_4cycles,16031,9694
CTTTAGGGAAGCGCTC-fresh_3T3_PEG_100_4cycles,17518,10217
ATCAATCCTTGGCTGC-fresh_3T3_PEG_100_4cycles,19209,11024
CGAATTTCTCGCCACA-fresh_3T3_PEG_100_4cycles,15364,9192
CGCACACGAAACTAGA-fresh_3T3_PEG_100_4cycles,18020,10306
CAGGCGACTAGCAGGT-fresh_3T3_PEG_100_4cycles,16579,9805
ACGTGTTGATTAGCTG-fresh_3T3_PEG_100_4cycles,15485,9326
TACGATGACTTGGGAG-fresh_3T3_PEG_100_4cycles,16015,9507
AAAGGGAGATAATCGC-fresh_3T3_PEG_100_4cycles,13746,8420
TATGGTTCTCTCTGGG-fresh_3T3_PEG_100_4cycles,17706,10465
CTGCGAGTGGCTTACA-fresh_3T3_PEG_100_4cycles,17150,10116
CCATAAGTGAGCCATT-fresh_3T3_PEG_100_4cycles,17487,10185
GCCATTCACCCTCCTA-fresh_3T3_PEG_100_4cycles,16819,9909
AACTACGACCAGGCCT-fresh_3T3_PEG_100_4cycles,18698,10697
TTCGATGGACAACGCC-fresh_3T3_PEG_100_4cycles,13854,8304
GTGCTCACTCTCGATA-fresh_3T3_PEG_100_4cycles,15120,9067
GCAGACCTGACTCGAT-fresh_3T3_PEG_100_4cycles,16722,9800
GTTCAGAACTGGAACG-fresh_3T3_PEG_100_4cycles,15938,9552
CGCTTCCCTCTCGATA-fresh_3T3_PEG_100_4cycles,17523,10409
TGTTACTTGGCTGGCT-fresh_3T3_PEG_100_4cycles,16950,9778
CCACTCTGATTAGCTG-fresh_3T3_PEG_100_4cycles,15419,9215
GTATAGGCTCCTAGGC-fresh_3T3_PEG_100_4cycles,17413,10024
CTGGTGGACGACAAAT-fresh_3T3_PEG_100_4cycles,17234,10137
ACAAAGAACCGCTCGA-fresh_3T3_PEG_100_4cycles,16391,9800
AATTCTGCTGTCTGGC-fresh_3T3_PEG_100_4cycles,19316,10852
CCTAGCACTCAGTCCG-fresh_3T3_PEG_100_4cycles,15747,9628
CAGTGTAACCGAATCT-fresh_3T3_PEG_100_4cycles,15474,9160
AGCGTATACGGAATAT-fresh_3T3_PEG_100_4cycles,17350,10135
CTCTTGGACTACCTGA-fresh_3T3_PEG_100_4cycles,18723,10700
TGCGCAGACATCGGTT-fresh_3T3_PEG_100_4cycles,14444,8679
ATTGTGTCTCTCATTT-fresh_3T3_PEG_100_4cycles,15401,9172
GGGTGAATGTTATGGC-fresh_3T3_PEG_100_4cycles,18231,10359
GGTGGAAACGGTTGAG-fresh_3T3_PEG_100_4cycles,17347,9911
GTCTGGCGAGGTGCAA-fresh_3T3_PEG_100_4cycles,15194,9220
CAAGATAGATTTGTCT-fresh_3T3_PEG_100_4cycles,17473,10364
AAGGTAATGAGCTTTG-fresh_3T3_PEG_100_4cycles,15764,9289
TCGACGGACGGACTGA-fresh_3T3_PEG_100_4cycles,15095,8959
CGCACTTACTATCTGG-fresh_3T3_PEG_100_4cycles,16605,9809
ACACACTGATAATGCC-fresh_3T3_PEG_100_4cycles,13650,8405
TGGTAGGGAACACCGC-fresh_3T3_PEG_100_4cycles,15803,9316
TTACCATTGATCCGTA-fresh_3T3_PEG_100_4cycles,18745,10858
CGCAAAGGAACCTAGT-fresh_3T3_PEG_100_4cycles,17125,10012
AGTGGAGTGCAATGAA-fresh_3T3_PEG_100_4cycles,15160,8990
CTATGTTACCCGGCTA-fresh_3T3_PEG_100_4cycles,14238,8616
CTTATGTTGTCTGGGC-fresh_3T3_PEG_100_4cycles,17842,10244
GCGTGCTGAGTTCTCC-fresh_3T3_PEG_100_4cycles,17722,10186
CCTACGTTGGCTGGCT-fresh_3T3_PEG_100_4cycles,16298,9904
CAGTGGAGACCACAAT-fresh_3T3_PEG_100_4cycles,15600,9302
ATCATCTACAATCGAA-fresh_3T3_PEG_100_4cycles,14325,8568
ATCTCTAACGGAGTCA-fresh_3T3_PEG_100_4cycles,14879,9064
ACTGGGCACCGTTATG-fresh_3T3_PEG_100_4cycles,16326,9668
TCGGGTGACTGCTACA-fresh_3T3_PEG_100_4cycles,15740,9565
CCAGTTGCTAGGTAAT-fresh_3T3_PEG_100_4cycles,18996,10894
TGCGAGGCTGCACTTA-fresh_3T3_PEG_100_4cycles,16278,9865
CATTCCCGAAAAGGTT-fresh_3T3_PEG_100_4cycles,17310,10078
TGGAATCACGGAATTA-fresh_3T3_PEG_100_4cycles,14171,8458
GGCAACAGATTCGCCT-fresh_3T3_PEG_100_4cycles,15345,9147
GCAATCATGCGACTAT-fresh_3T3_PEG_100_4cycles,15399,9278
TACGTGAACGAGAGGG-fresh_3T3_PEG_100_4cycles,16222,9545
CGGAATTTGAGGTGAC-fresh_3T3_PEG_100_4cycles,17035,9872
AGACTACTGGAACGTG-fresh_3T3_PEG_100_4cycles,13276,8242
CCGACAGTGAAAGTAC-fresh_3T3_PEG_100_4cycles,16465,9701
TACTGTTTGAAAGCTA-fresh_3T3_PEG_100_4cycles,13928,8570
CTCTGAAGACCAGAGA-fresh_3T3_PEG_100_4cycles,15182,8797
GGCGCAACTTACCAAC-fresh_3T3_PEG_100_4cycles,18719,10571
GTGCAGAGATCAATGC-fresh_3T3_PEG_100_4cycles,15555,9012
ACACATCGACGAGGAT-fresh_3T3_PEG_100_4cycles,15508,9423
AAATAGGACTGGAACG-fresh_3T3_PEG_100_4cycles,16218,9379
TTCTATGACTGCTACA-fresh_3T3_PEG_100_4cycles,15693,9350
TGAGACTTGAAACTGA-fresh_3T3_PEG_100_4cycles,13114,8002
CCTAACGCTTCAATGC-fresh_3T3_PEG_100_4cycles,14759,8848
AGTGGAGTGTGAGCAG-fresh_3T3_PEG_100_4cycles,16174,9603
TCGACGGACTCTATCT-fresh_3T3_PEG_100_4cycles,15105,8940
GGCTTGCGACGAATCT-fresh_3T3_PEG_100_4cycles,16406,9509
GCCTAGTCTGTTAGTC-fresh_3T3_PEG_100_4cycles,14565,8931
TCCCAGACTACACCGC-fresh_3T3_PEG_100_4cycles,15457,9351
ACACTCCACGCGAGTA-fresh_3T3_PEG_100_4cycles,15611,9220
TTGTCGAGACCAGCTG-fresh_3T3_PEG_100_4cycles,16329,9569
CGTGTCTACACACCGC-fresh_3T3_PEG_100_4cycles,15412,9078
CCTGAGGACGGACAGT-fresh_3T3_PEG_100_4cycles,14004,8580
CAGGCCATGCGTGCAC-fresh_3T3_PEG_100_4cycles,13786,8107
CGCAATCCTACACCTA-fresh_3T3_PEG_100_4cycles,15713,9332
GTAGGTTTGCGACAAG-fresh_3T3_PEG_100_4cycles,15179,9021
ATAGGGTCTGGCATTT-fresh_3T3_PEG_100_4cycles,17253,9885
CAGTTGATGCTGTACA-fresh_3T3_PEG_100_4cycles,16779,9759
GGTATTTCTAGGTGAC-fresh_3T3_PEG_100_4cycles,15521,9381
ATGATGCACCTCGATA-fresh_3T3_PEG_100_4cycles,14512,8738
CCGACAGTGCCTCGTT-fresh_3T3_PEG_100_4cycles,14348,8415
CCTGCCTCTCCAGGCT-fresh_3T3_PEG_100_4cycles,13876,8474
TAGGGTTTGTATGACC-fresh_3T3_PEG_100_4cycles,15933,9288
TTCGACCACAATGCGG-fresh_3T3_PEG_100_4cycles,15430,9108
TGCGCCAGAACTAGGG-fresh_3T3_PEG_100_4cycles,16422,9408
CTATCTATGGTCAATC-fresh_3T3_PEG_100_4cycles,15401,9424
CTCTGGACTGAGCCTC-fresh_3T3_PEG_100_4cycles,16034,9502
ACACACTGACCTAGTA-fresh_3T3_PEG_100_4cycles,13696,8063
TCCATATACTCCAATG-fresh_3T3_PEG_100_4cycles,13764,8362
CTATAGCGAAATCGCT-fresh_3T3_PEG_100_4cycles,13418,8255
CAAGGGATGGAACGTG-fresh_3T3_PEG_100_4cycles,13039,7891
CATGATGTGCTCATCC-fresh_3T3_PEG_100_4cycles,14366,8747
AGGGTTTACCCGGACT-fresh_3T3_PEG_100_4cycles,13541,8225
GGGCTGACTTGCCACG-fresh_3T3_PEG_100_4cycles,13880,8437
CCTTCTACTCGCTCGA-fresh_3T3_PEG_100_4cycles,14981,8780
AAGGTAATGAATCGAA-fresh_3T3_PEG_100_4cycles,14376,8632
TCACGGGACATCCTTT-fresh_3T3_PEG_100_4cycles,13248,7991
TCACACCTGTCCCAGG-fresh_3T3_PEG_100_4cycles,13358,7973
ATGACAAGACTCACGG-fresh_3T3_PEG_100_4cycles,13241,8137
AACTCCCTGCATGCTA-fresh_3T3_PEG_100_4cycles,12821,7911
TCGCCGAGACGGCTCA-fresh_3T3_PEG_100_4cycles,13969,8467
TGGCTAATGAAGGTGC-fresh_3T3_PEG_100_4cycles,15326,9019
TTCCCGAACCGGAAGT-fresh_3T3_PEG_100_4cycles,12690,7769
ACGGCTTCTCGACACC-fresh_3T3_PEG_100_4cycles,16940,9835
CTATGTTACCCTCAAA-fresh_3T3_PEG_100_4cycles,16746,9711
GTCCGTTACTACAGCT-fresh_3T3_PEG_100_4cycles,13998,8452
GGGATTGGAAGCCATT-fresh_3T3_PEG_100_4cycles,13669,8269
TACCTCGACCTCGATA-fresh_3T3_PEG_100_4cycles,14389,8814
GGTATGACTGGTGCAA-fresh_3T3_PEG_100_4cycles,14368,8578
GCGACGTTGTGATCAC-fresh_3T3_PEG_100_4cycles,13443,8102
CGACATCCTTAACTCG-fresh_3T3_PEG_100_4cycles,17549,10294
CCATAAGTGCCACAAT-fresh_3T3_PEG_100_4cycles,15717,9096
TGCTCGACTCGGTTTA-fresh_3T3_PEG_100_4cycles,13269,8168
CGGTTGGACTAACTCG-fresh_3T3_PEG_100_4cycles,14264,8734
GTACATCGAGCCAGCT-fresh_3T3_PEG_100_4cycles,15483,8890
CCGTTCTGATCAATGC-fresh_3T3_PEG_100_4cycles,14243,8303
TGAGAACCTGGTGCAA-fresh_3T3_PEG_100_4cycles,14230,8705
TCTGAACGAAGGTGCA-fresh_3T3_PEG_100_4cycles,12284,7702
AGCTATCGATCATTGG-fresh_3T3_PEG_100_4cycles,14006,8582
GTGATAAGATAGCTTG-fresh_3T3_PEG_100_4cycles,13715,8226
GTATCAGTGCTTGTGA-fresh_3T3_PEG_100_4cycles,14756,8831
ACGCTCTTGAATCCAC-fresh_3T3_PEG_100_4cycles,13224,7915
CTGCTAGCTCGGTTTA-fresh_3T3_PEG_100_4cycles,14949,8969
ATGACAAGATTCGCAA-fresh_3T3_PEG_100_4cycles,14987,8918
GTACCCTTGTTCCATT-fresh_3T3_PEG_100_4cycles,14885,8939
ATTCCTAACGGATGGT-fresh_3T3_PEG_100_4cycles,12004,7453
GATACGGGACCCGCAA-fresh_3T3_PEG_100_4cycles,17855,10011
AGTCGCGTGAAACATG-fresh_3T3_PEG_100_4cycles,15249,8968
CGGATAGGAGGGACTA-fresh_3T3_PEG_100_4cycles,13806,8372
TCCCACATGTATCTGG-fresh_3T3_PEG_100_4cycles,15728,9590
TGTTACTACTGATGAA-fresh_3T3_PEG_100_4cycles,13012,8005
AACTCCCTGGAACAGC-fresh_3T3_PEG_100_4cycles,13571,8168
CAATGCCCTGGAGTCA-fresh_3T3_PEG_100_4cycles,13433,8275
ACACGTTGAAACGCAG-fresh_3T3_PEG_100_4cycles,14709,8690
CATTGTTACTTCCATT-fresh_3T3_PEG_100_4cycles,13604,8187
AACGCGCTGCCTAACA-fresh_3T3_PEG_100_4cycles,12931,7952
GGTTGAACTGTTCTCC-fresh_3T3_PEG_100_4cycles,16584,9629
TCCGTTGTGATTGGTC-fresh_3T3_PEG_100_4cycles,12762,7879
GTCGACCGAACCGTGC-fresh_3T3_PEG_100_4cycles,14923,8854
CTGAGATACAACTAGA-fresh_3T3_PEG_100_4cycles,12851,7878
GTTCTTCCTTGCCACG-fresh_3T3_PEG_100_4cycles,12373,7791
GCTAGTCCTCAAGTAA-fresh_3T3_PEG_100_4cycles,13402,8027
CGTGTCTTGTTGTTTC-fresh_3T3_PEG_100_4cycles,14541,8456
AAGACCTACCGAAAGC-fresh_3T3_PEG_100_4cycles,13172,8155
ATCAATCCTTCTGGAT-fresh_3T3_PEG_100_4cycles,15551,9037
TTGCAGATGGAAGGCT-fresh_3T3_PEG_100_4cycles,12336,7514
CTACCTGTGGATCATC-fresh_3T3_PEG_100_4cycles,14299,8440
ATCCAGCCTAGGACAC-fresh_3T3_PEG_100_4cycles,13977,8434
CTGATTACTTTGCAGT-fresh_3T3_PEG_100_4cycles,12262,7542
AAGACAAACTGGTCCG-fresh_3T3_PEG_100_4cycles,15264,9355
CTTGCTGACCATACTG-fresh_3T3_PEG_100_4cycles,13473,8116
GTTAAGAGACAGGGTA-fresh_3T3_PEG_100_4cycles,13878,8281
CCCTGATTGCCTTCCA-fresh_3T3_PEG_100_4cycles,13382,8197
TCACCCATGTCATGCA-fresh_3T3_PEG_100_4cycles,15502,9316
TCGCGTACTAGGGAGG-fresh_3T3_PEG_100_4cycles,16973,9615
TATTGCTTGTCTATCT-fresh_3T3_PEG_100_4cycles,11132,6905
CGGATGAGAGGCATTT-fresh_3T3_PEG_100_4cycles,13492,8145
CTTGCGGGATGCTTGA-fresh_3T3_PEG_100_4cycles,16428,9418
GTGTACTGACAAGTTC-fresh_3T3_PEG_100_4cycles,12258,7508
GACGACAGATACGATC-fresh_3T3_PEG_100_4cycles,13324,8231
AGGTTACTGACCCGGT-fresh_3T3_PEG_100_4cycles,13407,8043
GTCTTGCACCTCCTAC-fresh_3T3_PEG_100_4cycles,13322,8081
TGACCCTACTCTGTAG-fresh_3T3_PEG_100_4cycles,13572,8213
TAAGTGCACCTTGTGA-fresh_3T3_PEG_100_4cycles,13094,7944
GGGCTGACTTAACGAA-fresh_3T3_PEG_100_4cycles,13433,8125
ACGTTCAGAATACGCT-fresh_3T3_PEG_100_4cycles,15285,9110
TTGTTTGTGCTCCTAC-fresh_3T3_PEG_100_4cycles,14605,8766
TTGCATTACCCAGGCT-fresh_3T3_PEG_100_4cycles,15027,8911
AACAGCTACGAAGGCT-fresh_3T3_PEG_100_4cycles,14129,8632
GGCACACACTCGTAGT-fresh_3T3_PEG_100_4cycles,14259,8560
TGTCCCATGTTTGGGT-fresh_3T3_PEG_100_4cycles,12151,7548
TTCTAACACTGTTGTG-fresh_3T3_PEG_100_4cycles,15344,9245
AGGGCAAACAATCCGT-fresh_3T3_PEG_100_4cycles,13823,8277
CAGTTGATGTAATAGG-fresh_3T3_PEG_100_4cycles,13862,8299
AAGACCTACCCTGTGG-fresh_3T3_PEG_100_4cycles,12594,7823
ATCGTTTACGAAGTTA-fresh_3T3_PEG_100_4cycles,11753,7179
CCTGCTATGGAGAGGG-fresh_3T3_PEG_100_4cycles,13242,8057
CTTAGGCCTGGACCAA-fresh_3T3_PEG_100_4cycles,14786,8805
AACCAACACCGAACAG-fresh_3T3_PEG_100_4cycles,12255,7670
AGAATCCACCGTGCAC-fresh_3T3_PEG_100_4cycles,11618,7095
AGCTTGCCTTTGGGAG-fresh_3T3_PEG_100_4cycles,13581,8162
CATCAGTGAGGTGCAA-fresh_3T3_PEG_100_4cycles,14423,8565
AGTACGTTGAGCCTAT-fresh_3T3_PEG_100_4cycles,13603,8171
ATGCTCCTGAGCAGGT-fresh_3T3_PEG_100_4cycles,13851,8282
TGTTGTACTCATGATC-fresh_3T3_PEG_100_4cycles,16313,9787
CACATTACTCATGATC-fresh_3T3_PEG_100_4cycles,14472,8642
ACGATCATGACGAGCA-fresh_3T3_PEG_100_4cycles,13110,7913
GTACATCGAGACTCGC-fresh_3T3_PEG_100_4cycles,12443,7790
GTTGATTCTGCTTACA-fresh_3T3_PEG_100_4cycles,12381,7722
AGACCATTGTTGCGCG-fresh_3T3_PEG_100_4cycles,15366,9001
GCGAGCACTGGGATTG-fresh_3T3_PEG_100_4cycles,12130,7409
TCGCGGAACAGTGAGC-fresh_3T3_PEG_100_4cycles,13805,8360
ATTCCAACTATTGGTC-fresh_3T3_PEG_100_4cycles,12841,7771
CGTGGAAGAGTTGACT-fresh_3T3_PEG_100_4cycles,11559,7054
GCTGGACACCTTTGTT-fresh_3T3_PEG_100_4cycles,13863,8526
CGGTCGATGTGCACCG-fresh_3T3_PEG_100_4cycles,12998,7873
TAAGCTGTGGATGGAC-fresh_3T3_PEG_100_4cycles,13254,7931
GCTATACGAAGCTTTG-fresh_3T3_PEG_100_4cycles,10867,6890
GTGAGATCTGCTTTGA-fresh_3T3_PEG_100_4cycles,12638,7719
ACACGTTGACTGGCAC-fresh_3T3_PEG_100_4cycles,10063,6203
TGGGTGCACTCGGGCT-fresh_3T3_PEG_100_4cycles,13253,7856
TTCTTAGACTCCTACC-fresh_3T3_PEG_100_4cycles,14992,8800
ATACCTGGACCTGCGA-fresh_3T3_PEG_100_4cycles,13382,7985
CGATAAAGAAGCAAGC-fresh_3T3_PEG_100_4cycles,14785,8282
GTGATAAGATTCGCAA-fresh_3T3_PEG_100_4cycles,13368,7931
CCAAGTTGAATCAGGG-fresh_3T3_PEG_100_4cycles,12683,7715
CTAGGGCACCCGCTAG-fresh_3T3_PEG_100_4cycles,12234,7606
ACCTCACACAACCAAA-fresh_3T3_PEG_100_4cycles,13409,8282
TGGCGTTCTTTCTCGC-fresh_3T3_PEG_100_4cycles,13488,8218
ATAAGACGATCCAATG-fresh_3T3_PEG_100_4cycles,9457,5869
CTCTATATGTTCTCGC-fresh_3T3_PEG_100_4cycles,13341,8037
CACCAAATGTGCGCCA-fresh_3T3_PEG_100_4cycles,12774,7787
GAGCATTTGCTTCACC-fresh_3T3_PEG_100_4cycles,13818,7937
AATAGGAACCATAGCT-fresh_3T3_PEG_100_4cycles,11987,7403
AAGAACCCTTGAGTAA-fresh_3T3_PEG_100_4cycles,11666,7186
CGGATAGGACCGCTAG-fresh_3T3_PEG_100_4cycles,12574,7756
GCGACAAGATGCACCG-fresh_3T3_PEG_100_4cycles,11569,7087
CAGAGTACTGATCATC-fresh_3T3_PEG_100_4cycles,12712,7701
TGTTGACGATCGAGAG-fresh_3T3_PEG_100_4cycles,12401,7434
TCGCTGGGACATCTTT-fresh_3T3_PEG_100_4cycles,13499,8200
TGCCACTTGTGAGTAA-fresh_3T3_PEG_100_4cycles,12154,7443
GCACAATTGTCGCAGC-fresh_3T3_PEG_100_4cycles,12565,7490
GTGGCTGTGCGCCACA-fresh_3T3_PEG_100_4cycles,11392,7173
GTGGTTTGACGATTCA-fresh_3T3_PEG_100_4cycles,12661,7683
TTGCGGTCTCGAGGTA-fresh_3T3_PEG_100_4cycles,13214,7890
AAATGCCTGCGATTCA-fresh_3T3_PEG_100_4cycles,11206,6858
AGTACGACTCGAACGA-fresh_3T3_PEG_100_4cycles,11362,7158
TCGCGGAACTGCACCG-fresh_3T3_PEG_100_4cycles,13391,8176
ACGGAACGAGGTGTCC-fresh_3T3_PEG_100_4cycles,13070,7967
GTTCGGCGAGCATGAG-fresh_3T3_PEG_100_4cycles,14575,8378
CTTGACGCTCAGATTC-fresh_3T3_PEG_100_4cycles,14147,8611
TTTGGGAACGTTGGTT-fresh_3T3_PEG_100_4cycles,12449,7582
CAAAGTAGATCGTCCT-fresh_3T3_PEG_100_4cycles,11384,7043
CATTACACTTACCTGA-fresh_3T3_PEG_100_4cycles,10943,6838
TAGACCTGACGAATCT-fresh_3T3_PEG_100_4cycles,13361,8063
GTACTCAGAACTCGAT-fresh_3T3_PEG_100_4cycles,12454,7508
CCAACACCTTTGGTTG-fresh_3T3_PEG_100_4cycles,9227,5916
GGTTGTATGTGTGGGA-fresh_3T3_PEG_100_4cycles,12631,7776
TGTTCCTCTCGAGGAT-fresh_3T3_PEG_100_4cycles,13173,8040
CCAGGCAACTTCGTTT-fresh_3T3_PEG_100_4cycles,13196,7854
GCACGACACGCACTTA-fresh_3T3_PEG_100_4cycles,13010,7936
GATACGGGAGAACAGC-fresh_3T3_PEG_100_4cycles,12585,7547
CAAGGGAACGCCGTTG-fresh_3T3_PEG_100_4cycles,13155,7907
CTTAGGCCTGGCAGTA-fresh_3T3_PEG_100_4cycles,13956,8262
TGCCGTGGATTCGCCT-fresh_3T3_PEG_100_4cycles,12532,7662
ATGTACGTGATAACCC-fresh_3T3_PEG_100_4cycles,12332,7397
AAGACAAACCGATCGC-fresh_3T3_PEG_100_4cycles,13105,7916
TGAACTGTGTGGGCCT-fresh_3T3_PEG_100_4cycles,12635,7593
CTCTGACTGCCAACGC-fresh_3T3_PEG_100_4cycles,10908,6746
AGTGTGACTCCTAGGC-fresh_3T3_PEG_100_4cycles,11096,6897
TGCGAATACATACGCT-fresh_3T3_PEG_100_4cycles,12462,7834
TCGGGTGACTTGCAGT-fresh_3T3_PEG_100_4cycles,11574,7204
TGTATTCACTCGTAGT-fresh_3T3_PEG_100_4cycles,10105,6398
CGCTTAAGAGGCAGTA-fresh_3T3_PEG_100_4cycles,12399,7502
AAGTACCACGTTAGAA-fresh_3T3_PEG_100_4cycles,11843,7085
TCGTAATCTGCTGAGA-fresh_3T3_PEG_100_4cycles,11945,7309
CACTATTTGGACTGTT-fresh_3T3_PEG_100_4cycles,12172,7409
CTACATTACAAATCGA-fresh_3T3_PEG_100_4cycles,12194,7494
GATAAGAACAGGACCA-fresh_3T3_PEG_100_4cycles,12861,8056
TTCCGGACTCGGCTCA-fresh_3T3_PEG_100_4cycles,11938,7304
TTGGCAAACGCTCTTC-fresh_3T3_PEG_100_4cycles,12487,7434
CCCATGTACGAATCTC-fresh_3T3_PEG_100_4cycles,13603,8041
AGTTTCACTTTAGCTG-fresh_3T3_PEG_100_4cycles,12140,7413
TTCGACCACTACCAAC-fresh_3T3_PEG_100_4cycles,12211,7344
CTGGTGGACCTCATCC-fresh_3T3_PEG_100_4cycles,16103,9277
GATGAATGAGTCGGTC-fresh_3T3_PEG_100_4cycles,12134,7354
CAAGAATGAGAAGGCT-fresh_3T3_PEG_100_4cycles,11941,7324
TCTTCCTTGACAGATA-fresh_3T3_PEG_100_4cycles,11025,6797
GGTTGTATGCCAACGC-fresh_3T3_PEG_100_4cycles,12864,7833
CGAGTTAACGAATCTC-fresh_3T3_PEG_100_4cycles,11931,7411
GATAACCTGGTTAGTC-fresh_3T3_PEG_100_4cycles,14002,8579
GGTACCTCTTGGCTTA-fresh_3T3_PEG_100_4cycles,12086,7273
GAAGTTCTGCTGGCAC-fresh_3T3_PEG_100_4cycles,12906,7706
TTCTAGTTGTAACGAA-fresh_3T3_PEG_100_4cycles,12541,7576
CGAGTCTCTATCACAC-fresh_3T3_PEG_100_4cycles,12109,7487
AAGGCTTACCCGTGAC-fresh_3T3_PEG_100_4cycles,14557,8624
ACACATCGACCTAGGC-fresh_3T3_PEG_100_4cycles,13204,7830
CCTTTCTACTGGCATT-fresh_3T3_PEG_100_4cycles,11968,7353
AACCGCTCTCACCTAA-fresh_3T3_PEG_100_4cycles,11801,7101
GTAAAGCCTTACGATC-fresh_3T3_PEG_100_4cycles,11940,7317
ATAAGACGATTAGAAG-fresh_3T3_PEG_100_4cycles,11514,7142
CAAAGGGTGGCAGTTT-fresh_3T3_PEG_100_4cycles,11865,7256
AGCCCAGTGAGCCTAT-fresh_3T3_PEG_100_4cycles,12335,7430
AGGAGGTTGTAGGAGC-fresh_3T3_PEG_100_4cycles,16498,9322
CCGGGTATGGAATGTA-fresh_3T3_PEG_100_4cycles,10341,6481
CCCATTTCTGGACAGT-fresh_3T3_PEG_100_4cycles,12719,7697
AAATAGGACAAAGCTA-fresh_3T3_PEG_100_4cycles,10943,6716
CTTCCTACTGGCCTTG-fresh_3T3_PEG_100_4cycles,12035,7191
CCGTTAAGACCCGAGT-fresh_3T3_PEG_100_4cycles,12075,7422
GGTTGAACTTCGTAGT-fresh_3T3_PEG_100_4cycles,11451,7091
GCCAGTCGATTGTTTC-fresh_3T3_PEG_100_4cycles,9842,6189
GGACCTCGAAGCCCTG-fresh_3T3_PEG_100_4cycles,11612,7048
ATTCCAACTTCATGTG-fresh_3T3_PEG_100_4cycles,11044,6932
TGCTTGCACCATGCTA-fresh_3T3_PEG_100_4cycles,10600,6618
TCAGGCTCTATCGGTT-fresh_3T3_PEG_100_4cycles,13376,7835
TCACGGGACTAGCAGG-fresh_3T3_PEG_100_4cycles,11814,7269
GCTGAATTGTCGAGAG-fresh_3T3_PEG_100_4cycles,11003,6867
GGACTTAACACCAGTT-fresh_3T3_PEG_100_4cycles,9886,6144
AATTCGGTGAACGTTC-fresh_3T3_PEG_100_4cycles,13075,7858
CACTTTATGAGGTAAT-fresh_3T3_PEG_100_4cycles,10786,6721
TTAGCCAGATCGGGCT-fresh_3T3_PEG_100_4cycles,12499,7501
CAGGACCTGTTTCTTG-fresh_3T3_PEG_100_4cycles,14318,8478
GCATCTCTGATTGGTC-fresh_3T3_PEG_100_4cycles,13056,7532
AATGTGCACGAACATA-fresh_3T3_PEG_100_4cycles,10851,6766
TTAGACCGATCTGGGC-fresh_3T3_PEG_100_4cycles,11695,7187
AGGTATAGAGGCCTTG-fresh_3T3_PEG_100_4cycles,10885,6699
TCGACACCTACGTGCC-fresh_3T3_PEG_100_4cycles,11886,7190
CTATAGCGAAGCAATA-fresh_3T3_PEG_100_4cycles,10254,6433
TGCCGGAACCTGAGAG-fresh_3T3_PEG_100_4cycles,10303,6460
TGCCGTGGATCGTACA-fresh_3T3_PEG_100_4cycles,11086,6914
GTCCTGACTGTACGTT-fresh_3T3_PEG_100_4cycles,10672,6656
AAGAAACACTTTGTCT-fresh_3T3_PEG_100_4cycles,10725,6709
ACTCCAGCTTAATCGC-fresh_3T3_PEG_100_4cycles,10430,6448
GGACCTCGAGTTAGAA-fresh_3T3_PEG_100_4cycles,9552,6026
GACACGCACCGTACAT-fresh_3T3_PEG_100_4cycles,11875,7358
TCTACTCCTCGCACTG-fresh_3T3_PEG_100_4cycles,11267,6883
CCGATTCACTTGGCGC-fresh_3T3_PEG_100_4cycles,13396,7959
TGGACCTCTCGATTGT-fresh_3T3_PEG_100_4cycles,11205,6824
GGCCTTTACCAATAGA-fresh_3T3_PEG_100_4cycles,12895,7950
CGTAGCGACGACTGTT-fresh_3T3_PEG_100_4cycles,11008,6753
ATATTCGCTGAGTGAC-fresh_3T3_PEG_100_4cycles,11230,6852
CCTCACATGTTACGAC-fresh_3T3_PEG_100_4cycles,12410,7521
GCGTGCTGAAAGACAT-fresh_3T3_PEG_100_4cycles,14930,8239
GCACGGACTCATCCTC-fresh_3T3_PEG_100_4cycles,12213,7225
AAACAACGATAGGAGC-fresh_3T3_PEG_100_4cycles,10685,6580
TCAAATCCTGGTGCAA-fresh_3T3_PEG_100_4cycles,9494,6072
TCCCACATGGGACCAA-fresh_3T3_PEG_100_4cycles,10470,6531
ACGCAGAGACGATTGT-fresh_3T3_PEG_100_4cycles,9151,5843
GTTTGAGACACCAAGG-fresh_3T3_PEG_100_4cycles,11429,7011
CAACGCGTGGCTTCGG-fresh_3T3_PEG_100_4cycles,12129,7354
GTGCATTGAGCGAGTA-fresh_3T3_PEG_100_4cycles,11305,7004
TGTCAATCTGAACATA-fresh_3T3_PEG_100_4cycles,12059,7265
ACGTGTTGATGAACAA-fresh_3T3_PEG_100_4cycles,11418,6957
AAGGATCCTGGGTTCC-fresh_3T3_PEG_100_4cycles,10174,6350
ATACCACGAACCAAGG-fresh_3T3_PEG_100_4cycles,10140,6315
TAGACCTGATTTCCGC-fresh_3T3_PEG_100_4cycles,11919,7084
AGGGAGTTGCACTCAA-fresh_3T3_PEG_100_4cycles,12752,7209
ATCGCCGGACGTTAGT-fresh_3T3_PEG_100_4cycles,11067,6797
TTCTACATGCACCTAA-fresh_3T3_PEG_100_4cycles,11326,6933
GTGCAGAGATCTGTAG-fresh_3T3_PEG_100_4cycles,11602,7092
CTCTGAAGATTAGAAG-fresh_3T3_PEG_100_4cycles,11085,6882
TTTCGTAACCAGGCCT-fresh_3T3_PEG_100_4cycles,9328,5874
TGGGCGTACGAATTGA-fresh_3T3_PEG_100_4cycles,12269,7315
GTAACTGTGGCCCTAG-fresh_3T3_PEG_100_4cycles,9784,6206
GTCACAATGACACAAA-fresh_3T3_PEG_100_4cycles,10592,6558
ATTGTGCGACCGATTA-fresh_3T3_PEG_100_4cycles,5519,3269
TTGTTTGACTAAAGCA-fresh_3T3_PEG_100_4cycles,10696,6631
GTTATCACTACCTGCG-fresh_3T3_PEG_100_4cycles,10231,6405
TCGACGGACTGAGTAA-fresh_3T3_PEG_100_4cycles,10704,6644
AACACTCGACGCACTG-fresh_3T3_PEG_100_4cycles,10884,6790
GAATCGGGAAATGCTC-fresh_3T3_PEG_100_4cycles,11229,6767
GTAGGTTTGTACCAAC-fresh_3T3_PEG_100_4cycles,10397,6397
CCAGGCAACCAGGCCT-fresh_3T3_PEG_100_4cycles,10847,6585
TCCGGGTGACCGATTA-fresh_3T3_PEG_100_4cycles,12541,7266
CGACAGCACAAGGCTG-fresh_3T3_PEG_100_4cycles,11560,7144
ATCAAGCACGGATGGT-fresh_3T3_PEG_100_4cycles,8776,5757
ATACCACGAAGGACCA-fresh_3T3_PEG_100_4cycles,10841,6668
TCACATTACGTTGGTT-fresh_3T3_PEG_100_4cycles,10573,6597
TATGGGTACTACCTGA-fresh_3T3_PEG_100_4cycles,9395,5883
GTCACAAACAGGACAC-fresh_3T3_PEG_100_4cycles,10383,6415
ACTTATCTGCGAGTGA-fresh_3T3_PEG_100_4cycles,11044,6763
GAGCGATGAGGACCAA-fresh_3T3_PEG_100_4cycles,10138,6350
GTGGCTGTGAACGAAT-fresh_3T3_PEG_100_4cycles,12277,7346
TTGGAGACTTGCTGTA-fresh_3T3_PEG_100_4cycles,11321,6900
ACAAGACCTGCCCTGA-fresh_3T3_PEG_100_4cycles,10317,6322
CAATTCGGAATTGGTC-fresh_3T3_PEG_100_4cycles,11603,7020
TGTCAATCTTCTGTGA-fresh_3T3_PEG_100_4cycles,10781,6694
AGCAACTTGCAGCAAG-fresh_3T3_PEG_100_4cycles,11218,6714
CGTATCGCTCCATGTA-fresh_3T3_PEG_100_4cycles,11322,6916
AAGCCTAACTTCGGGC-fresh_3T3_PEG_100_4cycles,10630,6378
GTCCGTTACAAGCTAA-fresh_3T3_PEG_100_4cycles,11259,6783
AAGTTTCCTATAGGTA-fresh_3T3_PEG_100_4cycles,11199,6821
GACTATTCTGAGTGAC-fresh_3T3_PEG_100_4cycles,9675,6197
CAACAACACAAACATG-fresh_3T3_PEG_100_4cycles,10437,6654
CATTGGCCTACACCTA-fresh_3T3_PEG_100_4cycles,11104,6845
ACTGGGCACACCCGGT-fresh_3T3_PEG_100_4cycles,9898,6191
CAACAACACGTCCCAG-fresh_3T3_PEG_100_4cycles,11133,6722
CTATGCCACTTAGAAG-fresh_3T3_PEG_100_4cycles,10549,6480
GCCTAAATGGCTGAGA-fresh_3T3_PEG_100_4cycles,9926,6221
GCTAGTCCTAGCCTAT-fresh_3T3_PEG_100_4cycles,11751,7062
CGATATGTGAACGTAA-fresh_3T3_PEG_100_4cycles,9300,5730
GTTACCCTGGAAGGCT-fresh_3T3_PEG_100_4cycles,9226,5907
AGTTCACGACTCTGGG-fresh_3T3_PEG_100_4cycles,9987,6060
GACTCTCACGGGTTCC-fresh_3T3_PEG_100_4cycles,9642,6159
GGTTCAATGGACTGTT-fresh_3T3_PEG_100_4cycles,8897,5701
TAGCTTTACAGTACGG-fresh_3T3_PEG_100_4cycles,10028,6148
TTGGTATCTCAAGGTG-fresh_3T3_PEG_100_4cycles,10834,6774
TGCAATGACACCTTGA-fresh_3T3_PEG_100_4cycles,10451,6544
CCGAGTCGAATCTGTG-fresh_3T3_PEG_100_4cycles,10681,6743
GACACGCACCGTTAGT-fresh_3T3_PEG_100_4cycles,9188,6109
CAACCCTACACGCCAC-fresh_3T3_PEG_100_4cycles,11997,6956
TTCTAACACGCCCTAG-fresh_3T3_PEG_100_4cycles,10876,6653
CGAGCAGCTTAACGGG-fresh_3T3_PEG_100_4cycles,9990,6284
TGAGGGATGAGCCATT-fresh_3T3_PEG_100_4cycles,10485,6472
ACAATGCACTCGGGCT-fresh_3T3_PEG_100_4cycles,10865,6714
GACAGGAACTAGGCGA-fresh_3T3_PEG_100_4cycles,9306,5877
AAGTCTTCTCATGATC-fresh_3T3_PEG_100_4cycles,9586,5978
CGCTTCCCTACCGTGC-fresh_3T3_PEG_100_4cycles,9227,5754
CGTTGCACTGTCTTGA-fresh_3T3_PEG_100_4cycles,9369,5918
CAATCAGACAGTGGTG-fresh_3T3_PEG_100_4cycles,9783,5976
CTCGGATCTGGCCAAA-fresh_3T3_PEG_100_4cycles,10088,6314
TTTGCGGCTTGCAAGG-fresh_3T3_PEG_100_4cycles,10854,6610
TCAGGCTCTAGGTGCA-fresh_3T3_PEG_100_4cycles,9670,6085
TTTGGGAACGGTGTCC-fresh_3T3_PEG_100_4cycles,10400,6422
GAGGTCCTGGAAATCA-fresh_3T3_PEG_100_4cycles,10117,6402
GCTAGCGACCGACAAG-fresh_3T3_PEG_100_4cycles,11518,6981
ATCGCAATGCCATGTA-fresh_3T3_PEG_100_4cycles,10351,6462
ACCTGCTACATTGGTC-fresh_3T3_PEG_100_4cycles,9892,6300
GTTCCTGTGCAGGTGA-fresh_3T3_PEG_100_4cycles,10405,6391
GGTGGAAACTGGCAAG-fresh_3T3_PEG_100_4cycles,8754,5457
CAGCTGTCTTTGCGTA-fresh_3T3_PEG_100_4cycles,10522,6265
GTGTAACTGATCTGTG-fresh_3T3_PEG_100_4cycles,4916,2891
ACCCTTGTGACGCCAC-fresh_3T3_PEG_100_4cycles,9817,6111
AACGAGGTGCATGATC-fresh_3T3_PEG_100_4cycles,9901,6143
CTGCGACGACATAGCT-fresh_3T3_PEG_100_4cycles,7764,5056
GGGCGATCTCCTTCCA-fresh_3T3_PEG_100_4cycles,10345,6332
GTCGAATACCACTCAA-fresh_3T3_PEG_100_4cycles,8968,5676
ACCTCACACATAGCAA-fresh_3T3_PEG_100_4cycles,8803,5633
TCGGACTCTTGTGCTA-fresh_3T3_PEG_100_4cycles,10564,6519
AGAACATGAGAAATCA-fresh_3T3_PEG_100_4cycles,8950,5587
ACCTGCTACAAAGTAC-fresh_3T3_PEG_100_4cycles,9589,5973
ACAGACTACTCCAATG-fresh_3T3_PEG_100_4cycles,10305,6321
TGTCTGCACTAAGCAA-fresh_3T3_PEG_100_4cycles,9792,6025
CTAACTGGAGGTAGAC-fresh_3T3_PEG_100_4cycles,9709,6004
CGCTTAAGACAGCAAG-fresh_3T3_PEG_100_4cycles,8776,5510
TCGACTAGACGATGTT-fresh_3T3_PEG_100_4cycles,8092,5251
CTCAATGGAAGTTGAA-fresh_3T3_PEG_100_4cycles,10104,6332
TGTTGACGAAGATTCC-fresh_3T3_PEG_100_4cycles,9677,5986
TTCACGAGACGGCACT-fresh_3T3_PEG_100_4cycles,9691,6021
CCTACGTACAGTAGGC-fresh_3T3_PEG_100_4cycles,9182,5860
TACGAGTTGCTCACTC-fresh_3T3_PEG_100_4cycles,10033,6196
ACACGTTGAATGGCCC-fresh_3T3_PEG_100_4cycles,10428,6502
TGACCCTACTCGCTAA-fresh_3T3_PEG_100_4cycles,9780,5988
ACGTGTTGACAGATTC-fresh_3T3_PEG_100_4cycles,9998,6086
GTGCAGAGAACACCGC-fresh_3T3_PEG_100_4cycles,11489,7023
CCTAGCACTGAATTGA-fresh_3T3_PEG_100_4cycles,7592,5016
CAGGACCTGCCTGTGG-fresh_3T3_PEG_100_4cycles,10647,6318
TTCCGGACTTGGTGAG-fresh_3T3_PEG_100_4cycles,9152,5525
GCACTCACTGCCACGT-fresh_3T3_PEG_100_4cycles,9286,5879
CGATATTCTATGTCAC-fresh_3T3_PEG_100_4cycles,10157,6424
TACAACGTGAGACAAT-fresh_3T3_PEG_100_4cycles,10445,6449
CACCCATACCGGCACT-fresh_3T3_PEG_100_4cycles,11064,6423
ACACTGCCTGCTGAGA-fresh_3T3_PEG_100_4cycles,9885,6268
GAGTGTTACTCTGTAG-fresh_3T3_PEG_100_4cycles,9123,5915
CGGTTGGACCGGCACT-fresh_3T3_PEG_100_4cycles,9842,6046
TTTGGGAACCTGAGAG-fresh_3T3_PEG_100_4cycles,9190,5826
GCTAAGACTAGCTGAG-fresh_3T3_PEG_100_4cycles,9007,5706
AATTCTGCTTCCAGCG-fresh_3T3_PEG_100_4cycles,8651,5462
CATTACTTGGGACCAA-fresh_3T3_PEG_100_4cycles,8151,5126
CAGATTTCTGACGCCT-fresh_3T3_PEG_100_4cycles,7904,5006
AGGCCAAGAGGCCTTG-fresh_3T3_PEG_100_4cycles,8835,5564
GGTTTAGTGACTAGTC-fresh_3T3_PEG_100_4cycles,9121,5735
AAACGCTACAGTGAGC-fresh_3T3_PEG_100_4cycles,9356,5760
CTGCTGGGACCAGCAC-fresh_3T3_PEG_100_4cycles,10083,6199
CTCGGTTACGAACATA-fresh_3T3_PEG_100_4cycles,8875,5508
AAGTCTTCTAACGAAT-fresh_3T3_PEG_100_4cycles,9781,6066
GGTTGAACTGCCCAAC-fresh_3T3_PEG_100_4cycles,9445,5791
CGATGATTGTGCTACA-fresh_3T3_PEG_100_4cycles,9227,5732
CCCATGTACGGTTTGT-fresh_3T3_PEG_100_4cycles,10477,6370
GGTAAGCGAGACATAA-fresh_3T3_PEG_100_4cycles,8018,5066
ATCCTCGACGGAATAT-fresh_3T3_PEG_100_4cycles,8969,5509
TGTTCCTCTCCTGCGA-fresh_3T3_PEG_100_4cycles,8729,5600
TCCTGTGACGATCATC-fresh_3T3_PEG_100_4cycles,9474,5798
AGCAGAGACCGACATT-fresh_3T3_PEG_100_4cycles,9619,5823
ATCTGCCTGGAACATA-fresh_3T3_PEG_100_4cycles,10031,6217
CACATCCTGTAATCGC-fresh_3T3_PEG_100_4cycles,13103,7400
TCGATGATGTATGACC-fresh_3T3_PEG_100_4cycles,10183,6381
CGCACTTACTGAACAA-fresh_3T3_PEG_100_4cycles,11417,6903
AATCGGACTAGGTGCA-fresh_3T3_PEG_100_4cycles,8219,5135
ATCGCAAACCCAGCAC-fresh_3T3_PEG_100_4cycles,8790,5441
CGAGCAGCTACTAGTC-fresh_3T3_PEG_100_4cycles,8747,5466
GGACGAATGGACGCCT-fresh_3T3_PEG_100_4cycles,8566,5274
TGCTTGCACACACCTA-fresh_3T3_PEG_100_4cycles,8433,5342
CTAACTGGAAAATCGA-fresh_3T3_PEG_100_4cycles,8709,5496
GCACTCACTCACCTAA-fresh_3T3_PEG_100_4cycles,9490,5908
GCATCCTTGAAGCTAA-fresh_3T3_PEG_100_4cycles,9978,6124
GGGAACCCTTGAAAGT-fresh_3T3_PEG_100_4cycles,8812,5447
TGATATCCTGACGCCT-fresh_3T3_PEG_100_4cycles,8301,5290
ATGCGCGTGCCGCAGT-fresh_3T3_PEG_100_4cycles,9248,5732
TTCTATGACGCGAGTA-fresh_3T3_PEG_100_4cycles,9260,5926
AATTCGGTGATTGCCA-fresh_3T3_PEG_100_4cycles,8771,5425
TCAGCCGGATACGTTG-fresh_3T3_PEG_100_4cycles,10789,6439
TTCAAGCGATTTCCGC-fresh_3T3_PEG_100_4cycles,8677,5423
TACGTGTGAAAGCTAA-fresh_3T3_PEG_100_4cycles,10684,6402
GTATTCTACTACCTGA-fresh_3T3_PEG_100_4cycles,9173,5721
GCTGTGGTGAACCCGC-fresh_3T3_PEG_100_4cycles,8997,5606
GGATCCCGATTGTACG-fresh_3T3_PEG_100_4cycles,9156,5782
GCCCTTAACTTGGCGC-fresh_3T3_PEG_100_4cycles,8684,5489
TTTGGGAACCGTTAGT-fresh_3T3_PEG_100_4cycles,9779,5906
TCGTAATCTTACCAAC-fresh_3T3_PEG_100_4cycles,8752,5438
TGCTACCTGCAGATTC-fresh_3T3_PEG_100_4cycles,9251,5871
CAAGAATGATTGCAGT-fresh_3T3_PEG_100_4cycles,10523,6396
CAGGGCTTGAGTCTAC-fresh_3T3_PEG_100_4cycles,10283,6276
TGGTCCTTGAACGTTC-fresh_3T3_PEG_100_4cycles,8528,5267
TGTCCCATGCCACAAT-fresh_3T3_PEG_100_4cycles,9096,5713
GAACTAGCTTCGAGAG-fresh_3T3_PEG_100_4cycles,9258,5794
TCAGTCCACTACAGAA-fresh_3T3_PEG_100_4cycles,10497,6379
ATCGAGTTGATCAGCT-fresh_3T3_PEG_100_4cycles,8026,5043
CCACGAGTGTCTATCT-fresh_3T3_PEG_100_4cycles,10610,6431
CAAAGACCTTTAGCTG-fresh_3T3_PEG_100_4cycles,8658,5457
GGGAGAACTTAACCCA-fresh_3T3_PEG_100_4cycles,8389,5041
GGCTGCAACTACTTTC-fresh_3T3_PEG_100_4cycles,9488,5968
GTCGACCGAATCCTTT-fresh_3T3_PEG_100_4cycles,9098,5668
CAGTCGTCTCCTCGTT-fresh_3T3_PEG_100_4cycles,9707,5989
AAGAACCCTTGCGGCT-fresh_3T3_PEG_100_4cycles,9351,5803
TATGGGTACCGTAGAG-fresh_3T3_PEG_100_4cycles,9050,5754
TCCATATACAGCTTTG-fresh_3T3_PEG_100_4cycles,9935,6044
CAGGCCATGCCCGCAA-fresh_3T3_PEG_100_4cycles,9411,5724
TCCTGTTCTGAATGTA-fresh_3T3_PEG_100_4cycles,9307,5802
ACTACGCCTACTAGTC-fresh_3T3_PEG_100_4cycles,8666,5372
CCTCACATGATGTCAC-fresh_3T3_PEG_100_4cycles,8185,5252
TATTGGTCTGATTAAG-fresh_3T3_PEG_100_4cycles,9670,5876
AACTTACCTACTCGAT-fresh_3T3_PEG_100_4cycles,8882,5569
CGTGTCTACGTTAGAA-fresh_3T3_PEG_100_4cycles,8674,5450
GCAGACGCTGGACCTC-fresh_3T3_PEG_100_4cycles,8643,5336
GAGCCTCGATGCGGCT-fresh_3T3_PEG_100_4cycles,8205,5131
TGTCGAAACCATTCAG-fresh_3T3_PEG_100_4cycles,7529,4874
TGCTGCTACAGGCATG-fresh_3T3_PEG_100_4cycles,8205,5256
TCGTGAATGGGCCTTG-fresh_3T3_PEG_100_4cycles,8403,5299
GTTCAGAACTCTATCT-fresh_3T3_PEG_100_4cycles,7627,4934
CCTTGGTACGGTGCAA-fresh_3T3_PEG_100_4cycles,9033,5441
TTATGGTCTCCATAAC-fresh_3T3_PEG_100_4cycles,7877,5043
GCGAGCACTCGAGGAT-fresh_3T3_PEG_100_4cycles,13639,7799
GATGCATTGTACGTTG-fresh_3T3_PEG_100_4cycles,8336,5291
GTAGATAGAGACAAAT-fresh_3T3_PEG_100_4cycles,8697,5467
CATGGATTGCTGGGTC-fresh_3T3_PEG_100_4cycles,10025,6077
TCCGGGATGAGTTGAA-fresh_3T3_PEG_100_4cycles,8431,5318
AATAGGAACACACCTA-fresh_3T3_PEG_100_4cycles,8204,5078
TCTTGAGGAGAGAGGG-fresh_3T3_PEG_100_4cycles,8269,5257
GTGATAAGAGTCAATC-fresh_3T3_PEG_100_4cycles,8534,5423
ACACTCCACTCTTTGT-fresh_3T3_PEG_100_4cycles,8955,5608
ACGTTCAGATCTGGGC-fresh_3T3_PEG_100_4cycles,10077,6164
CATCCGTACGGACACA-fresh_3T3_PEG_100_4cycles,9287,5691
CTCGGTTTGTTCTGGA-fresh_3T3_PEG_100_4cycles,12763,7510
GCCCTTAACGCGGTTC-fresh_3T3_PEG_100_4cycles,7975,4939
GATATGAGAGTTCTCC-fresh_3T3_PEG_100_4cycles,8433,5292
GGCTTAAACTTGGTTG-fresh_3T3_PEG_100_4cycles,8671,5424
CCAACACCTCTTTAGG-fresh_3T3_PEG_100_4cycles,7714,4883
GTTTCCCGAATGTGGG-fresh_3T3_PEG_100_4cycles,9018,5503
GTCTACCACTCCCGTT-fresh_3T3_PEG_100_4cycles,8719,5396
GTTCGGCGAGGTATGG-fresh_3T3_PEG_100_4cycles,8548,5424
GCCTATAGATGAGTAA-fresh_3T3_PEG_100_4cycles,8383,5339
CACGGAAGACGAATCT-fresh_3T3_PEG_100_4cycles,9034,5536
TACAACCGAGGCCTGT-fresh_3T3_PEG_100_4cycles,8293,4984
GCTTCTCGAACCTTGA-fresh_3T3_PEG_100_4cycles,9606,5953
ACACAGACTAAGTCTC-fresh_3T3_PEG_100_4cycles,9505,5957
GAAGCTTTGCGGTACC-fresh_3T3_PEG_100_4cycles,7490,4846
TAGTCCGCTGGCCTGT-fresh_3T3_PEG_100_4cycles,7540,4791
ACGAGGCCTTCTATCT-fresh_3T3_PEG_100_4cycles,8628,5339
TTCAGTTACCTGCCAG-fresh_3T3_PEG_100_4cycles,8600,5450
ACCTGCTTGTCTGTAG-fresh_3T3_PEG_100_4cycles,8796,5435
GGGTGAAACTGACTCA-fresh_3T3_PEG_100_4cycles,8532,5338
TTCACGCTGTACGTTG-fresh_3T3_PEG_100_4cycles,7661,4894
GTCACGCGATGCTACA-fresh_3T3_PEG_100_4cycles,9812,6038
GAACAACCTATCATCG-fresh_3T3_PEG_100_4cycles,6534,4298
GAAGCGCCTGCAGGAT-fresh_3T3_PEG_100_4cycles,9110,5515
GAACTACTGTTTCGCC-fresh_3T3_PEG_100_4cycles,6999,4488
TAAGGCTTGCTTAGTG-fresh_3T3_PEG_100_4cycles,10651,6192
ATACCTGGAAATACAG-fresh_3T3_PEG_100_4cycles,8557,5412
ATGTCCGCTCCTGAGC-fresh_3T3_PEG_100_4cycles,8827,5422
GGGCTTCGACCGATTA-fresh_3T3_PEG_100_4cycles,7752,4888
CCGCAAGTGACCGTGC-fresh_3T3_PEG_100_4cycles,7611,4850
TGTAAGCTGAAGTCTC-fresh_3T3_PEG_100_4cycles,10329,6320
GTAACTGTGAGGACAC-fresh_3T3_PEG_100_4cycles,8232,5307
GTTACAGTGATGGCCC-fresh_3T3_PEG_100_4cycles,8122,5071
TGCGGGACTTACAGAA-fresh_3T3_PEG_100_4cycles,8626,5289
ACCGTGTCTATTAAGG-fresh_3T3_PEG_100_4cycles,7447,4735
GAAGGACACTAGGTTC-fresh_3T3_PEG_100_4cycles,7450,4798
ACACTCCACAGTCGGA-fresh_3T3_PEG_100_4cycles,8352,5212
TTCCGGACTGTTAGGG-fresh_3T3_PEG_100_4cycles,7663,4875
AGGTGATCTTCCAGCG-fresh_3T3_PEG_100_4cycles,9090,5601
GCTTTGCACAGAGGCT-fresh_3T3_PEG_100_4cycles,7723,5066
TTTCTGAACCGAGTGA-fresh_3T3_PEG_100_4cycles,8714,5414
TTTCTGAACTCCAGCG-fresh_3T3_PEG_100_4cycles,8546,5402
GACCGCTGATTCGTTT-fresh_3T3_PEG_100_4cycles,6056,3958
GGACATTTGGAATAAC-fresh_3T3_PEG_100_4cycles,7248,4658
GGTGGAAACTCCCAGG-fresh_3T3_PEG_100_4cycles,8150,5208
CAACACCCTCCGTTAA-fresh_3T3_PEG_100_4cycles,7545,4820
CGATACCCTTGTCACA-fresh_3T3_PEG_100_4cycles,8801,5537
AGGACAGACCTGGGTC-fresh_3T3_PEG_100_4cycles,7904,4880
TCCATTCCTAATGCGG-fresh_3T3_PEG_100_4cycles,7829,4909
TGTTCCTCTCCAGCAC-fresh_3T3_PEG_100_4cycles,6573,4069
GCTTCTGTGACAACAA-fresh_3T3_PEG_100_4cycles,6708,4295
TGCTACGCTCACTCAA-fresh_3T3_PEG_100_4cycles,7840,5007
TGTACCAGACTCACGG-fresh_3T3_PEG_100_4cycles,10519,5725
TGGCAATTGCACTCAA-fresh_3T3_PEG_100_4cycles,7621,4818
GCTACTGCTGCTCAGC-fresh_3T3_PEG_100_4cycles,6667,4253
TTCTAACACCGGTACC-fresh_3T3_PEG_100_4cycles,8329,5320
ATGCAAAGACACCTAA-fresh_3T3_PEG_100_4cycles,7281,4618
TGTACTGGACTCACGG-fresh_3T3_PEG_100_4cycles,10605,6434
TATCACTACAGGTGCA-fresh_3T3_PEG_100_4cycles,7782,4966
GGCTTAAACCGAACGA-fresh_3T3_PEG_100_4cycles,8028,4910
GGATCCCGACGATGTT-fresh_3T3_PEG_100_4cycles,7068,4599
GTGTGATACTGGTGAG-fresh_3T3_PEG_100_4cycles,9384,5705
GTCCTACACGTACGTT-fresh_3T3_PEG_100_4cycles,8108,4997
AAGCCATTGTGCGGCT-fresh_3T3_PEG_100_4cycles,7173,4572
CGATGATTGGAATTGA-fresh_3T3_PEG_100_4cycles,9589,5706
GTTCCTGTGGATTAAG-fresh_3T3_PEG_100_4cycles,7357,4733
GCAGACCTGGTTGGTT-fresh_3T3_PEG_100_4cycles,6290,3950
GGAGTTACTGACACCC-fresh_3T3_PEG_100_4cycles,7156,4506
CAGATACTGGGGTAGT-fresh_3T3_PEG_100_4cycles,6775,4224
AAGACCTACCGGTACC-fresh_3T3_PEG_100_4cycles,7587,4852
TTCCGTCGATCCCAGG-fresh_3T3_PEG_100_4cycles,7012,4452
TCGCGTACTCCTAGCG-fresh_3T3_PEG_100_4cycles,7291,4661
GCCGAACTGGATAGCG-fresh_3T3_PEG_100_4cycles,6923,4425
TCAAGCAACCCTGCGA-fresh_3T3_PEG_100_4cycles,7341,4605
GTGCATAACTGGTCCG-fresh_3T3_PEG_100_4cycles,7038,4455
TATTGCTTGTGAGGCA-fresh_3T3_PEG_100_4cycles,8316,5095
CAAGGCCACTCTATCT-fresh_3T3_PEG_100_4cycles,7181,4546
ATAAGACGATCTGTAG-fresh_3T3_PEG_100_4cycles,8584,5053
GGTGGAAACCGACATT-fresh_3T3_PEG_100_4cycles,8186,5099
CTCAGCACTAATAGCA-fresh_3T3_PEG_100_4cycles,8002,5053
AGACCATTGACCGTTA-fresh_3T3_PEG_100_4cycles,6219,4030
CTTAGATCTATGTCAC-fresh_3T3_PEG_100_4cycles,7301,4551
GCTCGTGGATTAGCTG-fresh_3T3_PEG_100_4cycles,8302,4936
ATCTCTAACTTCAGTG-fresh_3T3_PEG_100_4cycles,7857,5009
TGCGCAGACACAGGCA-fresh_3T3_PEG_100_4cycles,8408,5141
CTAAGTCGAACGTGCC-fresh_3T3_PEG_100_4cycles,7905,4837
CGACCTTACTCCGTAA-fresh_3T3_PEG_100_4cycles,6635,4289
ATAGGGTCTTGGCAAG-fresh_3T3_PEG_100_4cycles,6581,4225
TAACGCATGTTCGCCT-fresh_3T3_PEG_100_4cycles,7169,4674
CTAATCACTTGATGAA-fresh_3T3_PEG_100_4cycles,6603,4267
TCGCATCACGGTATGG-fresh_3T3_PEG_100_4cycles,5866,3865
GAGTTGTTGACCGTGC-fresh_3T3_PEG_100_4cycles,6253,4004
ATCTATCACCCTTTGC-fresh_3T3_PEG_100_4cycles,6645,4311
GCATAGTACTGCATGT-fresh_3T3_PEG_100_4cycles,6938,4351
ATCGAGACTGATAGCG-fresh_3T3_PEG_100_4cycles,6624,4140
GGTACTCCTCCTAGGC-fresh_3T3_PEG_100_4cycles,6223,3945
AAGAGAGGATACACTG-fresh_3T3_PEG_100_4cycles,7815,5006
AGGAGTTCTAGTCTGT-fresh_3T3_PEG_100_4cycles,7149,4435
ATCGTCCACTGGGCAA-fresh_3T3_PEG_100_4cycles,8102,5115
AAACGAAACAATCGAA-fresh_3T3_PEG_100_4cycles,8346,5238
TCCTTCACTCAGCACC-fresh_3T3_PEG_100_4cycles,7638,4781
TCAACAGACACCTAGT-fresh_3T3_PEG_100_4cycles,6520,4246
GAACGTTTGAGCCCTG-fresh_3T3_PEG_100_4cycles,7235,4684
GGTACCTCTGAAGGTC-fresh_3T3_PEG_100_4cycles,6517,4181
TCGCACGGACGTTATG-fresh_3T3_PEG_100_4cycles,6919,4466
GTACACTGATTTGGGT-fresh_3T3_PEG_100_4cycles,6055,3943
AACTCACGATGTTCCC-fresh_3T3_PEG_100_4cycles,6324,4071
ATCTATCACCCAACGC-fresh_3T3_PEG_100_4cycles,6542,4251
TGGAATCACGACATAA-fresh_3T3_PEG_100_4cycles,6902,4387
GATATCGTGTTTCGCC-fresh_3T3_PEG_100_4cycles,6219,4099
GGCTCAGACGATCATC-fresh_3T3_PEG_100_4cycles,6631,4226
GAAATCCACGTTGACT-fresh_3T3_PEG_100_4cycles,6811,4375
GACTCCTTGGAACAGC-fresh_3T3_PEG_100_4cycles,6735,4215
GTCAAGTACGTCCCAG-fresh_3T3_PEG_100_4cycles,6986,4456
TCACACCTGCGCAAAG-fresh_3T3_PEG_100_4cycles,6038,3890
TTGGAGACTTACTTTC-fresh_3T3_PEG_100_4cycles,6657,4278
AATCTGCGAAATCCAC-fresh_3T3_PEG_100_4cycles,7078,4512
GCCCATACTATCAGCT-fresh_3T3_PEG_100_4cycles,7197,4384
TGCCAAATGCTCATCC-fresh_3T3_PEG_100_4cycles,7648,4752
ACTTCCTCTGTGGTGA-fresh_3T3_PEG_100_4cycles,6256,3990
GACGCACTGTGTGGGA-fresh_3T3_PEG_100_4cycles,5967,3896
TCGGGTTCTGAAGGTC-fresh_3T3_PEG_100_4cycles,7434,4663
TCGGACTCTAAACTGA-fresh_3T3_PEG_100_4cycles,6951,4339
ACTTGCCTGAGGCATG-fresh_3T3_PEG_100_4cycles,6163,3901
ACTCTAACTTGCTCAA-fresh_3T3_PEG_100_4cycles,6875,4484
GCAGACCTGGTGAGCA-fresh_3T3_PEG_100_4cycles,6219,4046
CGTGGGTACGGTAGAC-fresh_3T3_PEG_100_4cycles,6369,4034
CGTTGCACTACGTGCC-fresh_3T3_PEG_100_4cycles,5758,3714
GGATACTACAGGTGCA-fresh_3T3_PEG_100_4cycles,5794,3698
ACTCGGGACATTGCCA-fresh_3T3_PEG_100_4cycles,6077,3863
GGCACACACGGATGGT-fresh_3T3_PEG_100_4cycles,5787,3751
TGCTACGCTTGTGCTA-fresh_3T3_PEG_100_4cycles,6659,4202
TCTAACGGACATACTG-fresh_3T3_PEG_100_4cycles,5955,3773
TACGAGTTGTGGGCAA-fresh_3T3_PEG_100_4cycles,5255,3358
TGCTGCTACCCGTTAA-fresh_3T3_PEG_100_4cycles,5587,3670
TTTACGTACTCGTACA-fresh_3T3_PEG_100_4cycles,6043,3794
GAAGCTTTGCGCTCGA-fresh_3T3_PEG_100_4cycles,5260,3431
GCTTCCTGATTATGGC-fresh_3T3_PEG_100_4cycles,8367,4914
GAAGCTTTGTAGCAGG-fresh_3T3_PEG_100_4cycles,5786,3867
GTATGAAGACAATGAA-fresh_3T3_PEG_100_4cycles,6876,4307
GAGTCATTGTGAGCAG-fresh_3T3_PEG_100_4cycles,6434,3978
TATCGATCTTTGTACG-fresh_3T3_PEG_100_4cycles,5360,3528
TAAACGCACAAATGCA-fresh_3T3_PEG_100_4cycles,6046,3745
CTTCAGCACTGGTGAG-fresh_3T3_PEG_100_4cycles,6220,4017
GCCGTTTACGTACTAC-fresh_3T3_PEG_100_4cycles,6487,4062
TACCGCTTGTGCAAGG-fresh_3T3_PEG_100_4cycles,7329,4327
TGTTACTACGAACGTG-fresh_3T3_PEG_100_4cycles,6274,4029
ACAATGCACATCAGGG-fresh_3T3_PEG_100_4cycles,5290,3395
AGCAGAGACTCGTCCT-fresh_3T3_PEG_100_4cycles,5792,3655
GACGAGTGAAGGCATG-fresh_3T3_PEG_100_4cycles,5428,3567
GACTACTGATATCTGG-fresh_3T3_PEG_100_4cycles,5546,3640
AAACATGGACGAGGAT-fresh_3T3_PEG_100_4cycles,6985,4281
ATCTGTACTCCTTTGC-fresh_3T3_PEG_100_4cycles,5348,3497
GCTGGACACCAGGCCT-fresh_3T3_PEG_100_4cycles,6227,3987
TCCCAGACTAGGGAGG-fresh_3T3_PEG_100_4cycles,5692,3623
TGCTCGACTGGCCTGT-fresh_3T3_PEG_100_4cycles,5327,3290
AACCTATCTTCTGTAG-fresh_3T3_PEG_100_4cycles,5625,3700
AATTACCCTAAGGCTG-fresh_3T3_PEG_100_4cycles,4874,3255
GCTGTTCTGACGTAAA-fresh_3T3_PEG_100_4cycles,6780,4260
GAAGCACGATCTGTGA-fresh_3T3_PEG_100_4cycles,4727,3198
GGATTAAGATTCCATT-fresh_3T3_PEG_100_4cycles,5189,3358
TGAAAGAACTCATTGG-fresh_3T3_PEG_100_4cycles,7111,4516
GAGCATTTGTTGCAGT-fresh_3T3_PEG_100_4cycles,5125,3391
AGAACCTTGGCTAGAG-fresh_3T3_PEG_100_4cycles,5217,3313
ACACAGACTGGTTTGT-fresh_3T3_PEG_100_4cycles,7310,4490
GGTTGAACTCGCACTG-fresh_3T3_PEG_100_4cycles,6244,3944
TCTTATGACAGGACAC-fresh_3T3_PEG_100_4cycles,6475,3825
CTCCTAGTGCGGTACC-fresh_3T3_PEG_100_4cycles,5769,3604
ACAAGACCTACCGTTA-fresh_3T3_PEG_100_4cycles,5599,3509
TCTTTCAGAGCTTTGA-fresh_3T3_PEG_100_4cycles,4763,3066
TTTGGGAACGACTGTT-fresh_3T3_PEG_100_4cycles,6431,4038
ATTTAGCCTATTGGTC-fresh_3T3_PEG_100_4cycles,7175,4526
AGACGCAGAAAACATG-fresh_3T3_PEG_100_4cycles,6152,3884
TGCCACTTGATCAGGG-fresh_3T3_PEG_100_4cycles,6266,3627
GGCGCAACTCATGCGC-fresh_3T3_PEG_100_4cycles,5249,3457
GCTTCTGACTGGAACG-fresh_3T3_PEG_100_4cycles,5513,3497
GACTACCCTAGACTTC-fresh_3T3_PEG_100_4cycles,5358,3536
GCTTGTCACTAAGCAA-fresh_3T3_PEG_100_4cycles,5020,3159
GACAATAGACGTACAT-fresh_3T3_PEG_100_4cycles,4419,2941
CTTTCGGTGCCGCAGT-fresh_3T3_PEG_100_4cycles,4895,3226
GCTATTGGACTATCTT-fresh_3T3_PEG_100_4cycles,5152,3351
GAGACTTACGAATCTC-fresh_3T3_PEG_100_4cycles,4904,3074
TAACTCACTCGGCACT-fresh_3T3_PEG_100_4cycles,5130,3220
CAACACCCTACAGGTG-fresh_3T3_PEG_100_4cycles,5758,3703
GAGCATTTGAAGCTAA-fresh_3T3_PEG_100_4cycles,5661,3637
GAATTCTCTCAGGGAT-fresh_3T3_PEG_100_4cycles,4013,2644
GACGCACACGTCGGTC-fresh_3T3_PEG_100_4cycles,5629,3628
GGCCTTTACCAGTCTA-fresh_3T3_PEG_100_4cycles,6361,3876
GACGAGTGAACCGTTA-fresh_3T3_PEG_100_4cycles,4809,3174
ACCTAGTGACTCATCC-fresh_3T3_PEG_100_4cycles,6308,3867
CAGATTTCTCTGCCAG-fresh_3T3_PEG_100_4cycles,6167,3866
ACCTCGTTGTAACCCA-fresh_3T3_PEG_100_4cycles,5442,3466
GTTACCCTGTCTGGAT-fresh_3T3_PEG_100_4cycles,5311,3498
TCATTGGGACGGTTGC-fresh_3T3_PEG_100_4cycles,5347,3428
GGATCCCGATGTGGGA-fresh_3T3_PEG_100_4cycles,4556,2914
GGCTCAGACCTGCGGT-fresh_3T3_PEG_100_4cycles,4542,3030
GATCTGCCTCGTTATG-fresh_3T3_PEG_100_4cycles,4633,3021
GTTGATGACGCTGGCT-fresh_3T3_PEG_100_4cycles,5988,3801
TAAGCACACTTACGAC-fresh_3T3_PEG_100_4cycles,4635,2911
ACGTGGCTGTGATCAC-fresh_3T3_PEG_100_4cycles,5034,3226
GATCGCGTGAGGTAAT-fresh_3T3_PEG_100_4cycles,4273,2851
CTCAGCACTCGAGGTA-fresh_3T3_PEG_100_4cycles,5372,3453
GGCGTACACGCTCAGC-fresh_3T3_PEG_100_4cycles,4308,2822
GAAGCACGATCATGTG-fresh_3T3_PEG_100_4cycles,4247,2839
TTCGAGAACCCAACGC-fresh_3T3_PEG_100_4cycles,5484,3598
CGATCGGTGACAACAA-fresh_3T3_PEG_100_4cycles,3897,2410
GACCACTCTTTCGTTT-fresh_3T3_PEG_100_4cycles,3487,2465
GACCTTGCTTGTCACA-fresh_3T3_PEG_100_4cycles,3904,2695
CGTGAATACAACGAAT-fresh_3T3_PEG_100_4cycles,5987,3734
TGGACCTCTCATAGCT-fresh_3T3_PEG_100_4cycles,4790,3150
AGACCATTGCCAGCAC-fresh_3T3_PEG_100_4cycles,4071,2644
GATAGGTCTCTGGGTC-fresh_3T3_PEG_100_4cycles,3878,2534
ATCGGGCACTCAATGC-fresh_3T3_PEG_100_4cycles,4949,3175
CGCCCTTCTAACCAAA-fresh_3T3_PEG_100_4cycles,4877,2809
GAAATGAACTAAGTAG-fresh_3T3_PEG_100_4cycles,4707,3006
GGACACCTGGTCCCGA-fresh_3T3_PEG_100_4cycles,3502,2140
TAACGTTCTCTTGTGA-fresh_3T3_PEG_100_4cycles,4585,2934
AGTCACAACGCACCCA-fresh_3T3_PEG_100_4cycles,3975,2454
GGATTTGACAATAGCA-fresh_3T3_PEG_100_4cycles,4992,3182
GCCGACAACCCAGGCT-fresh_3T3_PEG_100_4cycles,3537,2257
GTATTCACTGACCGAA-fresh_3T3_PEG_100_4cycles,4029,2638
GTCACGCGAGCGCTGT-fresh_3T3_PEG_100_4cycles,4442,2788
GTTCTGGCTTAACGAA-fresh_3T3_PEG_100_4cycles,4483,2877
GCAGACCTGAGCAGGT-fresh_3T3_PEG_100_4cycles,3328,2183
GCGTCGATGAGCAATA-fresh_3T3_PEG_100_4cycles,3499,2224
TGTGCAATGAAGTTCC-fresh_3T3_PEG_100_4cycles,2027,1284
TTGGGAGGAAGTACGG-fresh_3T3_PEG_100_4cycles,3846,2422
AGGTCGAGAGAGCCTC-fresh_3T3_PEG_100_4cycles,3226,2134
AGTACGTTGCGAACGA-fresh_3T3_PEG_100_4cycles,3052,1847
ATAGGGTCTTTAGCTG-fresh_3T3_PEG_100_4cycles,3252,2001
GACTCTCACAATCTGC-fresh_3T3_PEG_100_4cycles,3035,1985
TCGCGTACTCCATGTA-fresh_3T3_PEG_100_4cycles,3584,2330
TCGGTGCGACAACGCC-fresh_3T3_PEG_100_4cycles,2586,1771
TGGAATGCTCGACAAG-fresh_3T3_PEG_100_4cycles,3618,2360
GCGGCAACTGCACGCT-fresh_3T3_PEG_100_4cycles,2694,1776
TCCATGGCTTACCTGA-fresh_3T3_PEG_100_4cycles,3490,2196
CAGTAGTTGCCCGCAA-fresh_3T3_PEG_100_4cycles,3107,2067
GATCCAAACTACCAAC-fresh_3T3_PEG_100_4cycles,2903,1902
CTGCTTTCTGAATTGA-fresh_3T3_PEG_100_4cycles,3038,1876
GTTTCAGGAGCGTATT-fresh_3T3_PEG_100_4cycles,2817,1767
ACTCGCTACTCCCGTT-fresh_3T3_PEG_100_4cycles,2758,1800
GTTGAGTTGATGAATG-fresh_3T3_PEG_100_4cycles,3180,2047
TGTGTTACTGACGCCT-fresh_3T3_PEG_100_4cycles,2989,1756
GGACCACTGCATGCGC-fresh_3T3_PEG_100_4cycles,2514,1575
AAGCATCACCAGTCCG-fresh_3T3_PEG_100_4cycles,2766,1721
CTCTCTGGAGGTGCAA-fresh_3T3_PEG_100_4cycles,3093,1740
TAAGTGCACAGAGGCT-fresh_3T3_PEG_100_4cycles,2581,1617
GGAAGGACTGGCCAAA-fresh_3T3_PEG_100_4cycles,2966,1686
TGTCATGGAGCTAATC-fresh_3T3_PEG_100_4cycles,2289,1409
GACACATTGAAATGCA-fresh_3T3_PEG_100_4cycles,2444,1643
TAGGGACGAGCTGAGA-fresh_3T3_PEG_100_4cycles,2337,1489
AGTACGACTCCCGCAA-fresh_3T3_PEG_100_4cycles,2233,1392
CCTGCCTCTCTCACTC-fresh_3T3_PEG_100_4cycles,2146,1352
AAAGGATACAGGCGTA-fresh_3T3_PEG_100_4cycles,2441,1503
GCTTCTGTGATCATCG-fresh_3T3_PEG_100_4cycles,2358,1486
ACTCAGAACCGATTAC-fresh_3T3_PEG_100_4cycles,1437,907
AGGACGCCTGCTAGAG-fresh_3T3_PEG_100_4cycles,2071,1307
TTGCGATGACGGAATG-fresh_3T3_PEG_100_4cycles,1864,1186
TTCCCTGGAGCTCTTC-fresh_3T3_PEG_100_4cycles,1940,1241
AGGTAGCGACCGTGAC-fresh_3T3_PEG_100_4cycles,1963,1262
CCTACGTTGCGTACAT-fresh_3T3_PEG_100_4cycles,1957,1245
AGCCAGCACGTCAATC-fresh_3T3_PEG_100_4cycles,1755,1161
CTTAGAGACCCGGACT-fresh_3T3_noPEG_100_4cycles,54796,26780
GGCAACGCTGCTCCTT-fresh_3T3_noPEG_100_4cycles,58281,27141
AGTCACAACGCGTATT-fresh_3T3_noPEG_100_4cycles,54498,26565
TAATGGGCTCTCACTC-fresh_3T3_noPEG_100_4cycles,37441,19423
TGTCCGTTGAGGTAAT-fresh_3T3_noPEG_100_4cycles,49567,24834
TGTACCAGACTCACGG-fresh_3T3_noPEG_100_4cycles,46587,23415
CGCTTCCCTCGCAAAG-fresh_3T3_noPEG_100_4cycles,46135,23324
CGTTGCTTGAGTACGG-fresh_3T3_noPEG_100_4cycles,44118,21878
AAGAACCCTGGCCATC-fresh_3T3_noPEG_100_4cycles,44959,21910
TAGCATTCTATCTGTG-fresh_3T3_noPEG_100_4cycles,45381,23112
ATAGGGTCTCAGGGAT-fresh_3T3_noPEG_100_4cycles,38928,20307
GGTCTGGACAGGCGTA-fresh_3T3_noPEG_100_4cycles,45226,21967
TGACCCTACTGGCTGC-fresh_3T3_noPEG_100_4cycles,42989,21962
TAAGGCTTGACCATGT-fresh_3T3_noPEG_100_4cycles,41157,20304
AGAGCAGTGGCCACGT-fresh_3T3_noPEG_100_4cycles,39461,20339
AAACGCTACCATCCTC-fresh_3T3_noPEG_100_4cycles,31320,16585
CCTTGGTACGGTGCAA-fresh_3T3_noPEG_100_4cycles,39281,20392
CGATCGGTGAGCGCTC-fresh_3T3_noPEG_100_4cycles,39907,20354
ATAGGAAACGCCGCTA-fresh_3T3_noPEG_100_4cycles,44684,22424
TTCCGGACTCGCAACC-fresh_3T3_noPEG_100_4cycles,40505,20122
CGGACGTTGTTCTCGC-fresh_3T3_noPEG_100_4cycles,41082,20038
AAGGCTTACTTGTGAC-fresh_3T3_noPEG_100_4cycles,38733,20495
AGGAACCGACCAACGC-fresh_3T3_noPEG_100_4cycles,39234,20026
TGATAGAGATGCGTGC-fresh_3T3_noPEG_100_4cycles,35126,18470
TAAGCCAACCCCGCAA-fresh_3T3_noPEG_100_4cycles,30470,16074
TTGTTTGACGGCAGTA-fresh_3T3_noPEG_100_4cycles,30992,16902
AAGCGTGGATGAGCAG-fresh_3T3_noPEG_100_4cycles,33619,17924
CTGTTGCACCTCGAGC-fresh_3T3_noPEG_100_4cycles,37698,19618
CCACGAGTGACAGGCA-fresh_3T3_noPEG_100_4cycles,34147,17647
CCAACACCTTACCAAC-fresh_3T3_noPEG_100_4cycles,33302,17667
CGGTTGGACAGATTCC-fresh_3T3_noPEG_100_4cycles,29420,16134
AACTACGACCGGTACC-fresh_3T3_noPEG_100_4cycles,34304,17994
ACTTATCTGCTTCACC-fresh_3T3_noPEG_100_4cycles,36862,18990
TTGCGGTCTCGAGGTA-fresh_3T3_noPEG_100_4cycles,32031,16812
TACTGTTTGCCTGAGC-fresh_3T3_noPEG_100_4cycles,32474,17824
GACACGCACCGTACAT-fresh_3T3_noPEG_100_4cycles,36673,18600
ATCCCGACTCCGGACT-fresh_3T3_noPEG_100_4cycles,33720,18374
TGAGCTAACGGACAGT-fresh_3T3_noPEG_100_4cycles,28821,15798
TGTCGCTTGTACTTTC-fresh_3T3_noPEG_100_4cycles,30631,16031
CCAACTCACGCCCTGA-fresh_3T3_noPEG_100_4cycles,35712,18560
TCAGCCGGATAGCGAG-fresh_3T3_noPEG_100_4cycles,33211,17501
AGGAAGCACATGTCCA-fresh_3T3_noPEG_100_4cycles,31074,17089
ATACAGGCTAATACAG-fresh_3T3_noPEG_100_4cycles,32286,16698
GTAAGGCGACAGATTC-fresh_3T3_noPEG_100_4cycles,32776,17058
TGTTGACGATGGAACG-fresh_3T3_noPEG_100_4cycles,33023,17576
ACTGGAGGACGAAAGC-fresh_3T3_noPEG_100_4cycles,34055,17746
ATGGGTTACTCCTACC-fresh_3T3_noPEG_100_4cycles,25926,14242
GTAATCGACGCACCCA-fresh_3T3_noPEG_100_4cycles,32418,16534
CAAAGAATGTTGGTTG-fresh_3T3_noPEG_100_4cycles,25565,14322
CAATCGTGAGAAGGCT-fresh_3T3_noPEG_100_4cycles,27456,14907
TGGTTTGGAGTCGGTC-fresh_3T3_noPEG_100_4cycles,33958,17762
TCTTTCCACCGATTAC-fresh_3T3_noPEG_100_4cycles,25115,13862
GTAGAGCGAGGACCTC-fresh_3T3_noPEG_100_4cycles,26930,14348
CCGAGACACTGAGGCA-fresh_3T3_noPEG_100_4cycles,29831,16228
CCTATCGACTTGCGCG-fresh_3T3_noPEG_100_4cycles,28354,15616
GCGCTACGAGACACCC-fresh_3T3_noPEG_100_4cycles,29493,15604
TGGCTAATGATCCTTT-fresh_3T3_noPEG_100_4cycles,27091,14736
AGCGTATACATGTGGG-fresh_3T3_noPEG_100_4cycles,27364,14493
AGCGTATACGTTGTCA-fresh_3T3_noPEG_100_4cycles,32862,16774
AAGAGAGGACGAGTTT-fresh_3T3_noPEG_100_4cycles,29324,16095
CAGGCGACTACGTAAA-fresh_3T3_noPEG_100_4cycles,25669,14235
ATCGGGCACGTTAGAA-fresh_3T3_noPEG_100_4cycles,27578,14492
GCGGTTCGACTCATCC-fresh_3T3_noPEG_100_4cycles,29460,15877
TACCAGTGACAATAGA-fresh_3T3_noPEG_100_4cycles,29153,15874
TTGCGGTCTAGTACGG-fresh_3T3_noPEG_100_4cycles,29808,15799
TGCAATGACCGTAACT-fresh_3T3_noPEG_100_4cycles,29715,16295
CCCTGAACTAGCCCTG-fresh_3T3_noPEG_100_4cycles,29233,15520
AAGTGCTTGGAGCTGA-fresh_3T3_noPEG_100_4cycles,27269,14513
GGTACGCTGCGAGTTT-fresh_3T3_noPEG_100_4cycles,26780,14598
GCTATTGGACAAGTAA-fresh_3T3_noPEG_100_4cycles,25402,14159
ATGCGCGTGTGAGGCA-fresh_3T3_noPEG_100_4cycles,25110,13474
GTCGTGGTGTGGCTGC-fresh_3T3_noPEG_100_4cycles,31505,16445
CATCAGTGATACGATC-fresh_3T3_noPEG_100_4cycles,26944,14664
TGCAGTATGTACAGCT-fresh_3T3_noPEG_100_4cycles,23869,13081
CATAGGTACTGGCTGC-fresh_3T3_noPEG_100_4cycles,28961,15177
TCGATGATGAGATTCC-fresh_3T3_noPEG_100_4cycles,24199,13734
GTCACGCGATACAGCT-fresh_3T3_noPEG_100_4cycles,28683,15615
ATGACAAGACATTCAG-fresh_3T3_noPEG_100_4cycles,26999,14681
GCTTTCCGATTCGTTT-fresh_3T3_noPEG_100_4cycles,27530,14571
GCATCTCTGAAAGGTT-fresh_3T3_noPEG_100_4cycles,29407,15849
CAAAGGGACCTACTCC-fresh_3T3_noPEG_100_4cycles,24221,13491
GGTTCATGATTTGTCT-fresh_3T3_noPEG_100_4cycles,28369,15163
CGGCTAGTGTCAGGTT-fresh_3T3_noPEG_100_4cycles,27991,15452
CATTTCCCTGAGCCTC-fresh_3T3_noPEG_100_4cycles,27673,14999
TAAGGCTTGGAATTGA-fresh_3T3_noPEG_100_4cycles,27002,14522
GTACATCGACCAAGTT-fresh_3T3_noPEG_100_4cycles,23607,13054
CTCTGGACTCCAGCTG-fresh_3T3_noPEG_100_4cycles,26036,14325
CTAATCACTCGATCGC-fresh_3T3_noPEG_100_4cycles,25254,13557
AAAGCGGACGCACCCA-fresh_3T3_noPEG_100_4cycles,23557,13062
GTGAAGGACTGGCTTA-fresh_3T3_noPEG_100_4cycles,26861,14846
GTCCTGACTGTCAATC-fresh_3T3_noPEG_100_4cycles,27935,14837
ACCTACCTGAATCGAA-fresh_3T3_noPEG_100_4cycles,30373,16089
GGACCACTGACCTTGA-fresh_3T3_noPEG_100_4cycles,27801,14626
TTGGCGTCTATGGCCC-fresh_3T3_noPEG_100_4cycles,24771,13494
CATTCTATGGCATGAG-fresh_3T3_noPEG_100_4cycles,26900,14956
ACCTCCAACAGCTTTG-fresh_3T3_noPEG_100_4cycles,23363,12877
CAAGGGAACGACTCGC-fresh_3T3_noPEG_100_4cycles,27170,14763
GTCCCAGGAGACTCGC-fresh_3T3_noPEG_100_4cycles,26242,14228
TGCCGTTACTCTTTGT-fresh_3T3_noPEG_100_4cycles,21569,12185
ACGCAGAGATGGGCAA-fresh_3T3_noPEG_100_4cycles,21272,11830
AAAGCGGACGTTTGGT-fresh_3T3_noPEG_100_4cycles,20694,11462
ACTAACCGAGTTGGTT-fresh_3T3_noPEG_100_4cycles,24292,13336
CTCCTAGTGCGGTACC-fresh_3T3_noPEG_100_4cycles,28153,15243
TGCAATGTGGCGTATT-fresh_3T3_noPEG_100_4cycles,28613,15210
TGGAATGCTAAGTAAC-fresh_3T3_noPEG_100_4cycles,22108,12305
TTTCGTAACTGCACCG-fresh_3T3_noPEG_100_4cycles,25064,13490
CTTCCTACTTTAGCTG-fresh_3T3_noPEG_100_4cycles,24751,13896
GTTGATGACCAGGTGA-fresh_3T3_noPEG_100_4cycles,23861,13294
CGTTGCTTGAGACAAT-fresh_3T3_noPEG_100_4cycles,21844,12009
CACACCACTTGCTGTA-fresh_3T3_noPEG_100_4cycles,25478,13992
ACGTAGGGAGAATCTC-fresh_3T3_noPEG_100_4cycles,23739,13321
CTGAGCGTGAGGCGTA-fresh_3T3_noPEG_100_4cycles,18719,10677
TTAGCCAGAGAATAAC-fresh_3T3_noPEG_100_4cycles,24737,13675
GAAGTATGACCTATCC-fresh_3T3_noPEG_100_4cycles,23521,13266
AGTAGAAACGCCCTTT-fresh_3T3_noPEG_100_4cycles,22939,12635
CGCTGAGTGGGTTTGT-fresh_3T3_noPEG_100_4cycles,21846,11912
ACCTACCTGTAATCGC-fresh_3T3_noPEG_100_4cycles,24032,13249
AAACTCTCTCCTGTGG-fresh_3T3_noPEG_100_4cycles,23376,13192
GCGACGTTGCATCTTT-fresh_3T3_noPEG_100_4cycles,23700,12824
GTGCATAACTTCGGGC-fresh_3T3_noPEG_100_4cycles,27460,14276
GGTAAGCGACTTTGTT-fresh_3T3_noPEG_100_4cycles,23646,12958
CCCTCCTTGTGCGCCA-fresh_3T3_noPEG_100_4cycles,23560,12864
TGCCGGAACCAATAGA-fresh_3T3_noPEG_100_4cycles,24819,13715
AAATAGGTGACGCGAA-fresh_3T3_noPEG_100_4cycles,24390,12951
TAAGCACACTCAGGTT-fresh_3T3_noPEG_100_4cycles,22680,12853
TGTTGACGAGAGTGAC-fresh_3T3_noPEG_100_4cycles,24511,13652
GTAAGGCGATTATGGC-fresh_3T3_noPEG_100_4cycles,22002,12227
TAAGGGCGACGATGGA-fresh_3T3_noPEG_100_4cycles,23707,12810
GCGTAAGGATAATCGC-fresh_3T3_noPEG_100_4cycles,24867,13524
GTAGTGGGATTACGCA-fresh_3T3_noPEG_100_4cycles,19189,11056
CTTCACGTGGGATGGT-fresh_3T3_noPEG_100_4cycles,20472,11445
CCTACGGGAGGACAGT-fresh_3T3_noPEG_100_4cycles,17939,10215
ATTGCTACTTGATCAC-fresh_3T3_noPEG_100_4cycles,22271,12340
TGTACTGGACCAGCAC-fresh_3T3_noPEG_100_4cycles,23533,12855
AAACTCTCTGCTTTGA-fresh_3T3_noPEG_100_4cycles,23192,12447
GGGTAGTGAGGCCATC-fresh_3T3_noPEG_100_4cycles,25193,13443
TGCGTCTACGCTGAGA-fresh_3T3_noPEG_100_4cycles,19883,11377
GTAAAGCCTCCTTTGC-fresh_3T3_noPEG_100_4cycles,20236,11295
ACGACGCTGCTGAGAG-fresh_3T3_noPEG_100_4cycles,20379,11154
CGATCGGTGCCTACGG-fresh_3T3_noPEG_100_4cycles,21149,12164
TTGTGCCTGCGTTATG-fresh_3T3_noPEG_100_4cycles,24935,13467
GGTAGCCTGGTTAGAA-fresh_3T3_noPEG_100_4cycles,25829,14091
GCAGTATTGAGTAGGC-fresh_3T3_noPEG_100_4cycles,21117,11605
GGTGCGTTGGCCGCTA-fresh_3T3_noPEG_100_4cycles,22365,12251
AATGGCTACGCTCCTT-fresh_3T3_noPEG_100_4cycles,20727,11516
CTGCTAGCTGCGGTAA-fresh_3T3_noPEG_100_4cycles,21648,12032
ATTTAGCCTTCGTAAC-fresh_3T3_noPEG_100_4cycles,21846,11967
TTCCACTCTTACAGCT-fresh_3T3_noPEG_100_4cycles,19507,11240
ATTTCTGACGCTTTGA-fresh_3T3_noPEG_100_4cycles,21610,11881
CGTGCAGACCAGGCCT-fresh_3T3_noPEG_100_4cycles,22335,12240
AGTTTGCGATTAGAAG-fresh_3T3_noPEG_100_4cycles,20510,11611
CTGGCCAGATGGTGAG-fresh_3T3_noPEG_100_4cycles,20676,11679
AGTGGAGTGGCACTTA-fresh_3T3_noPEG_100_4cycles,18842,10685
AGGAAGAGAGCGCAAA-fresh_3T3_noPEG_100_4cycles,23261,12787
CTTAGGCCTCATGCTA-fresh_3T3_noPEG_100_4cycles,20565,11576
CGTGTCTTGAGCAGGT-fresh_3T3_noPEG_100_4cycles,20845,11609
CGCATCTTGGCCGCTA-fresh_3T3_noPEG_100_4cycles,21651,12084
GGGCTTCGATGTCACA-fresh_3T3_noPEG_100_4cycles,22252,12545
AGGCCAAGAAAGTTCC-fresh_3T3_noPEG_100_4cycles,21676,12039
TCCGTAAGATCTGCAA-fresh_3T3_noPEG_100_4cycles,20505,11679
CCACTAAGAATCCTCC-fresh_3T3_noPEG_100_4cycles,20049,10894
CTAACAGTGATGAATG-fresh_3T3_noPEG_100_4cycles,22356,12123
TATCAGCGAGTCTGGC-fresh_3T3_noPEG_100_4cycles,23989,13464
AGCTATCGATATTGCG-fresh_3T3_noPEG_100_4cycles,23220,12851
CAAAGTAGATCCAATG-fresh_3T3_noPEG_100_4cycles,20523,11458
CACTATACTATCATCG-fresh_3T3_noPEG_100_4cycles,21924,12364
CTCAATTTGCCAGAGA-fresh_3T3_noPEG_100_4cycles,23466,12801
TCGCCTATGCTCGAGC-fresh_3T3_noPEG_100_4cycles,19723,11154
TGTATGCGACGACACC-fresh_3T3_noPEG_100_4cycles,23338,12401
TAGGGACGAGCCCAAC-fresh_3T3_noPEG_100_4cycles,20165,11459
TTCTCTCTGCTTGAAC-fresh_3T3_noPEG_100_4cycles,22969,12893
TAAACGCACGATCATC-fresh_3T3_noPEG_100_4cycles,22447,12178
GGTCGCATGGGTGTCC-fresh_3T3_noPEG_100_4cycles,17470,10129
GGGAAAGCTTCGTCCT-fresh_3T3_noPEG_100_4cycles,20260,11295
GCGTTGTCTGACCGAA-fresh_3T3_noPEG_100_4cycles,19510,10960
GTCACAATGATCATGC-fresh_3T3_noPEG_100_4cycles,20757,11372
GTTACAGTGTCGTCCT-fresh_3T3_noPEG_100_4cycles,20896,11842
CTCTCTGGAGGTGCAA-fresh_3T3_noPEG_100_4cycles,18961,10460
TTGGCGCGAGTTCTCC-fresh_3T3_noPEG_100_4cycles,21572,12037
TATCATGCTCCTGCGA-fresh_3T3_noPEG_100_4cycles,20989,11658
CTGTAACGAGACTCGC-fresh_3T3_noPEG_100_4cycles,20684,11452
CAAAGTAGAATTAAGG-fresh_3T3_noPEG_100_4cycles,17599,10043
TGCCTACTGGAGAGGG-fresh_3T3_noPEG_100_4cycles,18301,10833
CAAGATAGACCACTTC-fresh_3T3_noPEG_100_4cycles,19232,10992
AGTTTGCGACAGCAAG-fresh_3T3_noPEG_100_4cycles,20938,11245
TAGAGCGGACCATAAC-fresh_3T3_noPEG_100_4cycles,19457,10610
GGTGGAAACTCGGGCT-fresh_3T3_noPEG_100_4cycles,18066,10308
AGATGTAGATAACGGG-fresh_3T3_noPEG_100_4cycles,18196,10436
CTACAACGAAACCAAA-fresh_3T3_noPEG_100_4cycles,20196,11266
TGAATGGCTGTGGTGA-fresh_3T3_noPEG_100_4cycles,21198,11672
AGTTCACGATTGTTTC-fresh_3T3_noPEG_100_4cycles,18695,10566
GCAGACCTGCCAGCTG-fresh_3T3_noPEG_100_4cycles,21551,11873
AAGAATGTGTACAGCT-fresh_3T3_noPEG_100_4cycles,21746,11793
CCTTCTTTGGTTGTCA-fresh_3T3_noPEG_100_4cycles,19687,11031
GAAGGCATGCGAGTGA-fresh_3T3_noPEG_100_4cycles,22176,11943
ACAGCCGACTAAGTAG-fresh_3T3_noPEG_100_4cycles,21173,11682
GAAATCCACGGCAGTA-fresh_3T3_noPEG_100_4cycles,17433,9960
CTATCTATGGAGCCTC-fresh_3T3_noPEG_100_4cycles,20467,11542
GGTATTGACGTCCCAG-fresh_3T3_noPEG_100_4cycles,18859,10780
ACTCCGTACCAGTCCG-fresh_3T3_noPEG_100_4cycles,13658,8020
CGCATCGGATTAGCTG-fresh_3T3_noPEG_100_4cycles,18662,10509
CTCTCTGGAACCTAGT-fresh_3T3_noPEG_100_4cycles,21627,11840
CTGCTGGGATTCTCGC-fresh_3T3_noPEG_100_4cycles,19881,10984
TGGGCGTACGAATTGA-fresh_3T3_noPEG_100_4cycles,20861,11314
ACGCAGAGATTGACAC-fresh_3T3_noPEG_100_4cycles,20900,11663
CTTGCTGACTTGCGTA-fresh_3T3_noPEG_100_4cycles,20269,11042
ACACATCGATGCCACG-fresh_3T3_noPEG_100_4cycles,21696,11870
TTAGTCTTGCGCCACA-fresh_3T3_noPEG_100_4cycles,20782,11607
GGATACTACCTGTACA-fresh_3T3_noPEG_100_4cycles,18732,11054
ACTCGCTACTCCCGTT-fresh_3T3_noPEG_100_4cycles,19452,11022
TCGTATACTTCATGCA-fresh_3T3_noPEG_100_4cycles,15894,9262
GATGAATGATGCTGGC-fresh_3T3_noPEG_100_4cycles,19962,10918
ACTCAGAACCGATTAC-fresh_3T3_noPEG_100_4cycles,21349,11854
GTCTGGCGATCGCAGC-fresh_3T3_noPEG_100_4cycles,17576,9902
TCTATGGGATTTCTTG-fresh_3T3_noPEG_100_4cycles,17163,9820
TGCAGTATGTCCAATG-fresh_3T3_noPEG_100_4cycles,22411,12206
CGATACAACAATCCAC-fresh_3T3_noPEG_100_4cycles,20268,11127
CTTTAACTGGCCGTTG-fresh_3T3_noPEG_100_4cycles,19196,10961
CCAAGGAGAGGCCTGT-fresh_3T3_noPEG_100_4cycles,19713,11071
GCTATCCTGTGCCACG-fresh_3T3_noPEG_100_4cycles,18547,10700
CCCACAGGAACCAGTT-fresh_3T3_noPEG_100_4cycles,22226,12257
AACCTATCTTTATGGC-fresh_3T3_noPEG_100_4cycles,19241,10711
CATATCACTAGACTTC-fresh_3T3_noPEG_100_4cycles,20779,11424
GTAGAGCGAGGTGTCC-fresh_3T3_noPEG_100_4cycles,19159,10748
CAGTGTAACACCCGGT-fresh_3T3_noPEG_100_4cycles,19044,10889
TACGATGACGGACAGT-fresh_3T3_noPEG_100_4cycles,19449,10946
TAGAGCGGATTACGAC-fresh_3T3_noPEG_100_4cycles,18237,10416
CAACTGAACGTTGACT-fresh_3T3_noPEG_100_4cycles,18474,10603
CATCGCGGATTATGGC-fresh_3T3_noPEG_100_4cycles,18616,10434
GAGTTGTTGCTATCTT-fresh_3T3_noPEG_100_4cycles,19002,10613
ACATGTGTGATCCTTT-fresh_3T3_noPEG_100_4cycles,15542,8901
AAGTGGCGATGCACCG-fresh_3T3_noPEG_100_4cycles,20813,11312
TATGGAGCTCGTTATG-fresh_3T3_noPEG_100_4cycles,15105,8834
TACATTCACTTTCGCC-fresh_3T3_noPEG_100_4cycles,19819,11353
CGCACACGATGCTTGA-fresh_3T3_noPEG_100_4cycles,21759,11754
TGAATGGCTCGTAACT-fresh_3T3_noPEG_100_4cycles,17054,10070
GTGAAGCGAGGCCTGT-fresh_3T3_noPEG_100_4cycles,17254,9861
TACCGCTTGAGTCTGT-fresh_3T3_noPEG_100_4cycles,18094,10101
TTGATTCACTTCTGGA-fresh_3T3_noPEG_100_4cycles,18623,10756
AATCTCTTGGACTGTT-fresh_3T3_noPEG_100_4cycles,14395,8476
CGACAGCACGACCGAA-fresh_3T3_noPEG_100_4cycles,16454,9427
TAAGTGCACCTCACGG-fresh_3T3_noPEG_100_4cycles,18913,10860
GCATCCTTGAAGCTAA-fresh_3T3_noPEG_100_4cycles,19009,10746
CAAACCTGAGGACAGT-fresh_3T3_noPEG_100_4cycles,21512,11903
TAGTTGCGATCTGCAA-fresh_3T3_noPEG_100_4cycles,18610,10740
AAGTGACCTACCATGT-fresh_3T3_noPEG_100_4cycles,16526,9528
TACACAGACGATCCAT-fresh_3T3_noPEG_100_4cycles,19042,10738
TTGTCCCGATGTGCTA-fresh_3T3_noPEG_100_4cycles,16210,9226
TGTGCAATGGCTCTTC-fresh_3T3_noPEG_100_4cycles,17544,9783
CAGAAACCTTGCTTGA-fresh_3T3_noPEG_100_4cycles,18075,10428
TCGGCTTACAGTAGGC-fresh_3T3_noPEG_100_4cycles,16144,9296
CTATGCCACGCGCACT-fresh_3T3_noPEG_100_4cycles,18862,10646
TGCGGGACTTGTGCTA-fresh_3T3_noPEG_100_4cycles,19791,11027
TGTTTGTTGGAATTGA-fresh_3T3_noPEG_100_4cycles,15063,8673
AGTACGTTGAAATGCA-fresh_3T3_noPEG_100_4cycles,18264,10349
CCATAAGTGGGAATAT-fresh_3T3_noPEG_100_4cycles,18459,10383
AAGCGCCACCATGCGC-fresh_3T3_noPEG_100_4cycles,22067,12122
AAACTCCGAGGTAGAC-fresh_3T3_noPEG_100_4cycles,18250,10387
GGGTATACTAGCGCTC-fresh_3T3_noPEG_100_4cycles,16664,9767
CAATGTGTGGAGTGAC-fresh_3T3_noPEG_100_4cycles,16734,9680
GATTCTGGACGGAATG-fresh_3T3_noPEG_100_4cycles,17382,10343
AGGCGATGAAATGCTC-fresh_3T3_noPEG_100_4cycles,17556,9973
AGTGCATTGCATACTG-fresh_3T3_noPEG_100_4cycles,17323,10053
AGGAGTTCTAAGCTAA-fresh_3T3_noPEG_100_4cycles,17578,9972
ACAATGCACGAATTGA-fresh_3T3_noPEG_100_4cycles,16401,9619
CACATATCTCTCTGGG-fresh_3T3_noPEG_100_4cycles,17954,9999
GCTTACCACCTCATCC-fresh_3T3_noPEG_100_4cycles,17917,9804
ACAGCGGCTTTACGAC-fresh_3T3_noPEG_100_4cycles,21012,11452
CGTAGCGACCTTTAGG-fresh_3T3_noPEG_100_4cycles,21024,11408
CTCAATTTGCCGGACT-fresh_3T3_noPEG_100_4cycles,16547,9445
CCAGGCAACCATGCTA-fresh_3T3_noPEG_100_4cycles,18186,10183
TGCGCATCTTGCTGGC-fresh_3T3_noPEG_100_4cycles,20014,11104
TGGACAACTCCCGAGT-fresh_3T3_noPEG_100_4cycles,21804,11999
CAGGGCTTGCGATTGT-fresh_3T3_noPEG_100_4cycles,19591,10899
ATTAGCGTGCCTAACA-fresh_3T3_noPEG_100_4cycles,15652,9188
TACTGGCCTGCAGGAT-fresh_3T3_noPEG_100_4cycles,20318,11310
AAGTGGCGACGCAAAG-fresh_3T3_noPEG_100_4cycles,17735,9976
TCACCTGACCATACTG-fresh_3T3_noPEG_100_4cycles,16508,9366
CATTCCTCTAGTCTGT-fresh_3T3_noPEG_100_4cycles,18650,10398
TAGGGTTTGTCCAATG-fresh_3T3_noPEG_100_4cycles,16022,9131
AAGCGCCACGAATGTA-fresh_3T3_noPEG_100_4cycles,17695,10041
AGTGGAGTGTGCAAGG-fresh_3T3_noPEG_100_4cycles,18643,10442
TGTAAGCACGCACCCA-fresh_3T3_noPEG_100_4cycles,17814,10100
ACCTGCTACCGAACGA-fresh_3T3_noPEG_100_4cycles,18337,10281
TGAGTAAGAATCATCG-fresh_3T3_noPEG_100_4cycles,17557,9881
CCACATGCTGGCCATC-fresh_3T3_noPEG_100_4cycles,15861,9124
TAGAGCGGAAAAGGTT-fresh_3T3_noPEG_100_4cycles,18614,10461
CTGACGTCTGTTTGGT-fresh_3T3_noPEG_100_4cycles,17117,9634
GGACCTCGATTGGTTG-fresh_3T3_noPEG_100_4cycles,19340,10961
CATTTCCCTAGCTGAG-fresh_3T3_noPEG_100_4cycles,16599,9602
ACAGTTGACAACGAAT-fresh_3T3_noPEG_100_4cycles,17413,9931
CCCACAGGAACGCGAA-fresh_3T3_noPEG_100_4cycles,18022,10315
AGCAACTTGCAGCAAG-fresh_3T3_noPEG_100_4cycles,15354,8923
TCGGCTTACGCCCTGA-fresh_3T3_noPEG_100_4cycles,14681,8636
AGATGTAGAAACGTGG-fresh_3T3_noPEG_100_4cycles,16033,9215
ACCAAGTTGCCTGAGC-fresh_3T3_noPEG_100_4cycles,19760,10540
GGGTAGAACTGCTGTA-fresh_3T3_noPEG_100_4cycles,16896,9726
TGTTCTCCTGCGTATT-fresh_3T3_noPEG_100_4cycles,18662,10250
ATGCAACTGGCGCAAA-fresh_3T3_noPEG_100_4cycles,16550,9359
ATGCCCGGACAGCTGC-fresh_3T3_noPEG_100_4cycles,16678,9444
CTCTGCAACAACGCAG-fresh_3T3_noPEG_100_4cycles,17122,10055
GCATCCTTGGGACACA-fresh_3T3_noPEG_100_4cycles,16818,9562
CTGCTAGCTTACCTGA-fresh_3T3_noPEG_100_4cycles,16497,9410
TGCTTGCACGAATTGA-fresh_3T3_noPEG_100_4cycles,14945,9022
CTACCTCGAGGCCAAA-fresh_3T3_noPEG_100_4cycles,18557,10279
TGTGTTACTGACGCCT-fresh_3T3_noPEG_100_4cycles,14806,8568
CTGCTTTCTCGGCTCA-fresh_3T3_noPEG_100_4cycles,16761,9515
GGTGGAAACCGACATT-fresh_3T3_noPEG_100_4cycles,13501,8021
GCATAGTACGACGCCT-fresh_3T3_noPEG_100_4cycles,19036,10387
CGAATTTCTGGACACA-fresh_3T3_noPEG_100_4cycles,16199,9430
GCTTGTCACTGACTCA-fresh_3T3_noPEG_100_4cycles,16455,9412
CCTGAGGACCTGATCA-fresh_3T3_noPEG_100_4cycles,15608,9078
ACTTGCCTGTAGGTTC-fresh_3T3_noPEG_100_4cycles,16562,9547
TCAATCGGACGACATT-fresh_3T3_noPEG_100_4cycles,16883,9610
GGCAGTAGAAATGCTC-fresh_3T3_noPEG_100_4cycles,16981,9689
TATTGGTCTGCGCTGT-fresh_3T3_noPEG_100_4cycles,17978,10078
TCGTTGCTGGTTGTCA-fresh_3T3_noPEG_100_4cycles,17544,9812
TCGGGTTCTTAAGTAG-fresh_3T3_noPEG_100_4cycles,16499,9657
ATACAGGCTTATCTGG-fresh_3T3_noPEG_100_4cycles,19345,10755
GGGCTGACTGAACATA-fresh_3T3_noPEG_100_4cycles,17329,9753
CTACAACGAAGGTGAC-fresh_3T3_noPEG_100_4cycles,16528,9627
AGTTTCTTGTTGCGCG-fresh_3T3_noPEG_100_4cycles,19310,10486
TTACCATTGATTAAGG-fresh_3T3_noPEG_100_4cycles,14414,8305
ATGCTCCTGCTGCGGT-fresh_3T3_noPEG_100_4cycles,20486,11143
GTAGGTTTGGCTCAGC-fresh_3T3_noPEG_100_4cycles,18728,10249
TACTGTTTGAAAGCTA-fresh_3T3_noPEG_100_4cycles,14321,8554
ACAGCGGCTGCTTACA-fresh_3T3_noPEG_100_4cycles,17340,9768
CTCTGGACTCCCGCAA-fresh_3T3_noPEG_100_4cycles,15971,9160
AGGAGGTTGCAGACCC-fresh_3T3_noPEG_100_4cycles,15393,8995
GAGCGATGATGGCTTA-fresh_3T3_noPEG_100_4cycles,18127,10123
GATCATGTGGACTGTT-fresh_3T3_noPEG_100_4cycles,15543,9295
CCGAACTCTTTAGCTG-fresh_3T3_noPEG_100_4cycles,15584,8771
TGTAACGTGAACGCAG-fresh_3T3_noPEG_100_4cycles,19008,10733
AAAGGATACTGGGCAA-fresh_3T3_noPEG_100_4cycles,18083,10303
CACTATACTGAATCTC-fresh_3T3_noPEG_100_4cycles,17794,9849
ACGTGGCTGTAGCAGG-fresh_3T3_noPEG_100_4cycles,15498,9085
TACAACCGACGGAAGT-fresh_3T3_noPEG_100_4cycles,17023,9652
TTCGATGGACCAGGCT-fresh_3T3_noPEG_100_4cycles,16454,9415
CGCACTTACTATCTGG-fresh_3T3_noPEG_100_4cycles,16256,9259
CTATCTATGCAAGTTC-fresh_3T3_noPEG_100_4cycles,15929,9162
TATGCTTTGTTGACCA-fresh_3T3_noPEG_100_4cycles,17213,9804
TGCGCAGACAAAGGTT-fresh_3T3_noPEG_100_4cycles,17014,9581
GGTATTTCTAAAGTAC-fresh_3T3_noPEG_100_4cycles,14833,8578
TCTTTAGACGATCATC-fresh_3T3_noPEG_100_4cycles,15564,8964
CTTCTAAACTCTATCT-fresh_3T3_noPEG_100_4cycles,15754,9076
GCCAGTCGATTGTTTC-fresh_3T3_noPEG_100_4cycles,16883,9581
CAGTATTCTCCATGTA-fresh_3T3_noPEG_100_4cycles,15296,8918
TGTTACTTGGCTGGCT-fresh_3T3_noPEG_100_4cycles,15753,8971
CATTGGAACTGGCTTA-fresh_3T3_noPEG_100_4cycles,17928,10058
ATGATGGCTGAAGGCT-fresh_3T3_noPEG_100_4cycles,15611,9165
CTTATGTTGCCAACGC-fresh_3T3_noPEG_100_4cycles,15679,8989
GAGGTGCCTCGAGGAT-fresh_3T3_noPEG_100_4cycles,13165,7764
CCACTTGTGTGACTCA-fresh_3T3_noPEG_100_4cycles,18150,10034
CAAGGGAACAATCCTG-fresh_3T3_noPEG_100_4cycles,17777,10252
TACGATGACCTCATCC-fresh_3T3_noPEG_100_4cycles,17405,9651
GCCTATAGACGAATCT-fresh_3T3_noPEG_100_4cycles,16279,9374
AATAAGGACTCGCAGC-fresh_3T3_noPEG_100_4cycles,17777,9916
TTACGGATGTTGGCGC-fresh_3T3_noPEG_100_4cycles,15659,8708
TGAACTGTGTGCTTGA-fresh_3T3_noPEG_100_4cycles,19455,10767
CCTATCGACATCACAC-fresh_3T3_noPEG_100_4cycles,18146,10139
ATCTGCCTGGGTGCAA-fresh_3T3_noPEG_100_4cycles,17598,10102
CAATCGCCTCACAGTT-fresh_3T3_noPEG_100_4cycles,18631,10688
AGGGAGTTGCACTCAA-fresh_3T3_noPEG_100_4cycles,17192,9381
TTGTGCCTGCAGCTGC-fresh_3T3_noPEG_100_4cycles,16047,9330
TGGCATCCTGATTAAG-fresh_3T3_noPEG_100_4cycles,15877,9254
CTTAGATCTCGGTTTA-fresh_3T3_noPEG_100_4cycles,15878,9111
CCTCCTGCTTGGGCAA-fresh_3T3_noPEG_100_4cycles,17773,10138
GGACTTAACGAAACAT-fresh_3T3_noPEG_100_4cycles,15205,8871
CGATGATTGTGCTACA-fresh_3T3_noPEG_100_4cycles,15244,8724
TGGCGTTCTGAGTGAC-fresh_3T3_noPEG_100_4cycles,13571,8127
CTGCTGGGATTGGCGC-fresh_3T3_noPEG_100_4cycles,17632,9778
CAAGGGAACCGAATCT-fresh_3T3_noPEG_100_4cycles,16258,9329
TTGTTTGACAAAGTAC-fresh_3T3_noPEG_100_4cycles,14146,8251
ACAGTTGACGTGGTGA-fresh_3T3_noPEG_100_4cycles,16658,9625
TCTATGGGAGCCCTTT-fresh_3T3_noPEG_100_4cycles,15495,9021
CATTTGTACCGTACAT-fresh_3T3_noPEG_100_4cycles,15567,8906
GCGTTTAGACCACTTC-fresh_3T3_noPEG_100_4cycles,17147,9620
AAACGAAACTAATGCC-fresh_3T3_noPEG_100_4cycles,16542,9455
CCACGGATGCCTCCTA-fresh_3T3_noPEG_100_4cycles,16290,9354
ATCGGGCACCCTCAAA-fresh_3T3_noPEG_100_4cycles,17566,9956
TTACGTTACTCCGTAA-fresh_3T3_noPEG_100_4cycles,15885,9178
ATGGCTATGCGCAAAG-fresh_3T3_noPEG_100_4cycles,16542,9046
TAACGCATGCTCACTC-fresh_3T3_noPEG_100_4cycles,19414,10567
AGCGTATACGGCCTTG-fresh_3T3_noPEG_100_4cycles,16464,9342
ATTGTGTCTTGCTACA-fresh_3T3_noPEG_100_4cycles,16371,9386
AAGACCTACCGAGGAT-fresh_3T3_noPEG_100_4cycles,16035,9216
CTGGCCAGATAACTCG-fresh_3T3_noPEG_100_4cycles,17763,9908
TTTACCATGAATCTGC-fresh_3T3_noPEG_100_4cycles,14990,8816
GGTGGAAACCGGGTAA-fresh_3T3_noPEG_100_4cycles,16201,9171
TCTGGTCACCGACATT-fresh_3T3_noPEG_100_4cycles,15086,8836
CGCTTCCCTGACGCCT-fresh_3T3_noPEG_100_4cycles,15453,9026
CATCAGAACGGCCTGT-fresh_3T3_noPEG_100_4cycles,15327,8907
TTCCAAACTCCAGCAC-fresh_3T3_noPEG_100_4cycles,13043,7626
ATCGGGCACCTGTACA-fresh_3T3_noPEG_100_4cycles,16691,9382
CCACATCACCGAACGA-fresh_3T3_noPEG_100_4cycles,15828,8954
CCGCTATTGATGTCCA-fresh_3T3_noPEG_100_4cycles,16190,9185
CAACGCGTGGTCAATC-fresh_3T3_noPEG_100_4cycles,17013,9598
GGTGCGTTGTGCTCAA-fresh_3T3_noPEG_100_4cycles,17448,9872
AAACGCTACAAGTCTC-fresh_3T3_noPEG_100_4cycles,16432,9405
ACCTATGGAGGACCAA-fresh_3T3_noPEG_100_4cycles,14449,8399
CTTATGTTGTCTGGGC-fresh_3T3_noPEG_100_4cycles,14685,8469
CCGAGTCGATTGACCA-fresh_3T3_noPEG_100_4cycles,16248,9447
CTAGTGCCTGGTATGG-fresh_3T3_noPEG_100_4cycles,14122,8289
ACTGTGATGTGCTGTA-fresh_3T3_noPEG_100_4cycles,14675,8476
CTTGACGCTCGCCACA-fresh_3T3_noPEG_100_4cycles,16163,9329
GTCTGGCGATCCTACC-fresh_3T3_noPEG_100_4cycles,17554,9678
CTAAGTCGAAACGTTC-fresh_3T3_noPEG_100_4cycles,15579,8833
TGCTGAAACTGGTCCG-fresh_3T3_noPEG_100_4cycles,11772,7054
TCCGTTGTGAGGACAC-fresh_3T3_noPEG_100_4cycles,16169,9312
GAATCGGGACATGCTA-fresh_3T3_noPEG_100_4cycles,16545,9587
CGGAATTTGGCTTTGA-fresh_3T3_noPEG_100_4cycles,16417,9161
CGGATGAGAATCAGCT-fresh_3T3_noPEG_100_4cycles,15553,8966
GGTTGGAGATACGTTG-fresh_3T3_noPEG_100_4cycles,14941,8550
GGTACCTCTGATCATC-fresh_3T3_noPEG_100_4cycles,13747,8113
TCTGAGCCTCACCTAA-fresh_3T3_noPEG_100_4cycles,13940,8123
GAGAGTGACCGATGTT-fresh_3T3_noPEG_100_4cycles,15197,9008
GCCAATATGCTGGGTC-fresh_3T3_noPEG_100_4cycles,16448,9625
CTTGCGGGACCTAGGC-fresh_3T3_noPEG_100_4cycles,16278,9170
GCGTATATGGGGATTG-fresh_3T3_noPEG_100_4cycles,16440,9174
GGAAGCCCTAGCAATA-fresh_3T3_noPEG_100_4cycles,13838,8298
TAAGTGCACCTTGTGA-fresh_3T3_noPEG_100_4cycles,11902,7254
TTGCGTCACGCGAGTA-fresh_3T3_noPEG_100_4cycles,17634,9903
AAAGATCGATAATGCC-fresh_3T3_noPEG_100_4cycles,15266,8995
CTTGACGCTAGCTTGT-fresh_3T3_noPEG_100_4cycles,15492,8928
GCTGTTCTGACGTAAA-fresh_3T3_noPEG_100_4cycles,12694,7562
GTCACAATGAGTCTAC-fresh_3T3_noPEG_100_4cycles,14243,8193
ATAGATGGATGCGCCA-fresh_3T3_noPEG_100_4cycles,14958,8559
AATTCGGTGGCCCTAG-fresh_3T3_noPEG_100_4cycles,15085,8847
ATAACCGTGTTGGTTG-fresh_3T3_noPEG_100_4cycles,15153,8962
TCGGTGCGACTGGAAG-fresh_3T3_noPEG_100_4cycles,15045,8617
ATGTCCGCTGACATAA-fresh_3T3_noPEG_100_4cycles,14467,8542
ACTCTAGGAGATCCAT-fresh_3T3_noPEG_100_4cycles,12434,7423
GCGGCAACTTGCTTGA-fresh_3T3_noPEG_100_4cycles,14931,8655
GTTGAAGCTTAACGAA-fresh_3T3_noPEG_100_4cycles,12294,7155
AGTGTTCGACAAGTTC-fresh_3T3_noPEG_100_4cycles,12722,7606
GAATTCTCTGTCGGTC-fresh_3T3_noPEG_100_4cycles,17724,9762
AACCCTCACAACGTAA-fresh_3T3_noPEG_100_4cycles,15286,8978
TATCAGCGAACGTAAA-fresh_3T3_noPEG_100_4cycles,14809,8468
CCCAATGCTTCCGTAA-fresh_3T3_noPEG_100_4cycles,13586,7855
TTTCGGCTGCGGTTTA-fresh_3T3_noPEG_100_4cycles,14063,8110
ATGCCCGGATCAATGC-fresh_3T3_noPEG_100_4cycles,14545,8524
CATTGCGCTTAGCGAG-fresh_3T3_noPEG_100_4cycles,14017,8438
GCGTTCTACTGAACAA-fresh_3T3_noPEG_100_4cycles,12230,7308
CCCTGATTGCGGCTCA-fresh_3T3_noPEG_100_4cycles,15718,8922
CCACAGGTGGCCCTAG-fresh_3T3_noPEG_100_4cycles,16688,9366
CTGCTTTCTTGAGTAA-fresh_3T3_noPEG_100_4cycles,14947,8630
TGCAATGTGTAACCCA-fresh_3T3_noPEG_100_4cycles,12834,7701
TCTGGTCACCCAAACT-fresh_3T3_noPEG_100_4cycles,13878,8097
TCCCACATGTGACTCA-fresh_3T3_noPEG_100_4cycles,13485,8034
TGCGCATCTTCGCTAA-fresh_3T3_noPEG_100_4cycles,15777,9067
AGCTATGACATTCGGT-fresh_3T3_noPEG_100_4cycles,15570,8816
CCGATTCACTGGTCCG-fresh_3T3_noPEG_100_4cycles,15203,8711
AGTGTGACTTTGACCA-fresh_3T3_noPEG_100_4cycles,14724,8431
TCAGTCCTGCCAGCTG-fresh_3T3_noPEG_100_4cycles,15867,9036
GGTCGTTCTTAGGCGA-fresh_3T3_noPEG_100_4cycles,15220,8719
CGTCGTTTGTCGACAT-fresh_3T3_noPEG_100_4cycles,14489,8591
CCAGGACTGGGACAGT-fresh_3T3_noPEG_100_4cycles,12835,7521
ACGACGCTGAGACTTC-fresh_3T3_noPEG_100_4cycles,16592,9350
CAAAGGGACGAAGTTA-fresh_3T3_noPEG_100_4cycles,16003,9028
TCCGCGAGAAGGTAAT-fresh_3T3_noPEG_100_4cycles,14843,8732
TCAGTCCACGCTCTTC-fresh_3T3_noPEG_100_4cycles,12564,7472
ATGGGACGAACGTAAA-fresh_3T3_noPEG_100_4cycles,13896,8016
TACCGCTACAGGTGCA-fresh_3T3_noPEG_100_4cycles,13103,7813
GTAACTCGATTACGAC-fresh_3T3_noPEG_100_4cycles,13964,8043
AGGAAGCACTGCCACG-fresh_3T3_noPEG_100_4cycles,14486,8477
GCTCCTAACCGAAAGC-fresh_3T3_noPEG_100_4cycles,15005,8813
TGGGTTTGACCACATA-fresh_3T3_noPEG_100_4cycles,15144,8661
ATGTCCGCTCCATAAC-fresh_3T3_noPEG_100_4cycles,13597,7940
ATGTTTCACCATAGCT-fresh_3T3_noPEG_100_4cycles,14320,8334
GTAGGCGCTGGGATTG-fresh_3T3_noPEG_100_4cycles,17907,9738
ACTGTCCACCGTTAGT-fresh_3T3_noPEG_100_4cycles,16088,9022
AAGGGCATGAGTAGGC-fresh_3T3_noPEG_100_4cycles,15569,8803
TGTCGCTTGCATCCTC-fresh_3T3_noPEG_100_4cycles,14607,8353
AGTGTGACTGACAAAT-fresh_3T3_noPEG_100_4cycles,12822,7472
GGCACACACGTCCCAG-fresh_3T3_noPEG_100_4cycles,12052,7209
TTCCCGAACCAATAGA-fresh_3T3_noPEG_100_4cycles,14417,8409
GCACGGACTCATCCTC-fresh_3T3_noPEG_100_4cycles,13404,7734
CTGCGAGTGGAACAGC-fresh_3T3_noPEG_100_4cycles,14408,8263
CTGCGAGTGTGGCTTA-fresh_3T3_noPEG_100_4cycles,15670,8976
GGACTTAACGTTAGAA-fresh_3T3_noPEG_100_4cycles,15881,9274
AGGGAGTTGTCGCAGC-fresh_3T3_noPEG_100_4cycles,13193,7829
CGTACAAACTTGGTTG-fresh_3T3_noPEG_100_4cycles,15782,9006
CTGTTGCACGTTGACT-fresh_3T3_noPEG_100_4cycles,15189,8614
CATTAGTCTTAAAGCA-fresh_3T3_noPEG_100_4cycles,15521,8909
AGAACATGAAGCCATT-fresh_3T3_noPEG_100_4cycles,13055,7550
GTCGCATCTGTCAATC-fresh_3T3_noPEG_100_4cycles,15336,8839
AGCCGGTACGAAGGTC-fresh_3T3_noPEG_100_4cycles,14567,8358
AGCTTGCCTTTGGGAG-fresh_3T3_noPEG_100_4cycles,14801,8595
GCTTTCCGAGATTAAG-fresh_3T3_noPEG_100_4cycles,17977,10138
CGTTACCTGCGAACGA-fresh_3T3_noPEG_100_4cycles,15187,8704
ACGAGGATGCATTCAG-fresh_3T3_noPEG_100_4cycles,14421,8397
AGGTGTGGATCATGTG-fresh_3T3_noPEG_100_4cycles,13174,7859
CGTTATGGAAACTAGA-fresh_3T3_noPEG_100_4cycles,14076,8267
CTGGCCAGATGCGTGC-fresh_3T3_noPEG_100_4cycles,14821,8312
TGAGCTAACGTCTTGA-fresh_3T3_noPEG_100_4cycles,16655,9229
AGCGCAAGACCGTTAA-fresh_3T3_noPEG_100_4cycles,15913,9107
ACTCGCTACTCTGTAG-fresh_3T3_noPEG_100_4cycles,13097,7624
AAACTCCGAGCTCAGC-fresh_3T3_noPEG_100_4cycles,16837,9549
GAACGCGCTCATACTG-fresh_3T3_noPEG_100_4cycles,12235,7217
AGGAGGTTGAATCCGT-fresh_3T3_noPEG_100_4cycles,14043,8170
CAGTCGTCTTTGTACG-fresh_3T3_noPEG_100_4cycles,16065,8946
CAAGGGTGAAGTCTGT-fresh_3T3_noPEG_100_4cycles,14583,8508
CCATCCATGTAGCTTG-fresh_3T3_noPEG_100_4cycles,14943,8700
CCCTCCTTGTTACGCA-fresh_3T3_noPEG_100_4cycles,16274,9134
ACCCGAGACTCGTAGT-fresh_3T3_noPEG_100_4cycles,14336,8254
GGTTGGAGAGCTAATC-fresh_3T3_noPEG_100_4cycles,16648,9529
CTACATTACGAATCTC-fresh_3T3_noPEG_100_4cycles,14802,8553
AGCTATCGATTTGTCT-fresh_3T3_noPEG_100_4cycles,17044,9609
TTGGCGCGAGTCTTGA-fresh_3T3_noPEG_100_4cycles,16641,9194
CCATGATGAAAGGTGC-fresh_3T3_noPEG_100_4cycles,13601,7906
CGGTCTACTGGCCATC-fresh_3T3_noPEG_100_4cycles,13386,7818
TGATAGAGATAAGTAG-fresh_3T3_noPEG_100_4cycles,14461,8493
ACGGAACGAGGTGTCC-fresh_3T3_noPEG_100_4cycles,13101,7731
ATGCAACTGATCGGTT-fresh_3T3_noPEG_100_4cycles,14953,8641
ACTTATCACCAGTCTA-fresh_3T3_noPEG_100_4cycles,15445,8818
CTACATTACGAATTGA-fresh_3T3_noPEG_100_4cycles,12684,7494
AATGGCTACTGGTCCG-fresh_3T3_noPEG_100_4cycles,13490,8023
GGCACAAGATCTGGGC-fresh_3T3_noPEG_100_4cycles,14121,8141
CGAAATAGAGTACGTT-fresh_3T3_noPEG_100_4cycles,13036,7658
TTGGCTCTGGCGCACT-fresh_3T3_noPEG_100_4cycles,15063,8684
GCTATGATGGAACATA-fresh_3T3_noPEG_100_4cycles,13310,7860
TTCGTCCGAACTCGAT-fresh_3T3_noPEG_100_4cycles,13209,7810
AGTGACACTGGAGTCA-fresh_3T3_noPEG_100_4cycles,14796,8612
TAATTGCCTGCCCTAG-fresh_3T3_noPEG_100_4cycles,13058,7836
TAAGGCTTGTCCAGCG-fresh_3T3_noPEG_100_4cycles,15442,8856
CCTAAGAACTTTCTGT-fresh_3T3_noPEG_100_4cycles,13496,7939
CATTCTATGGAACAGC-fresh_3T3_noPEG_100_4cycles,13976,8168
AGGACGCCTGAAGTTA-fresh_3T3_noPEG_100_4cycles,13829,8225
ACACTCCACTCCTACC-fresh_3T3_noPEG_100_4cycles,14210,8188
CACCGTTACTTGCGCG-fresh_3T3_noPEG_100_4cycles,12697,7425
GGACACCTGGTCCCGA-fresh_3T3_noPEG_100_4cycles,14744,8477
ATGCCCGGATTGTACG-fresh_3T3_noPEG_100_4cycles,13037,7889
GGCTTAAACCGAACGA-fresh_3T3_noPEG_100_4cycles,15732,8824
TGTACCAGAGAATCTC-fresh_3T3_noPEG_100_4cycles,12242,7123
ACAGACTTGCGGTTTA-fresh_3T3_noPEG_100_4cycles,14812,8546
ATTCCTAACGCACGCT-fresh_3T3_noPEG_100_4cycles,14697,8618
CATCAGTGAGGTGCAA-fresh_3T3_noPEG_100_4cycles,12408,7562
CCCGGAAACTTACGCA-fresh_3T3_noPEG_100_4cycles,13241,7627
GCTGTTCTGAGCTTGT-fresh_3T3_noPEG_100_4cycles,15476,8741
TACGATGACTCGCTAA-fresh_3T3_noPEG_100_4cycles,13550,7819
GTTACAGTGATGGCCC-fresh_3T3_noPEG_100_4cycles,14223,8265
TAGAGCGGACTTGAAC-fresh_3T3_noPEG_100_4cycles,13200,7685
AGCGCCTGACCTCAAA-fresh_3T3_noPEG_100_4cycles,13154,7765
CATTCAACTGTTAGTC-fresh_3T3_noPEG_100_4cycles,14438,8398
CGTTATGGAGACAAAT-fresh_3T3_noPEG_100_4cycles,15540,8987
CATTACTTGCCGTTAA-fresh_3T3_noPEG_100_4cycles,14080,8048
AGCGCCTGAGCTACGC-fresh_3T3_noPEG_100_4cycles,13712,7892
TGAGCCCGAATAGGTA-fresh_3T3_noPEG_100_4cycles,13606,8013
ACCCGAGACGGTTGAG-fresh_3T3_noPEG_100_4cycles,13695,7956
AGAGCAGTGGGGTAGT-fresh_3T3_noPEG_100_4cycles,13699,7922
CGCACTTACGTTAGGG-fresh_3T3_noPEG_100_4cycles,14276,8372
TCGCCGAGAAGCCATT-fresh_3T3_noPEG_100_4cycles,14028,8115
ACTTCATACTGCACCG-fresh_3T3_noPEG_100_4cycles,11986,7152
CTCTATATGTAACTCG-fresh_3T3_noPEG_100_4cycles,15037,8735
CCTATCGACCAGACCC-fresh_3T3_noPEG_100_4cycles,15358,8713
CGGTTGGACCAGGTGA-fresh_3T3_noPEG_100_4cycles,14454,8260
TCGACCTTGAGTCGGA-fresh_3T3_noPEG_100_4cycles,15940,9162
CGTAGCTCTGGTGCAA-fresh_3T3_noPEG_100_4cycles,12831,7438
TTTAGGGACTAAAGCA-fresh_3T3_noPEG_100_4cycles,12114,7129
AAATAGCGATCAGGTT-fresh_3T3_noPEG_100_4cycles,12958,7649
ACCTGCTACACCAGTT-fresh_3T3_noPEG_100_4cycles,13426,7868
CAGTGATTGATCCTTT-fresh_3T3_noPEG_100_4cycles,15421,8646
AAATAGGTGTTAGCTG-fresh_3T3_noPEG_100_4cycles,13806,8021
TAACCAGACGCCCTGA-fresh_3T3_noPEG_100_4cycles,15166,8622
TGTGGCTCTTAGGCGA-fresh_3T3_noPEG_100_4cycles,13755,7951
CGCTTCCCTGTTCTCC-fresh_3T3_noPEG_100_4cycles,14925,8588
TCTCTCGGACCAACGC-fresh_3T3_noPEG_100_4cycles,13114,7722
TTGGCTCTGTCTGTGA-fresh_3T3_noPEG_100_4cycles,13793,7893
CTACAACGACATCTTT-fresh_3T3_noPEG_100_4cycles,13544,7808
CACACCACTGGACAGT-fresh_3T3_noPEG_100_4cycles,11190,6898
GAAGCGCCTGGCCAAA-fresh_3T3_noPEG_100_4cycles,15053,8598
GGCGTACACCTAACGT-fresh_3T3_noPEG_100_4cycles,12942,7600
GAAGTAATGCGGCACT-fresh_3T3_noPEG_100_4cycles,12544,7286
TCCGAGTCTCACTCAA-fresh_3T3_noPEG_100_4cycles,13532,7942
CGTGAATACAATCTGC-fresh_3T3_noPEG_100_4cycles,14901,8541
CGATAAAGATGTGCTA-fresh_3T3_noPEG_100_4cycles,12964,7422
TCTGAACGACTCATCC-fresh_3T3_noPEG_100_4cycles,13058,7747
GGCGCAACTGAATTGA-fresh_3T3_noPEG_100_4cycles,14372,8224
ATCATCTACAATCCGT-fresh_3T3_noPEG_100_4cycles,13101,7861
TAGAACCACGAACCTT-fresh_3T3_noPEG_100_4cycles,12833,7646
TAGTGAAGAGCTGTTA-fresh_3T3_noPEG_100_4cycles,14082,8130
TGGCCTTTGTTGGGAG-fresh_3T3_noPEG_100_4cycles,12331,7397
CTTTAGGGAGAATAGT-fresh_3T3_noPEG_100_4cycles,16245,9065
GTCACAATGAGCCTAT-fresh_3T3_noPEG_100_4cycles,12791,7470
TTCGACCACCGCCACA-fresh_3T3_noPEG_100_4cycles,15766,8639
AACAGCTACACGTGCC-fresh_3T3_noPEG_100_4cycles,13551,8182
GCAGATACTATAGCAA-fresh_3T3_noPEG_100_4cycles,14566,8351
TGCCTACTGCCGATTA-fresh_3T3_noPEG_100_4cycles,12579,7335
CAACACCCTTAATGCC-fresh_3T3_noPEG_100_4cycles,11696,6897
AAGGCTTACCCTAGTA-fresh_3T3_noPEG_100_4cycles,11792,7040
GTGCTAATGAGGTCCC-fresh_3T3_noPEG_100_4cycles,13397,7830
CAGGCGACTGCCGTTG-fresh_3T3_noPEG_100_4cycles,14118,8056
CGTGCCAGATGCAAGG-fresh_3T3_noPEG_100_4cycles,11487,6889
AAGGTGCGAAAAGCTA-fresh_3T3_noPEG_100_4cycles,13417,7814
AGGGTTTACCCGGACT-fresh_3T3_noPEG_100_4cycles,12482,7340
TTGCATTACATCCTTT-fresh_3T3_noPEG_100_4cycles,11655,6936
GGCTGACTGTGCTTGA-fresh_3T3_noPEG_100_4cycles,11757,7035
AGAATGTGAGATTAAG-fresh_3T3_noPEG_100_4cycles,12808,7639
TCAACAGACGCTAGAG-fresh_3T3_noPEG_100_4cycles,11791,7067
GCCATAATGTGCCACG-fresh_3T3_noPEG_100_4cycles,14802,8532
CCGACTACTCCTAGTA-fresh_3T3_noPEG_100_4cycles,13632,7991
GAAGCGCCTCTTGTGA-fresh_3T3_noPEG_100_4cycles,13170,7599
AGGCCAAGAAACCAAA-fresh_3T3_noPEG_100_4cycles,12687,7459
GTGGTTTGACGAACAG-fresh_3T3_noPEG_100_4cycles,13061,7763
GGGTAGAACCCGTGAC-fresh_3T3_noPEG_100_4cycles,11778,6959
TTCCCTGGAAACCCGC-fresh_3T3_noPEG_100_4cycles,13283,7746
TTACGTTACCGCAAAG-fresh_3T3_noPEG_100_4cycles,11509,6898
CTCCAACTGAACGTAA-fresh_3T3_noPEG_100_4cycles,13070,7633
CGTCAACCTTGGGCAA-fresh_3T3_noPEG_100_4cycles,12445,7305
GCATCACCTCGATGGA-fresh_3T3_noPEG_100_4cycles,13574,7825
CCGGGTATGAGACAAT-fresh_3T3_noPEG_100_4cycles,12851,7412
AGGAATTGAGCCGCTA-fresh_3T3_noPEG_100_4cycles,14232,8162
TAATGAGGATCTGCAA-fresh_3T3_noPEG_100_4cycles,12133,7310
AGTGGTACTTCAATGC-fresh_3T3_noPEG_100_4cycles,15138,8481
GAAATCCACTGTCACA-fresh_3T3_noPEG_100_4cycles,11790,7044
TAGTTGCGAACAGGCA-fresh_3T3_noPEG_100_4cycles,14360,8256
GCTAGATACCGTTAGT-fresh_3T3_noPEG_100_4cycles,14601,8389
CGATATGTGTAATGCC-fresh_3T3_noPEG_100_4cycles,12309,7262
CATTGGCCTACACCTA-fresh_3T3_noPEG_100_4cycles,12387,7236
ATACCACGATAGACAA-fresh_3T3_noPEG_100_4cycles,11961,7051
CGCATCGGAGATGGAC-fresh_3T3_noPEG_100_4cycles,13177,7642
CTGCTGGGAGACGCCT-fresh_3T3_noPEG_100_4cycles,13424,7878
CCCTCCTTGACGCCAC-fresh_3T3_noPEG_100_4cycles,14892,8508
ATACCTGGAAATACAG-fresh_3T3_noPEG_100_4cycles,13064,7900
ACGCTCTTGATAACCC-fresh_3T3_noPEG_100_4cycles,12857,7453
ACCTCCATGAGGTGCA-fresh_3T3_noPEG_100_4cycles,13014,7652
TTTGGGAACCGTTAGT-fresh_3T3_noPEG_100_4cycles,13144,7514
GGGATCAGAGGTTTGT-fresh_3T3_noPEG_100_4cycles,14384,8414
AATTCTGCTCAAGGTG-fresh_3T3_noPEG_100_4cycles,13200,7765
GTTACAGTGTCATTTC-fresh_3T3_noPEG_100_4cycles,12684,7534
TCCTACCGACTAACGT-fresh_3T3_noPEG_100_4cycles,11791,7050
ATCATCTACCCAACGC-fresh_3T3_noPEG_100_4cycles,12542,7290
AACGTAGCTACAGGTG-fresh_3T3_noPEG_100_4cycles,11976,6978
GAAAGTAACGCGCAAA-fresh_3T3_noPEG_100_4cycles,13566,7920
TGCCTACTGTCGGGCT-fresh_3T3_noPEG_100_4cycles,14366,8123
TCGCCTATGTTCTGGA-fresh_3T3_noPEG_100_4cycles,12401,7027
TACCTGCTGTCGCAGC-fresh_3T3_noPEG_100_4cycles,12885,7517
AGGCGATGATGGGCCT-fresh_3T3_noPEG_100_4cycles,11459,6839
ACCCTTTCTGAGTGAC-fresh_3T3_noPEG_100_4cycles,13032,7888
TTTGGGAACGGTGTCC-fresh_3T3_noPEG_100_4cycles,12554,7362
GCTGGACACCGATTAC-fresh_3T3_noPEG_100_4cycles,11684,6849
GTTAAGAGACGTAACT-fresh_3T3_noPEG_100_4cycles,12546,7440
ACTACCCACTGGCTGC-fresh_3T3_noPEG_100_4cycles,12111,7364
TCCGTTGTGGTCGGTC-fresh_3T3_noPEG_100_4cycles,11556,6711
TGCGCAGACACAACAA-fresh_3T3_noPEG_100_4cycles,11340,6848
ATAACCGTGCCGATTA-fresh_3T3_noPEG_100_4cycles,12515,7430
TGGTTAGACAGGGAGG-fresh_3T3_noPEG_100_4cycles,13765,8067
CTGCCATTGCTAACGT-fresh_3T3_noPEG_100_4cycles,15107,8683
CCCGAGTGATCATGTG-fresh_3T3_noPEG_100_4cycles,14382,8238
TTTAGGGACTAGGTTC-fresh_3T3_noPEG_100_4cycles,12562,7259
TGGCGTTCTCTCTGGG-fresh_3T3_noPEG_100_4cycles,12047,7125
CCAGTTGCTTCGGGCT-fresh_3T3_noPEG_100_4cycles,12233,7120
TTCGACCACCTCATTT-fresh_3T3_noPEG_100_4cycles,12860,7526
AAGTGACCTCGGGTAA-fresh_3T3_noPEG_100_4cycles,11317,6694
TGTCAATCTCGAGTTT-fresh_3T3_noPEG_100_4cycles,11857,7102
AGGAAGAGAAATCGCT-fresh_3T3_noPEG_100_4cycles,10861,6565
CCCATGTACGGTTTGT-fresh_3T3_noPEG_100_4cycles,12837,7429
AGTACGACTTTGTTTC-fresh_3T3_noPEG_100_4cycles,12644,7573
CTGCTAGCTCGGTTTA-fresh_3T3_noPEG_100_4cycles,11946,7222
TGTCGAAACTCGAGAG-fresh_3T3_noPEG_100_4cycles,12034,7108
AAACGCTACCCGGCTA-fresh_3T3_noPEG_100_4cycles,13179,7566
AACTCGATGCTTCAAG-fresh_3T3_noPEG_100_4cycles,11167,6638
TCTTTAGACTTGACCA-fresh_3T3_noPEG_100_4cycles,12071,7115
CAAGGGAACCGAAGCA-fresh_3T3_noPEG_100_4cycles,14834,8384
TGATATCCTCGACACC-fresh_3T3_noPEG_100_4cycles,12291,7279
CCCATTTCTAGTCTAC-fresh_3T3_noPEG_100_4cycles,14079,7946
CAGGGCTTGGCGGTTC-fresh_3T3_noPEG_100_4cycles,16215,9028
AGGACGCCTCCAGCAC-fresh_3T3_noPEG_100_4cycles,13492,7755
GATCGCGTGCGACAAG-fresh_3T3_noPEG_100_4cycles,11020,6806
TGCTGCTACAAGGCTG-fresh_3T3_noPEG_100_4cycles,11628,6848
CTAACTGGAAAATCGA-fresh_3T3_noPEG_100_4cycles,12469,7382
TACCGCTACAACGAAT-fresh_3T3_noPEG_100_4cycles,13175,7733
GTATTCACTTCCTACC-fresh_3T3_noPEG_100_4cycles,12001,7116
GGCGTAGCTGATTAAG-fresh_3T3_noPEG_100_4cycles,13896,7567
GTGGTTAACAGACAAT-fresh_3T3_noPEG_100_4cycles,11374,6793
CGGCTAGTGGGAATTA-fresh_3T3_noPEG_100_4cycles,10992,6523
GGGCTGACTTAACGAA-fresh_3T3_noPEG_100_4cycles,11898,6923
ACTCTAGGACCTAGTA-fresh_3T3_noPEG_100_4cycles,13442,8091
TCGCCTATGAACCAAA-fresh_3T3_noPEG_100_4cycles,11238,6581
ACCTCAGCTTTAGAAG-fresh_3T3_noPEG_100_4cycles,12313,7167
GAATCGGGACCAAACT-fresh_3T3_noPEG_100_4cycles,12503,7486
TAACGAGCTGGCCTGT-fresh_3T3_noPEG_100_4cycles,10819,6418
TTAGCCAGACCTAGCG-fresh_3T3_noPEG_100_4cycles,9975,6183
AGGGCAAACTCGCTAA-fresh_3T3_noPEG_100_4cycles,12231,7181
TCTATGGGAACGTGCC-fresh_3T3_noPEG_100_4cycles,11973,7096
GTCTACCACCGCAACC-fresh_3T3_noPEG_100_4cycles,13415,7751
CCTCACAACTCCCAGG-fresh_3T3_noPEG_100_4cycles,11379,6611
GAATCAGCTTTGTACG-fresh_3T3_noPEG_100_4cycles,12195,7198
TCTCAGAGATCTATCT-fresh_3T3_noPEG_100_4cycles,12162,7061
CTAATCTACTATGACC-fresh_3T3_noPEG_100_4cycles,12107,7107
CCCAGGATGCCAAGTT-fresh_3T3_noPEG_100_4cycles,12309,7195
CATCGCGGAAATACAG-fresh_3T3_noPEG_100_4cycles,13064,7509
CTCCTAGTGAACTAGA-fresh_3T3_noPEG_100_4cycles,12183,7242
GCCATAATGGAATAAC-fresh_3T3_noPEG_100_4cycles,12871,7491
TGTCCGTTGTACACTG-fresh_3T3_noPEG_100_4cycles,10078,6068
CTTACATTGATGGCCC-fresh_3T3_noPEG_100_4cycles,11739,6912
TACCGCTTGTGGCTGC-fresh_3T3_noPEG_100_4cycles,13622,7680
GCACAATACAGCAGGT-fresh_3T3_noPEG_100_4cycles,12076,7275
GCTGAATTGAGAGGCT-fresh_3T3_noPEG_100_4cycles,12773,7415
GTGTGATACTAACCCA-fresh_3T3_noPEG_100_4cycles,12500,7257
CAAGGGAACTTTGTCT-fresh_3T3_noPEG_100_4cycles,12143,7099
TGTGCAATGAAGTTCC-fresh_3T3_noPEG_100_4cycles,11632,6822
TCGACTCTGCGCAAAG-fresh_3T3_noPEG_100_4cycles,10492,6239
AGGTATAGAAAGACAT-fresh_3T3_noPEG_100_4cycles,12077,6969
GGCTCAGACTTCAGTG-fresh_3T3_noPEG_100_4cycles,10849,6622
CCGCTAACTGCGTATT-fresh_3T3_noPEG_100_4cycles,12439,7274
AGCAGAGACGAACGTG-fresh_3T3_noPEG_100_4cycles,10771,6429
CAGATGACTATCGGTT-fresh_3T3_noPEG_100_4cycles,12429,7446
CCAACTCACTTACGAC-fresh_3T3_noPEG_100_4cycles,12758,7499
GTGTAACTGTTTGGGT-fresh_3T3_noPEG_100_4cycles,12158,7023
TAGCTGATGCATGCAT-fresh_3T3_noPEG_100_4cycles,10166,6218
GGGTTGCTGAATCCAC-fresh_3T3_noPEG_100_4cycles,12229,7194
TGGGCGTACAACGCAG-fresh_3T3_noPEG_100_4cycles,12163,7093
AAATAGGTGATCACAC-fresh_3T3_noPEG_100_4cycles,12650,7462
CGGAATTTGAGGTGAC-fresh_3T3_noPEG_100_4cycles,10263,6111
TCCCACATGAGGACAC-fresh_3T3_noPEG_100_4cycles,12373,7200
GCGTGCTGAACACCTA-fresh_3T3_noPEG_100_4cycles,13471,7812
CTAACTGGATTGACAC-fresh_3T3_noPEG_100_4cycles,11788,6861
TATGGGTACGTTGGTT-fresh_3T3_noPEG_100_4cycles,11478,6705
CAAAGCTTGCTCTGGG-fresh_3T3_noPEG_100_4cycles,11328,6751
TTCCGGACTTGGTGAG-fresh_3T3_noPEG_100_4cycles,11891,6861
TCTACTAACCCAAGTT-fresh_3T3_noPEG_100_4cycles,13111,7706
TCAATCGGATCATTTC-fresh_3T3_noPEG_100_4cycles,13741,7810
GCGCAGTTGGTACTAC-fresh_3T3_noPEG_100_4cycles,10801,6390
TCTGAACGATGCACCG-fresh_3T3_noPEG_100_4cycles,9792,5887
TTCCCAGACTTGCGCG-fresh_3T3_noPEG_100_4cycles,10791,6464
AATCTCTTGCCTCCTA-fresh_3T3_noPEG_100_4cycles,11693,6947
TGAGACTTGTAAGCAA-fresh_3T3_noPEG_100_4cycles,8927,5518
AACGAGGTGAAGTCTC-fresh_3T3_noPEG_100_4cycles,10134,6175
TAACAGAGACCTGTGG-fresh_3T3_noPEG_100_4cycles,10628,6407
AATCAGCTGTGGGCCT-fresh_3T3_noPEG_100_4cycles,10682,6445
TGGATCCCTTTACGAC-fresh_3T3_noPEG_100_4cycles,10675,6260
TGGCCTGGACATGCTA-fresh_3T3_noPEG_100_4cycles,12742,7433
CAATCGCCTTCTATCT-fresh_3T3_noPEG_100_4cycles,11944,7018
TCTTTAGACGAGTGAC-fresh_3T3_noPEG_100_4cycles,12300,7215
TCCAAAGTGCTTCAAG-fresh_3T3_noPEG_100_4cycles,13324,7787
CATAGTCGACGGGTAA-fresh_3T3_noPEG_100_4cycles,12000,7192
ACCGGAGCTTCCCGTT-fresh_3T3_noPEG_100_4cycles,11348,6787
GGGCAATGAGTTGACT-fresh_3T3_noPEG_100_4cycles,12369,7229
ACTACGCCTAAGGTGC-fresh_3T3_noPEG_100_4cycles,9939,6033
AGAGGGACTTGAGCAG-fresh_3T3_noPEG_100_4cycles,12642,7290
CCCACAGGATCGTACA-fresh_3T3_noPEG_100_4cycles,12819,7294
GTACTCAGAACTCGAT-fresh_3T3_noPEG_100_4cycles,12054,6939
TTCAGTTACGAAATCA-fresh_3T3_noPEG_100_4cycles,11612,6935
CCACAACCTGGAATAT-fresh_3T3_noPEG_100_4cycles,12526,7134
GATGAATGACCTAGCG-fresh_3T3_noPEG_100_4cycles,12248,7450
ATCGCAATGTACGTTG-fresh_3T3_noPEG_100_4cycles,12470,7169
GGTTCATGAGACATAA-fresh_3T3_noPEG_100_4cycles,12026,7053
CTTGCTGACCTATCTT-fresh_3T3_noPEG_100_4cycles,12035,6879
AGAGAATACGCGGTAA-fresh_3T3_noPEG_100_4cycles,10232,6210
GTTTCATTGTGCATGT-fresh_3T3_noPEG_100_4cycles,10399,6280
ATTCCAGGAACAGATA-fresh_3T3_noPEG_100_4cycles,10798,6477
CGTAGCGACGTTAGTC-fresh_3T3_noPEG_100_4cycles,13049,7633
ATACCACGAGGAGTCA-fresh_3T3_noPEG_100_4cycles,10951,6553
TGCATGCCTAAGGCTG-fresh_3T3_noPEG_100_4cycles,9510,5818
TGGAAGTCTTAAGCAA-fresh_3T3_noPEG_100_4cycles,11426,6630
GATTACGACGTCCCAG-fresh_3T3_noPEG_100_4cycles,11086,6759
ACTGTCCACTGAGGCA-fresh_3T3_noPEG_100_4cycles,10152,6041
AGGACGCCTTCCAATG-fresh_3T3_noPEG_100_4cycles,11739,6994
GTAGGTTTGCGAAGCA-fresh_3T3_noPEG_100_4cycles,10191,6109
GTCCTACACGTACGTT-fresh_3T3_noPEG_100_4cycles,11349,6660
CAAGGGTGAAAATGCA-fresh_3T3_noPEG_100_4cycles,10985,6627
CAGTGTAACCCTCAAA-fresh_3T3_noPEG_100_4cycles,11379,6777
ACTTATCTGCCGGCTA-fresh_3T3_noPEG_100_4cycles,12289,7203
TCAAAGCACTTCGTTT-fresh_3T3_noPEG_100_4cycles,9994,6076
ATTCAGGTGTCTGGAT-fresh_3T3_noPEG_100_4cycles,12013,7135
GAAGCCCTGATGTGGG-fresh_3T3_noPEG_100_4cycles,10234,6232
ACCCTTTCTGGAGTCA-fresh_3T3_noPEG_100_4cycles,11458,6997
TGCTAAGACCATGCGC-fresh_3T3_noPEG_100_4cycles,10008,5808
GTTAGTTCTTGGAACG-fresh_3T3_noPEG_100_4cycles,10079,6145
CAGATTTCTGGGTAGT-fresh_3T3_noPEG_100_4cycles,11518,6866
TGTTTGTTGTGTTCCC-fresh_3T3_noPEG_100_4cycles,11234,6762
CCTCACAACCATACTG-fresh_3T3_noPEG_100_4cycles,11286,6572
AGCCAATTGCTGTACA-fresh_3T3_noPEG_100_4cycles,12624,7314
AACCCTCACATTGCCA-fresh_3T3_noPEG_100_4cycles,9517,5745
CACACCACTAGCTGAG-fresh_3T3_noPEG_100_4cycles,13646,7759
CATGTTACTATACGCT-fresh_3T3_noPEG_100_4cycles,10237,6160
AGACTACTGAGGACAC-fresh_3T3_noPEG_100_4cycles,9260,5708
GAAGCTTTGCCTAACA-fresh_3T3_noPEG_100_4cycles,9965,6105
GAAGTTCTGGAACCTT-fresh_3T3_noPEG_100_4cycles,9169,5638
TCCGTGGGAAATCCGT-fresh_3T3_noPEG_100_4cycles,11963,7192
CAGATACTGAAGGTGC-fresh_3T3_noPEG_100_4cycles,10269,6298
CAGGACCTGAGCTTGT-fresh_3T3_noPEG_100_4cycles,12436,7303
TCGACACCTATCTGTG-fresh_3T3_noPEG_100_4cycles,10276,6109
CGTAGTAACGAACATA-fresh_3T3_noPEG_100_4cycles,11456,6621
TCGAAGTACGGACCTC-fresh_3T3_noPEG_100_4cycles,10882,6475
GGGTCGTACCTTCAAG-fresh_3T3_noPEG_100_4cycles,11502,6673
ACAGTCATGCGGAATG-fresh_3T3_noPEG_100_4cycles,13502,7772
AATCAGCTGAACGTTC-fresh_3T3_noPEG_100_4cycles,10957,6576
GAGAGAAGATCGCTAA-fresh_3T3_noPEG_100_4cycles,11664,6880
GCTATTGGACTATCTT-fresh_3T3_noPEG_100_4cycles,10991,6556
TTCTAGTTGTGCGCCA-fresh_3T3_noPEG_100_4cycles,11211,6656
CTCTATATGTTATGGC-fresh_3T3_noPEG_100_4cycles,11537,6891
CCATAAGTGAGTGGTG-fresh_3T3_noPEG_100_4cycles,10757,6432
CATTGGCCTGCTGAGA-fresh_3T3_noPEG_100_4cycles,11242,6774
GCAAACTACGCGGTAA-fresh_3T3_noPEG_100_4cycles,9983,5985
TAGGCCTCTGCCAGCT-fresh_3T3_noPEG_100_4cycles,13600,7610
GTTAGTTCTAGCAATA-fresh_3T3_noPEG_100_4cycles,10576,6326
AGCCCAGACCCTCCTA-fresh_3T3_noPEG_100_4cycles,10355,6105
TACCGCTTGTAAGTAG-fresh_3T3_noPEG_100_4cycles,11897,6868
GAGGTGCCTGTTAGTC-fresh_3T3_noPEG_100_4cycles,11977,7241
TGAGATAGAAGGGCTA-fresh_3T3_noPEG_100_4cycles,11184,6584
TGTAACGTGATGTCCA-fresh_3T3_noPEG_100_4cycles,11606,6872
AAAGCCTTGCTTAGTG-fresh_3T3_noPEG_100_4cycles,10900,6646
CTTACATTGTGAGTAA-fresh_3T3_noPEG_100_4cycles,10462,6215
TGGGTTTGAAGGACAC-fresh_3T3_noPEG_100_4cycles,12529,7285
ATGTACGTGAGTCTGT-fresh_3T3_noPEG_100_4cycles,10266,6219
TTAAGGAGAAACCCGC-fresh_3T3_noPEG_100_4cycles,11530,6884
CCTTCAGTGCTTCAAG-fresh_3T3_noPEG_100_4cycles,12112,7065
GCTATACGACTAACGT-fresh_3T3_noPEG_100_4cycles,10619,6336
TCGTTGCTGGACCGAA-fresh_3T3_noPEG_100_4cycles,11123,6641
CAAGGGATGCGGAAGT-fresh_3T3_noPEG_100_4cycles,9914,6035
ACGTGTTGAAAACATG-fresh_3T3_noPEG_100_4cycles,11353,6703
TCATCATTGATCATCG-fresh_3T3_noPEG_100_4cycles,10478,6108
CAGCTCACTCCAGGCT-fresh_3T3_noPEG_100_4cycles,10864,6420
ACTGATTCTACTAGTC-fresh_3T3_noPEG_100_4cycles,8529,5242
TCTTATGACACACCTA-fresh_3T3_noPEG_100_4cycles,10809,6371
GTACTGAACATTCTGG-fresh_3T3_noPEG_100_4cycles,10859,6643
TCGGACTCTCATGCAT-fresh_3T3_noPEG_100_4cycles,10191,6192
CGATACAACAATGCGG-fresh_3T3_noPEG_100_4cycles,9793,5926
TCCATTCCTACCTTGA-fresh_3T3_noPEG_100_4cycles,10536,6399
CTATCTATGGATCATC-fresh_3T3_noPEG_100_4cycles,10619,6429
ATGGGTACTTTGTACG-fresh_3T3_noPEG_100_4cycles,12202,7079
AGACCATTGGAAGTTA-fresh_3T3_noPEG_100_4cycles,11058,6500
CCTGCCTCTCCAAACT-fresh_3T3_noPEG_100_4cycles,11984,6983
CGCACACGACGTAGAG-fresh_3T3_noPEG_100_4cycles,12338,7051
AATAAGGACCAATGAA-fresh_3T3_noPEG_100_4cycles,12603,7298
GGACGAATGGCTTACA-fresh_3T3_noPEG_100_4cycles,10149,6027
CTAACTGGATGATCAC-fresh_3T3_noPEG_100_4cycles,12178,7064
ACGGCCATGGGACAGT-fresh_3T3_noPEG_100_4cycles,9268,5616
CCATGCTACCCTCGTT-fresh_3T3_noPEG_100_4cycles,12400,7091
TACCTCTCTTCGCAGC-fresh_3T3_noPEG_100_4cycles,11272,6685
GAGGTGCCTTTCTGAG-fresh_3T3_noPEG_100_4cycles,10868,6593
GGAATGGTGCAGTCCG-fresh_3T3_noPEG_100_4cycles,10174,6207
GAACGTTTGCCAACGC-fresh_3T3_noPEG_100_4cycles,8932,5487
CAAAGACCTCGAACGA-fresh_3T3_noPEG_100_4cycles,10106,6068
AAACGAAACTATTGCG-fresh_3T3_noPEG_100_4cycles,9720,5912
GTATAGCTGGCGCAAA-fresh_3T3_noPEG_100_4cycles,8587,5297
GTCACCTACTATGACC-fresh_3T3_noPEG_100_4cycles,10329,6098
AATGGCTACTCGCTAA-fresh_3T3_noPEG_100_4cycles,9901,6003
GCAGTATTGGTCCCGA-fresh_3T3_noPEG_100_4cycles,10811,6459
TTTCGTAACTGTGCTA-fresh_3T3_noPEG_100_4cycles,10171,6137
GCAGACGCTCGACAAG-fresh_3T3_noPEG_100_4cycles,9948,5894
ACGCTCTTGGAATCTC-fresh_3T3_noPEG_100_4cycles,10483,6311
TTCGATGGAACACAAA-fresh_3T3_noPEG_100_4cycles,10598,6394
CCTTCAGTGGAAGGCT-fresh_3T3_noPEG_100_4cycles,10581,6333
AACTTACCTGAAATCA-fresh_3T3_noPEG_100_4cycles,9565,5832
GCAGATACTATCTGTG-fresh_3T3_noPEG_100_4cycles,9694,5870
TAGAGAAACAATCGAA-fresh_3T3_noPEG_100_4cycles,9846,5999
AAGAACCCTCCTAGTA-fresh_3T3_noPEG_100_4cycles,9778,5851
CAGTCGTCTCTTCAAG-fresh_3T3_noPEG_100_4cycles,10947,6342
AGTTTCACTCAAGGTG-fresh_3T3_noPEG_100_4cycles,10608,6261
GCTATCCTGTACGATC-fresh_3T3_noPEG_100_4cycles,10813,6452
TCTTGAGGAAGTACGG-fresh_3T3_noPEG_100_4cycles,11070,6730
AAGACCTACATCAGGG-fresh_3T3_noPEG_100_4cycles,10221,6057
AGGAACCGATACGTTG-fresh_3T3_noPEG_100_4cycles,11286,6516
AGTACAAGATCAGGTT-fresh_3T3_noPEG_100_4cycles,11781,6846
GTGGTTAACCGAGTTT-fresh_3T3_noPEG_100_4cycles,10300,6100
TCGTCTGACCAGCACC-fresh_3T3_noPEG_100_4cycles,11781,6776
GTAATCGTGCGTAGAG-fresh_3T3_noPEG_100_4cycles,13090,7271
GAAGCAGTGGTACGTT-fresh_3T3_noPEG_100_4cycles,9205,5385
CGGATGAGATACCAAC-fresh_3T3_noPEG_100_4cycles,10900,6426
GTGAAGGACGAATCTC-fresh_3T3_noPEG_100_4cycles,9326,5643
TCCTTAATGCCTTCCA-fresh_3T3_noPEG_100_4cycles,10013,5898
GCTCGTGGATTAGCTG-fresh_3T3_noPEG_100_4cycles,11077,6485
TCCTAATTGTGCTGTA-fresh_3T3_noPEG_100_4cycles,8272,5115
GGTATCTGATTCGCAA-fresh_3T3_noPEG_100_4cycles,10192,6089
TGTGGTAACCTCGAGC-fresh_3T3_noPEG_100_4cycles,10394,6223
TCCTCATCTCGACTAT-fresh_3T3_noPEG_100_4cycles,10418,6165
GCTTCGGGAGCCCAAC-fresh_3T3_noPEG_100_4cycles,9446,5736
CTATGGATGTTGCAGT-fresh_3T3_noPEG_100_4cycles,11555,6912
TCGGGTCGACAGTCCG-fresh_3T3_noPEG_100_4cycles,10554,6084
TTTCTGAACCGAGTGA-fresh_3T3_noPEG_100_4cycles,9468,5716
GAAGTATGAATGTCAC-fresh_3T3_noPEG_100_4cycles,9804,5815
TCTAACGGACTCTGGG-fresh_3T3_noPEG_100_4cycles,10627,6354
CTTATTGTGGGAATGC-fresh_3T3_noPEG_100_4cycles,10334,6229
GCTTCCTGAAAGACAT-fresh_3T3_noPEG_100_4cycles,10804,6249
GCTCGTGGAGATGGAC-fresh_3T3_noPEG_100_4cycles,9271,5745
AATCACCGACGAGGAT-fresh_3T3_noPEG_100_4cycles,11241,6443
CAACACCCTTACAGCT-fresh_3T3_noPEG_100_4cycles,9825,5989
GGCGTGACTAGGTCCC-fresh_3T3_noPEG_100_4cycles,9299,5645
TTGCGGTCTCGCTCGA-fresh_3T3_noPEG_100_4cycles,11698,6621
GCACGGACTTTACGAC-fresh_3T3_noPEG_100_4cycles,9779,5898
CATTTCCCTCTGGAAG-fresh_3T3_noPEG_100_4cycles,9989,5911
AGGTGATCTTCATGTG-fresh_3T3_noPEG_100_4cycles,9964,6068
GGACCTCGAACCAAGG-fresh_3T3_noPEG_100_4cycles,10340,6215
AGTAGAAACATCCTCC-fresh_3T3_noPEG_100_4cycles,9954,6081
GCTACAAACACCCGGT-fresh_3T3_noPEG_100_4cycles,9799,5830
TTGTTTGACCAGATTC-fresh_3T3_noPEG_100_4cycles,10544,6263
TGCGCCAGAACTAGGG-fresh_3T3_noPEG_100_4cycles,10686,6250
TAAGCACACCCAACGC-fresh_3T3_noPEG_100_4cycles,10261,6034
TGTACTGGATCGAGAG-fresh_3T3_noPEG_100_4cycles,9214,5476
TGTGCAATGCAGTCCG-fresh_3T3_noPEG_100_4cycles,10097,5927
TGAGGAGTGCATTCAG-fresh_3T3_noPEG_100_4cycles,10982,6433
TCACGGGACCGACACC-fresh_3T3_noPEG_100_4cycles,10641,6142
GTGGTTAACGTACGTT-fresh_3T3_noPEG_100_4cycles,10597,6223
TCCGGGTGAAGCCATT-fresh_3T3_noPEG_100_4cycles,10589,6369
GAAAGTAACATCATCG-fresh_3T3_noPEG_100_4cycles,9944,6000
TTCTACATGCCAACGC-fresh_3T3_noPEG_100_4cycles,9999,6050
CTAATCACTGTCAATC-fresh_3T3_noPEG_100_4cycles,12028,6934
TGAGTAAGATCAGGTT-fresh_3T3_noPEG_100_4cycles,10665,6263
CAGCTCACTGAACCTT-fresh_3T3_noPEG_100_4cycles,10545,6228
ACTGATTCTGTTGGTT-fresh_3T3_noPEG_100_4cycles,10631,6343
GCACTTCTGGCTTACA-fresh_3T3_noPEG_100_4cycles,7642,4684
TGAGAACCTTGGGCCT-fresh_3T3_noPEG_100_4cycles,9485,5775
TCCATGGCTCGATTGT-fresh_3T3_noPEG_100_4cycles,10367,6144
CGTTGCACTACCATGT-fresh_3T3_noPEG_100_4cycles,10682,6348
CCGTTAAGACCAAACT-fresh_3T3_noPEG_100_4cycles,11608,6790
TCCGTAAGAGTCCCGA-fresh_3T3_noPEG_100_4cycles,9323,5708
CGTCGTACTGAATAGT-fresh_3T3_noPEG_100_4cycles,11362,6540
CACTTTATGCTGATCA-fresh_3T3_noPEG_100_4cycles,10343,6197
GTAAGGCGAAGGGAGG-fresh_3T3_noPEG_100_4cycles,9885,5870
TCAGGCTCTATCGGTT-fresh_3T3_noPEG_100_4cycles,10432,6080
CTTGCGTACCCGCTAG-fresh_3T3_noPEG_100_4cycles,10548,6236
CACACCACTCGTAGAG-fresh_3T3_noPEG_100_4cycles,9600,5862
GTCGAATACTGATCAC-fresh_3T3_noPEG_100_4cycles,8957,5465
AAACAACGAAATGCTC-fresh_3T3_noPEG_100_4cycles,9641,5852
TACACTACTAGGGCTA-fresh_3T3_noPEG_100_4cycles,9909,5958
TAAGCCAACAAACTGA-fresh_3T3_noPEG_100_4cycles,11131,6518
CCGACTACTCGTTAGT-fresh_3T3_noPEG_100_4cycles,8860,5363
ATCGGTCCTCCATGTA-fresh_3T3_noPEG_100_4cycles,10306,6213
AGTCCCACTGAAGTTA-fresh_3T3_noPEG_100_4cycles,9330,5622
TCGTGAATGACCATGT-fresh_3T3_noPEG_100_4cycles,8591,5301
TTCCTAAACTAGGTTC-fresh_3T3_noPEG_100_4cycles,8466,5295
TAAGTGCACAGACTTC-fresh_3T3_noPEG_100_4cycles,9525,5862
AAGTTTCCTCTACTCC-fresh_3T3_noPEG_100_4cycles,10391,6134
CTCTTGGACATTCGGT-fresh_3T3_noPEG_100_4cycles,8831,5411
TAACGAAGAAAGGCCA-fresh_3T3_noPEG_100_4cycles,10336,6048
CCGTTCTGAGCATGAG-fresh_3T3_noPEG_100_4cycles,9838,5786
CCATAAGTGAGCTGAG-fresh_3T3_noPEG_100_4cycles,11451,6574
CGCTAGTCTCGTGCAC-fresh_3T3_noPEG_100_4cycles,10299,6047
ACTAGTGTGTACGATC-fresh_3T3_noPEG_100_4cycles,9426,5615
GACTATTCTTAAGTAG-fresh_3T3_noPEG_100_4cycles,8342,5234
TTCCTAAACAAGGTGC-fresh_3T3_noPEG_100_4cycles,10390,6261
AATGGGTCTTAATGCC-fresh_3T3_noPEG_100_4cycles,9707,5796
CATAGCATGTGGCTTA-fresh_3T3_noPEG_100_4cycles,9424,5716
ACGGTTCCTTCATGTG-fresh_3T3_noPEG_100_4cycles,9137,5544
TACCGCTTGAATCCAC-fresh_3T3_noPEG_100_4cycles,10906,6364
GCAATCATGCCGCAGT-fresh_3T3_noPEG_100_4cycles,10177,6172
ACCAATGACGTTTGGT-fresh_3T3_noPEG_100_4cycles,9348,5647
CACATCCTGGGATGGT-fresh_3T3_noPEG_100_4cycles,8821,5356
GAGGTGCCTAATCCAC-fresh_3T3_noPEG_100_4cycles,9133,5584
GGAACATCTATTAAGG-fresh_3T3_noPEG_100_4cycles,9402,5642
TATCAGCGAGTGAGCA-fresh_3T3_noPEG_100_4cycles,10162,6061
TTGGCAAACGCTCTTC-fresh_3T3_noPEG_100_4cycles,10538,6120
CCTGATCACTCTGTAG-fresh_3T3_noPEG_100_4cycles,10036,6087
TGGAATGCTGGAGTCA-fresh_3T3_noPEG_100_4cycles,9521,5684
CAAGATAGATTTGTCT-fresh_3T3_noPEG_100_4cycles,9447,5625
CAGGCCATGGTGGTGA-fresh_3T3_noPEG_100_4cycles,10241,6130
GTCCTACACACAACAA-fresh_3T3_noPEG_100_4cycles,7789,4826
GCACGGACTTAATAGG-fresh_3T3_noPEG_100_4cycles,9791,5819
TGAGGTACTGTCCCGA-fresh_3T3_noPEG_100_4cycles,10051,5991
GTGTACTGACAAGTTC-fresh_3T3_noPEG_100_4cycles,8102,4906
AGACCATTGACCGTTA-fresh_3T3_noPEG_100_4cycles,9460,5643
TTCTACATGACGTGCC-fresh_3T3_noPEG_100_4cycles,9335,5611
CTGAAGTACCCTTTGC-fresh_3T3_noPEG_100_4cycles,10101,6005
TTGTAACCTGATTAAG-fresh_3T3_noPEG_100_4cycles,9043,5514
AAAGCGGACCTCGATA-fresh_3T3_noPEG_100_4cycles,11222,6618
TTCACGAGACGGCACT-fresh_3T3_noPEG_100_4cycles,8779,5254
GATCTGCCTCGTACAT-fresh_3T3_noPEG_100_4cycles,9104,5654
CATAGTCGATTGTACG-fresh_3T3_noPEG_100_4cycles,9491,5676
GCAAACTACAAACTGA-fresh_3T3_noPEG_100_4cycles,9644,5829
TGAGGTACTCCTAGGC-fresh_3T3_noPEG_100_4cycles,6871,4325
GGCTTACCTCCTACGG-fresh_3T3_noPEG_100_4cycles,8556,5275
CCTGCCTCTAGGACCA-fresh_3T3_noPEG_100_4cycles,8781,5461
AGAGACCGATATCTGG-fresh_3T3_noPEG_100_4cycles,9444,5710
AACATCCGAAGGCATG-fresh_3T3_noPEG_100_4cycles,9731,5879
TTTACCATGAAATGCA-fresh_3T3_noPEG_100_4cycles,9039,5493
AAGATCAGATACACTG-fresh_3T3_noPEG_100_4cycles,10320,6129
CCCGGAAACCCTACGG-fresh_3T3_noPEG_100_4cycles,8733,5285
CGGTCTACTTACGATC-fresh_3T3_noPEG_100_4cycles,9311,5540
TTCGATGGACAGGTGA-fresh_3T3_noPEG_100_4cycles,8172,4876
GAAGGACACAGGCATG-fresh_3T3_noPEG_100_4cycles,8751,5336
GCTCGATCTGATTAAG-fresh_3T3_noPEG_100_4cycles,8877,5270
AGGTAGGTGAGGTAAT-fresh_3T3_noPEG_100_4cycles,10490,6103
GCTATGATGCCCGAGT-fresh_3T3_noPEG_100_4cycles,9352,5538
GCGTCTTTGCTATCTT-fresh_3T3_noPEG_100_4cycles,9962,5885
TAGTCGCCTGACACCC-fresh_3T3_noPEG_100_4cycles,9661,5801
GTTATTGCTAGGTAAT-fresh_3T3_noPEG_100_4cycles,9829,5732
CTCATAACTTGAAAGT-fresh_3T3_noPEG_100_4cycles,7736,4856
TGCAATGACGAATCTC-fresh_3T3_noPEG_100_4cycles,7659,4767
TTGCGGTCTTTTCCGC-fresh_3T3_noPEG_100_4cycles,8440,5069
AAATGCGCTAGTTGAA-fresh_3T3_noPEG_100_4cycles,10665,6113
AAAGTCAGAGGGACTA-fresh_3T3_noPEG_100_4cycles,10093,5825
TCCTTGGTGTTCGCCT-fresh_3T3_noPEG_100_4cycles,9173,5745
GGTGTAACTGGATGGT-fresh_3T3_noPEG_100_4cycles,10826,6464
ATGCATCGAGGCCAAA-fresh_3T3_noPEG_100_4cycles,9431,5650
TTTCTGAACTCCAGCG-fresh_3T3_noPEG_100_4cycles,9275,5647
ACTGGAGGAACTCGAT-fresh_3T3_noPEG_100_4cycles,9340,5632
TATTGCTTGTGAGGCA-fresh_3T3_noPEG_100_4cycles,8904,5291
ACCGTGTCTATTAAGG-fresh_3T3_noPEG_100_4cycles,8656,5306
ACTTGCCTGTACGTTG-fresh_3T3_noPEG_100_4cycles,9690,5874
GGACCTCGAAAACATG-fresh_3T3_noPEG_100_4cycles,9518,5694
TTCTAGACTAGTACGG-fresh_3T3_noPEG_100_4cycles,9412,5645
ATGGACTACCGGTTGC-fresh_3T3_noPEG_100_4cycles,9707,5883
TGGAACACTTTTCGCC-fresh_3T3_noPEG_100_4cycles,10009,5928
TACTGTACTCAGTCCG-fresh_3T3_noPEG_100_4cycles,8736,5198
CGCTTAAGACAGCAAG-fresh_3T3_noPEG_100_4cycles,9529,5613
CGCACTTACTCCGTAA-fresh_3T3_noPEG_100_4cycles,8201,5105
GGGTGAATGCTTCAAG-fresh_3T3_noPEG_100_4cycles,9985,5959
AGATACGCTTTGCAGT-fresh_3T3_noPEG_100_4cycles,9332,5606
GACACGCACCGTTAGT-fresh_3T3_noPEG_100_4cycles,8985,5435
AGTACGACTCGAACGA-fresh_3T3_noPEG_100_4cycles,9379,5702
GGTTCACCTGTTAGGG-fresh_3T3_noPEG_100_4cycles,7817,4908
TCCTAATTGGAACGTG-fresh_3T3_noPEG_100_4cycles,9019,5427
TATCATGCTTTTCTGT-fresh_3T3_noPEG_100_4cycles,8648,5267
CAGGGCACTCTTCACC-fresh_3T3_noPEG_100_4cycles,8250,5087
CTAATCACTTGATGAA-fresh_3T3_noPEG_100_4cycles,8672,5264
CCACAGGTGCATGCAT-fresh_3T3_noPEG_100_4cycles,10451,6075
CCTTACTCTGCCGCTA-fresh_3T3_noPEG_100_4cycles,8481,5213
TCAGACCCTTGCCACG-fresh_3T3_noPEG_100_4cycles,8597,5114
TACCACCACTGAGGCA-fresh_3T3_noPEG_100_4cycles,8327,5151
ATAAGACGATCGTCCT-fresh_3T3_noPEG_100_4cycles,7175,4451
GTATTCTACTTTCGCC-fresh_3T3_noPEG_100_4cycles,8944,5230
CAACGAACTCGATGGA-fresh_3T3_noPEG_100_4cycles,8298,4954
GGTCTAAACCTGATCA-fresh_3T3_noPEG_100_4cycles,7900,4915
TGGAATGCTGAACATA-fresh_3T3_noPEG_100_4cycles,8525,5084
TACACGTGATGTTCCC-fresh_3T3_noPEG_100_4cycles,8112,4968
ATACATCCTGCTTACA-fresh_3T3_noPEG_100_4cycles,8766,5278
TGCTACGCTAGCTGAG-fresh_3T3_noPEG_100_4cycles,8521,5197
GAGCGATGACGAACGA-fresh_3T3_noPEG_100_4cycles,9778,5810
GTCTACCACTCCCGTT-fresh_3T3_noPEG_100_4cycles,8680,5287
CAGTGCTCTAAGTAAC-fresh_3T3_noPEG_100_4cycles,8610,5191
ATTTAGCCTGCCCTAG-fresh_3T3_noPEG_100_4cycles,9532,5746
CGATGATTGGTCTGGC-fresh_3T3_noPEG_100_4cycles,9147,5443
CTCTTGGACTACCTGA-fresh_3T3_noPEG_100_4cycles,8465,5192
TTCACGCTGTACGTTG-fresh_3T3_noPEG_100_4cycles,8692,5302
GATCCAAACTTGTGAC-fresh_3T3_noPEG_100_4cycles,7748,4869
GGTATACTGAGGACAC-fresh_3T3_noPEG_100_4cycles,7604,4649
GTCTTGCACCAGATTC-fresh_3T3_noPEG_100_4cycles,9109,5375
TGGTCCTTGTGCATGT-fresh_3T3_noPEG_100_4cycles,9094,5542
TGGCTAATGGAAGTTA-fresh_3T3_noPEG_100_4cycles,9347,5595
GATACGACTAATGCTC-fresh_3T3_noPEG_100_4cycles,8316,5169
CCACATGCTTAGACAA-fresh_3T3_noPEG_100_4cycles,9441,5499
ACAAAGAACAATCCTG-fresh_3T3_noPEG_100_4cycles,9076,5518
GACAATAGAATTCTGG-fresh_3T3_noPEG_100_4cycles,8068,5011
TTGGTATCTCAAGGTG-fresh_3T3_noPEG_100_4cycles,9011,5446
TCCGAGTCTTCGTACA-fresh_3T3_noPEG_100_4cycles,9173,5544
AGGGACCCTAAGTCTC-fresh_3T3_noPEG_100_4cycles,9167,5460
GCGTTCTACGCCCTAG-fresh_3T3_noPEG_100_4cycles,7867,4878
AAGTACCACCCAGGCT-fresh_3T3_noPEG_100_4cycles,7075,4336
CCTCACATGGTTCTCC-fresh_3T3_noPEG_100_4cycles,8732,5304
GTACTGCCTTAGGAGC-fresh_3T3_noPEG_100_4cycles,6278,3923
GTGCCATCTAGACTTC-fresh_3T3_noPEG_100_4cycles,8634,5218
GTTTCAGGAGCGTATT-fresh_3T3_noPEG_100_4cycles,8232,4827
TTCAAGTCTCCTAGTA-fresh_3T3_noPEG_100_4cycles,8267,5100
TTCCTACCTGAACAGC-fresh_3T3_noPEG_100_4cycles,8099,5075
CCAACACCTAACGTAA-fresh_3T3_noPEG_100_4cycles,9085,5455
TGATATCCTTTCCATT-fresh_3T3_noPEG_100_4cycles,7085,4358
ACGTGTTGATCATGCA-fresh_3T3_noPEG_100_4cycles,7985,4902
ATCTATCACAACGTGG-fresh_3T3_noPEG_100_4cycles,7176,4541
GTATAGCTGGAAGGCT-fresh_3T3_noPEG_100_4cycles,7953,4855
GTCCGTTACCCTCAAA-fresh_3T3_noPEG_100_4cycles,7576,4635
AGTTTGCGATGACCTA-fresh_3T3_noPEG_100_4cycles,8530,5146
ACACGTTGAAACGCAG-fresh_3T3_noPEG_100_4cycles,8408,5061
TTTCGCTCTCAAGTAA-fresh_3T3_noPEG_100_4cycles,8545,5155
GTTGAGTTGCCTAGCG-fresh_3T3_noPEG_100_4cycles,8842,5358
AACCGCTCTCACCTAA-fresh_3T3_noPEG_100_4cycles,7579,4673
GCATCACCTTAAGCAA-fresh_3T3_noPEG_100_4cycles,8136,4975
TGTAAGCTGATGTGGG-fresh_3T3_noPEG_100_4cycles,8212,4981
GTACTCAGAAACCAAA-fresh_3T3_noPEG_100_4cycles,8173,4888
TCAGCCGGAGCTGGCT-fresh_3T3_noPEG_100_4cycles,7886,4923
ACTGGGCACCGACAAG-fresh_3T3_noPEG_100_4cycles,9154,5508
ATGCAAAGACCGCAGT-fresh_3T3_noPEG_100_4cycles,7353,4575
CAAGGGAACGCCGTTG-fresh_3T3_noPEG_100_4cycles,9347,5656
TGTTCCTCTGAACATA-fresh_3T3_noPEG_100_4cycles,8991,5307
CATAGCATGAGGTGCA-fresh_3T3_noPEG_100_4cycles,7977,4828
TTCCTACCTTTGGTTG-fresh_3T3_noPEG_100_4cycles,7719,4695
TGTCGAAACCTGCGGT-fresh_3T3_noPEG_100_4cycles,8463,5182
AATTGCCGAGCTGAGA-fresh_3T3_noPEG_100_4cycles,7295,4568
GACTCCTTGTGGCTGC-fresh_3T3_noPEG_100_4cycles,8016,4964
CCTGAGGACGCTAATC-fresh_3T3_noPEG_100_4cycles,9903,5888
CTAACTGGAAATCGAA-fresh_3T3_noPEG_100_4cycles,9103,5315
TGTAGACACTCAGGTT-fresh_3T3_noPEG_100_4cycles,9055,5398
GTACTGAACCCACAAT-fresh_3T3_noPEG_100_4cycles,8294,4984
TCGCGGAACAAGGTGC-fresh_3T3_noPEG_100_4cycles,8317,5045
GCCCATACTCGTTATG-fresh_3T3_noPEG_100_4cycles,7740,4773
TTACTGGGACGAACGA-fresh_3T3_noPEG_100_4cycles,9274,5443
CAACGAACTCAGATTC-fresh_3T3_noPEG_100_4cycles,8163,4871
CATTGGAACTGTCACA-fresh_3T3_noPEG_100_4cycles,8240,5038
GGTAGCCTGCCTACGG-fresh_3T3_noPEG_100_4cycles,7942,4872
TACACAGACTCGTAAC-fresh_3T3_noPEG_100_4cycles,7627,4652
ACTCTAACTGCACTTA-fresh_3T3_noPEG_100_4cycles,7601,4659
CTCAGCACTTAAAGCA-fresh_3T3_noPEG_100_4cycles,8049,4916
CGATCGGTGACAACAA-fresh_3T3_noPEG_100_4cycles,8807,5137
TGTTAACCTTTGTTTC-fresh_3T3_noPEG_100_4cycles,8672,5216
TGGGTGCACTTCTCGC-fresh_3T3_noPEG_100_4cycles,8736,5226
AGGCCAAGAGAACGTG-fresh_3T3_noPEG_100_4cycles,8050,4866
TGTACCCTGCGAAGCA-fresh_3T3_noPEG_100_4cycles,7990,4908
TCAGTCCTGCATGATC-fresh_3T3_noPEG_100_4cycles,7822,4693
GAGTTGACTTCGACAT-fresh_3T3_noPEG_100_4cycles,8521,5098
TGTTACTACAACGTGG-fresh_3T3_noPEG_100_4cycles,7461,4522
GCAGGTCTGCTCATCC-fresh_3T3_noPEG_100_4cycles,6679,4131
GCCTCTTGACCTACGG-fresh_3T3_noPEG_100_4cycles,8705,5193
CATGTTACTGCACGCT-fresh_3T3_noPEG_100_4cycles,9682,5525
CGCTTCCCTCTCGATA-fresh_3T3_noPEG_100_4cycles,9598,5573
GAGCATACTGCAGTTT-fresh_3T3_noPEG_100_4cycles,7327,4578
CGATGATTGGGTTTGT-fresh_3T3_noPEG_100_4cycles,8337,5012
ACGTGGCTGTGATCAC-fresh_3T3_noPEG_100_4cycles,9030,5470
CTATCTATGGCACCCA-fresh_3T3_noPEG_100_4cycles,7040,4292
GTCACGCGATTGGCGC-fresh_3T3_noPEG_100_4cycles,7632,4702
GTCTAATCTGCAGGAT-fresh_3T3_noPEG_100_4cycles,7134,4472
GAGGTGCCTATGTCAC-fresh_3T3_noPEG_100_4cycles,7550,4632
GAGACTTACGAATCTC-fresh_3T3_noPEG_100_4cycles,8023,4881
TGGACATACGAAGGTC-fresh_3T3_noPEG_100_4cycles,8680,5270
ATAGAACGAGGAGTCA-fresh_3T3_noPEG_100_4cycles,7119,4461
TTCCCTGGAAGGACAC-fresh_3T3_noPEG_100_4cycles,8021,4894
TGCCACTTGATCAGGG-fresh_3T3_noPEG_100_4cycles,8551,4965
GAGCATTTGAAGCTAA-fresh_3T3_noPEG_100_4cycles,7269,4438
ACTCGGGACTAGACAA-fresh_3T3_noPEG_100_4cycles,7850,4718
AAACCCTGAGGGACTA-fresh_3T3_noPEG_100_4cycles,8345,5042
ACGATCATGTGCTGTA-fresh_3T3_noPEG_100_4cycles,7255,4448
TTCCAAACTTCTGTGA-fresh_3T3_noPEG_100_4cycles,8085,4949
CTTGCGTACCCAGGCT-fresh_3T3_noPEG_100_4cycles,6792,4174
AGGTAGGTGCCTAGGC-fresh_3T3_noPEG_100_4cycles,3069,1834
ACTACCCACTGGCATT-fresh_3T3_noPEG_100_4cycles,8396,5095
AGACCATTGTTTGTCT-fresh_3T3_noPEG_100_4cycles,7925,4759
TACATTGCTCTCACGG-fresh_3T3_noPEG_100_4cycles,8245,4970
TAACGTTCTCTTGTGA-fresh_3T3_noPEG_100_4cycles,8129,4848
AGGAGTTCTAGTCTGT-fresh_3T3_noPEG_100_4cycles,8569,5257
GCCGACAACCCAGGCT-fresh_3T3_noPEG_100_4cycles,6785,4128
TGGGCCATGGCTCTTC-fresh_3T3_noPEG_100_4cycles,8129,4909
AAGTGCTTGAACGAAT-fresh_3T3_noPEG_100_4cycles,6608,4083
GGGCCTTGAGAAGGCT-fresh_3T3_noPEG_100_4cycles,7449,4569
GGTAAGCGAGACATAA-fresh_3T3_noPEG_100_4cycles,6868,4259
CGTAGCTCTAGGTGAC-fresh_3T3_noPEG_100_4cycles,7440,4645
GTATCAGTGGACAAAT-fresh_3T3_noPEG_100_4cycles,6995,4377
GGATCCCGACTGCCAG-fresh_3T3_noPEG_100_4cycles,7379,4424
TATCGATCTATTGCCA-fresh_3T3_noPEG_100_4cycles,7050,4438
TGACCTCACAGCAATA-fresh_3T3_noPEG_100_4cycles,7141,4427
ATCCTCGACGGAATAT-fresh_3T3_noPEG_100_4cycles,8087,4915
ATGTTTCACTGTGGGA-fresh_3T3_noPEG_100_4cycles,7820,4676
TGAGAACCTGACTCGC-fresh_3T3_noPEG_100_4cycles,8204,5057
GGACTTAACTTCTGAG-fresh_3T3_noPEG_100_4cycles,7689,4616
TAACCAGACCTGGAAG-fresh_3T3_noPEG_100_4cycles,7750,4836
ACGAGGATGTCGTCAA-fresh_3T3_noPEG_100_4cycles,8050,4881
GGCGTGACTCATGATC-fresh_3T3_noPEG_100_4cycles,7659,4685
TACTGTTTGAGCCATT-fresh_3T3_noPEG_100_4cycles,8161,4976
AAGACGGTGATCCTTT-fresh_3T3_noPEG_100_4cycles,7080,4490
ACAGTTGACCGTAACT-fresh_3T3_noPEG_100_4cycles,7480,4541
GGTACTCCTGTTGGTT-fresh_3T3_noPEG_100_4cycles,7731,4712
TTACTGGGAGATAGCG-fresh_3T3_noPEG_100_4cycles,7121,4386
GTGCAGAGATGACCTA-fresh_3T3_noPEG_100_4cycles,7671,4678
GTCGTTCTGAGACTTC-fresh_3T3_noPEG_100_4cycles,6382,3977
TCGGCTTACATGAATG-fresh_3T3_noPEG_100_4cycles,6922,4251
AATAGGAACACACCTA-fresh_3T3_noPEG_100_4cycles,7339,4514
TTCCCATCTGCACCCA-fresh_3T3_noPEG_100_4cycles,8340,5014
GTTTGAGACTGCACCG-fresh_3T3_noPEG_100_4cycles,6794,4257
CGCACTTACCGGGTAA-fresh_3T3_noPEG_100_4cycles,7225,4479
GTCACGCGAGCGCTGT-fresh_3T3_noPEG_100_4cycles,7366,4364
ATCTATCACGTTGTCA-fresh_3T3_noPEG_100_4cycles,6764,4214
GCGTTCTACCCGCAGT-fresh_3T3_noPEG_100_4cycles,7203,4303
TTTACGTACTCGTACA-fresh_3T3_noPEG_100_4cycles,6601,4038
CGATACCCTCAGGGTA-fresh_3T3_noPEG_100_4cycles,6941,4327
TCGACTCTGTCTGGAT-fresh_3T3_noPEG_100_4cycles,7727,4665
GTTGATTCTTGATCAC-fresh_3T3_noPEG_100_4cycles,7548,4550
GAAGCACGAAAGTTCC-fresh_3T3_noPEG_100_4cycles,7446,4673
GTTCCCAACCCTAACA-fresh_3T3_noPEG_100_4cycles,7428,4519
CAGATTTCTGCGCACT-fresh_3T3_noPEG_100_4cycles,6191,3881
GGCTCAGACTCGGGCT-fresh_3T3_noPEG_100_4cycles,7018,4338
TCCGGGTGATCATTTC-fresh_3T3_noPEG_100_4cycles,7215,4476
GGCGTGACTTGCAAGG-fresh_3T3_noPEG_100_4cycles,7901,4846
GCCTCTTGATGCAAGG-fresh_3T3_noPEG_100_4cycles,6783,4182
ACTTGCCTGGCCGTTG-fresh_3T3_noPEG_100_4cycles,6563,4063
TCAAATCCTTTGTTTC-fresh_3T3_noPEG_100_4cycles,6714,4148
TCGCGGAACTGCACCG-fresh_3T3_noPEG_100_4cycles,6885,4222
TTGATTCACCCTCCTA-fresh_3T3_noPEG_100_4cycles,6878,4332
ACTCGGGACTAAGCAA-fresh_3T3_noPEG_100_4cycles,7785,4620
ACGTAGGGATCCCGTT-fresh_3T3_noPEG_100_4cycles,7542,4593
CGGAATTTGAGCTTGT-fresh_3T3_noPEG_100_4cycles,8295,5002
TGACTTGGATAGGTTC-fresh_3T3_noPEG_100_4cycles,6480,4155
TTGTTTGTGCGTTAGT-fresh_3T3_noPEG_100_4cycles,7753,4690
TGGGCCATGACTAGTC-fresh_3T3_noPEG_100_4cycles,6849,4279
TCCTGTGACTTCTGAG-fresh_3T3_noPEG_100_4cycles,6128,3774
AGGTCGAGAATCCGTA-fresh_3T3_noPEG_100_4cycles,6593,4102
AATGTGCACGAACATA-fresh_3T3_noPEG_100_4cycles,7616,4630
TCAGCTAGAAGCCATT-fresh_3T3_noPEG_100_4cycles,6950,4342
ACCTCCAACTTATGGC-fresh_3T3_noPEG_100_4cycles,6337,3873
TCCTGTGACCCTAGTA-fresh_3T3_noPEG_100_4cycles,6292,4010
ATTCCAGGAGTCCCGA-fresh_3T3_noPEG_100_4cycles,6578,4110
AAATAGGACTGGAACG-fresh_3T3_noPEG_100_4cycles,7218,4337
TCCATTCCTTGAGCAG-fresh_3T3_noPEG_100_4cycles,7131,4395
CGAACATACTTTCTGT-fresh_3T3_noPEG_100_4cycles,7484,4517
GAAGAATACCGATTAC-fresh_3T3_noPEG_100_4cycles,5667,3550
GAACTCCCTACCAGTT-fresh_3T3_noPEG_100_4cycles,6865,4256
TTCCCAGACACAACAA-fresh_3T3_noPEG_100_4cycles,7608,4638
CAACCCTACACGCCAC-fresh_3T3_noPEG_100_4cycles,8265,4805
TTGCATTACAGGGAGG-fresh_3T3_noPEG_100_4cycles,5965,3713
CCGACTACTTAAGCAA-fresh_3T3_noPEG_100_4cycles,7234,4369
GACGAGTGAAATGCTC-fresh_3T3_noPEG_100_4cycles,6929,4213
ATCCAGCCTCAGGCCT-fresh_3T3_noPEG_100_4cycles,7187,4293
CAATCAGTGGAACGTG-fresh_3T3_noPEG_100_4cycles,6928,4202
GTGCATAACTGGTCCG-fresh_3T3_noPEG_100_4cycles,6509,3965
AAGATCAGATTAGAAG-fresh_3T3_noPEG_100_4cycles,6383,3939
CATAGCATGCTTAAGC-fresh_3T3_noPEG_100_4cycles,6400,4065
GACCTTGCTCATACTG-fresh_3T3_noPEG_100_4cycles,6151,3873
TGTAGACACCCAAGTT-fresh_3T3_noPEG_100_4cycles,7228,4480
GGCCTTTACCAATAGA-fresh_3T3_noPEG_100_4cycles,6405,3953
GCGGCAACTTCATGCA-fresh_3T3_noPEG_100_4cycles,6451,3890
GACCTTAGAGCTGAGA-fresh_3T3_noPEG_100_4cycles,6950,4206
AAAGCGGACTAACGAA-fresh_3T3_noPEG_100_4cycles,6568,4011
CCTATCGACGCTCAGC-fresh_3T3_noPEG_100_4cycles,8315,4909
TCCTGTGACATTGGTC-fresh_3T3_noPEG_100_4cycles,7368,4375
GAACAACCTTAACCCA-fresh_3T3_noPEG_100_4cycles,6231,3947
TGAGACTTGACACAAA-fresh_3T3_noPEG_100_4cycles,6953,4194
ACTACGCCTCATAGCT-fresh_3T3_noPEG_100_4cycles,6573,4077
AAGTGCTTGAAGACAT-fresh_3T3_noPEG_100_4cycles,7843,4636
GGCTTAAACGTACACT-fresh_3T3_noPEG_100_4cycles,6840,4197
GCACTTCTGGGCATTT-fresh_3T3_noPEG_100_4cycles,6663,4096
AATCTGCGATCCGTAA-fresh_3T3_noPEG_100_4cycles,6417,3939
TTCCACTCTCAATAGA-fresh_3T3_noPEG_100_4cycles,6913,4292
GATATCGTGCCTCAAA-fresh_3T3_noPEG_100_4cycles,6111,3874
GAGAAGAGAATTAAGG-fresh_3T3_noPEG_100_4cycles,7407,4568
GCCCATACTTAGCTTG-fresh_3T3_noPEG_100_4cycles,5942,3713
AGGTGATCTGTTAGAA-fresh_3T3_noPEG_100_4cycles,6742,4077
TCTACTAACAAAGTAC-fresh_3T3_noPEG_100_4cycles,5753,3606
GCATAGTACTGCATGT-fresh_3T3_noPEG_100_4cycles,6280,3883
GACAAGGTGGTCCCAG-fresh_3T3_noPEG_100_4cycles,5745,3622
GTCCCAGGACAACGCC-fresh_3T3_noPEG_100_4cycles,7004,4314
CTTGACGCTCGAAAGC-fresh_3T3_noPEG_100_4cycles,6220,3851
GACAAGGTGAAAGTAC-fresh_3T3_noPEG_100_4cycles,6041,3742
GTCCTGACTTTAGAAG-fresh_3T3_noPEG_100_4cycles,6166,3876
GCATATCGATGGGCCT-fresh_3T3_noPEG_100_4cycles,2859,1776
CATTGCGCTCGTACAT-fresh_3T3_noPEG_100_4cycles,7014,4296
TGCCGTTACTACCAAC-fresh_3T3_noPEG_100_4cycles,7362,4464
CGAATTTCTAGGCATG-fresh_3T3_noPEG_100_4cycles,6077,3779
GGCTTCTACCTGTGCG-fresh_3T3_noPEG_100_4cycles,5638,3547
GACAATAGACTGGAAG-fresh_3T3_noPEG_100_4cycles,5344,3384
GAGGTGCCTAATACAG-fresh_3T3_noPEG_100_4cycles,6471,4002
GTTCTTCCTAGAGGCT-fresh_3T3_noPEG_100_4cycles,6159,3890
ATCAATCCTTCTGGAT-fresh_3T3_noPEG_100_4cycles,6098,3706
GATCATGTGAAGGCCA-fresh_3T3_noPEG_100_4cycles,6156,3814
CTTGCGTTGCAGGTGA-fresh_3T3_noPEG_100_4cycles,5931,3702
TGCTGCTACCGAAAGC-fresh_3T3_noPEG_100_4cycles,5723,3605
GACTACCCTCAGACCC-fresh_3T3_noPEG_100_4cycles,5355,3458
GCACGGACTAGCCATT-fresh_3T3_noPEG_100_4cycles,5787,3553
GGGCGATCTAGCTTGT-fresh_3T3_noPEG_100_4cycles,5202,3304
GAATCGGGAAACCAAA-fresh_3T3_noPEG_100_4cycles,5397,3509
TTCCCGAACAAGTAAC-fresh_3T3_noPEG_100_4cycles,6194,3885
GCGTCTTTGTTGGTTG-fresh_3T3_noPEG_100_4cycles,6377,3862
AGCCTACCTGCTAGAG-fresh_3T3_noPEG_100_4cycles,5644,3504
CGGTCTACTTACCAAC-fresh_3T3_noPEG_100_4cycles,6199,3788
GTATCACGACCTAGTA-fresh_3T3_noPEG_100_4cycles,5602,3501
CGATATTCTTGGGCCT-fresh_3T3_noPEG_100_4cycles,5490,3369
GTTATCACTATCACAC-fresh_3T3_noPEG_100_4cycles,5169,3257
ACGGAATCTCCTAGGC-fresh_3T3_noPEG_100_4cycles,6335,3833
TCGTCCAACCAGCTGC-fresh_3T3_noPEG_100_4cycles,5713,3578
GTAAAGCCTACTAGGG-fresh_3T3_noPEG_100_4cycles,5133,3187
ATGGCATTGATCATGC-fresh_3T3_noPEG_100_4cycles,5742,3636
CCGGGAACTGTTTGGT-fresh_3T3_noPEG_100_4cycles,6304,3805
GATATGAGAGTTCTCC-fresh_3T3_noPEG_100_4cycles,4830,2973
AAGGATCCTTCTGTGA-fresh_3T3_noPEG_100_4cycles,5767,3521
AACCCTCACGAGCCTC-fresh_3T3_noPEG_100_4cycles,6259,3832
GATAAGAACTTTGTCT-fresh_3T3_noPEG_100_4cycles,5368,3436
CTAACAGTGTTCCATT-fresh_3T3_noPEG_100_4cycles,5149,3255
GATTCTGGACCCGAGT-fresh_3T3_noPEG_100_4cycles,5274,3364
GTAAAGCCTGTTAGAA-fresh_3T3_noPEG_100_4cycles,5414,3324
TTTCGGCTGCCGATTA-fresh_3T3_noPEG_100_4cycles,5700,3390
GTCGGCTGACCTACGG-fresh_3T3_noPEG_100_4cycles,5348,3302
TCGCGTACTCCTAGCG-fresh_3T3_noPEG_100_4cycles,5307,3416
GGACTTAACGTGGTGA-fresh_3T3_noPEG_100_4cycles,5179,3281
TCGGGTGACCGGAATG-fresh_3T3_noPEG_100_4cycles,5716,3579
GGAACTACTACGCGAA-fresh_3T3_noPEG_100_4cycles,5731,3536
GTGTGATACAGCAGGT-fresh_3T3_noPEG_100_4cycles,6384,3766
CCAACACCTTTGCAGT-fresh_3T3_noPEG_100_4cycles,5293,3345
GAGTCTCCTGAAGGCT-fresh_3T3_noPEG_100_4cycles,5791,3695
AATTCGGTGCAATGAA-fresh_3T3_noPEG_100_4cycles,5610,3524
GATATCGTGATACGCT-fresh_3T3_noPEG_100_4cycles,5714,3544
GGTCAGAGACACTCAA-fresh_3T3_noPEG_100_4cycles,4257,2807
GCTTCTGACCCTGCGA-fresh_3T3_noPEG_100_4cycles,4543,2863
GAGCATACTCCAAACT-fresh_3T3_noPEG_100_4cycles,5160,3230
AAGTGACCTGAAATCA-fresh_3T3_noPEG_100_4cycles,6223,3712
ACTTGCCTGGTCCCGA-fresh_3T3_noPEG_100_4cycles,6482,3833
TGCAATGTGTGCCACG-fresh_3T3_noPEG_100_4cycles,5501,3428
GGCTTCTACATGGCCC-fresh_3T3_noPEG_100_4cycles,5257,3319
GCTATACGATAGGTTC-fresh_3T3_noPEG_100_4cycles,5302,3300
CAAGAGTCTGTACACT-fresh_3T3_noPEG_100_4cycles,5422,3317
CGAGTCTCTGGGATTG-fresh_3T3_noPEG_100_4cycles,5293,3173
GAGCATACTATCGGTT-fresh_3T3_noPEG_100_4cycles,5035,3203
TCCGGGAACATTCTGG-fresh_3T3_noPEG_100_4cycles,5138,3226
TCACCCATGTCATGCA-fresh_3T3_noPEG_100_4cycles,5332,3314
GCATCTCTGTGCTACA-fresh_3T3_noPEG_100_4cycles,4620,2889
GCTTCTCGATTGGTTG-fresh_3T3_noPEG_100_4cycles,5855,3425
GTACTCAGAACGTGCC-fresh_3T3_noPEG_100_4cycles,5125,3277
AATGTGCACACGCCAC-fresh_3T3_noPEG_100_4cycles,5244,3212
TCCCTGTGACGATTCA-fresh_3T3_noPEG_100_4cycles,5060,3106
ACGAGGATGGCACGCT-fresh_3T3_noPEG_100_4cycles,4683,2942
TCTAGACGAGGCCAAA-fresh_3T3_noPEG_100_4cycles,5551,3447
TACACAGACTAAGTAG-fresh_3T3_noPEG_100_4cycles,5737,3462
TACCACCTGCAGCAAG-fresh_3T3_noPEG_100_4cycles,5336,3319
TCGTTCGTGAAGGTGC-fresh_3T3_noPEG_100_4cycles,5405,3368
CCGCTATTGAGTACGG-fresh_3T3_noPEG_100_4cycles,4847,2955
AAAGATCGAGAGCCTC-fresh_3T3_noPEG_100_4cycles,5032,3175
GGGTCACACAATGCGG-fresh_3T3_noPEG_100_4cycles,5063,3210
GTCCGAGTGGAGTGAC-fresh_3T3_noPEG_100_4cycles,5645,3469
TGCGCAGACGCGCTGT-fresh_3T3_noPEG_100_4cycles,5580,3456
GAATCGGGAGTCCCAG-fresh_3T3_noPEG_100_4cycles,4427,2813
GATGCGCACAGGTGCA-fresh_3T3_noPEG_100_4cycles,4636,3030
CACCCATACCGGCACT-fresh_3T3_noPEG_100_4cycles,4745,2800
GCTGGACACGTCAATC-fresh_3T3_noPEG_100_4cycles,4519,2907
TTGTGCGCTCTTGAAC-fresh_3T3_noPEG_100_4cycles,4993,3035
GGACCACTGACGTGCC-fresh_3T3_noPEG_100_4cycles,4616,2963
CCTACGTTGCGCAACC-fresh_3T3_noPEG_100_4cycles,4845,3023
GATCCAAACCTTAAGC-fresh_3T3_noPEG_100_4cycles,4825,3063
ACACAGACTAAGTCTC-fresh_3T3_noPEG_100_4cycles,4962,3060
TAACTCACTCGGCACT-fresh_3T3_noPEG_100_4cycles,4202,2585
GGATGCCTGTCATGCA-fresh_3T3_noPEG_100_4cycles,4952,3112
ATTCCAGGAATCTGTG-fresh_3T3_noPEG_100_4cycles,5196,3238
GAGCGATGACACTCAA-fresh_3T3_noPEG_100_4cycles,4922,3105
GTCTACCACCCGGCTA-fresh_3T3_noPEG_100_4cycles,4936,3078
CTTTCTGCTTTTGGGT-fresh_3T3_noPEG_100_4cycles,4882,3026
GTATCAGTGCAGTCCG-fresh_3T3_noPEG_100_4cycles,3782,2454
ACCGGCTGAATGGCCC-fresh_3T3_noPEG_100_4cycles,3935,2575
TCTTATGACAGGACAC-fresh_3T3_noPEG_100_4cycles,4178,2500
CGCCCTTCTAACCAAA-fresh_3T3_noPEG_100_4cycles,4321,2507
CAGTTGATGTAACGGG-fresh_3T3_noPEG_100_4cycles,4344,2746
CTTCTAAACTTGACAC-fresh_3T3_noPEG_100_4cycles,4308,2736
TCCGTTGTGTCATGCA-fresh_3T3_noPEG_100_4cycles,4247,2759
TCCGTTGACTGAGGCA-fresh_3T3_noPEG_100_4cycles,4582,2902
GTCTTGCACAATAGCA-fresh_3T3_noPEG_100_4cycles,3773,2351
TAATAGGGACGAACAG-fresh_3T3_noPEG_100_4cycles,4314,2666
CGAGCAGCTCGACTAT-fresh_3T3_noPEG_100_4cycles,3573,2243
ACGGAATCTAGGCGTA-fresh_3T3_noPEG_100_4cycles,3488,2221
CAGCTGTCTAACGTGG-fresh_3T3_noPEG_100_4cycles,3339,2138
ATGCGCGTGCCGCAGT-fresh_3T3_noPEG_100_4cycles,3763,2364
GCATGATACCGACAAG-fresh_3T3_noPEG_100_4cycles,4209,2554
TAAGCACACTTACGAC-fresh_3T3_noPEG_100_4cycles,3846,2342
CACAGCGTGCTGGCAC-fresh_3T3_noPEG_100_4cycles,3796,2407
ATCGAGTTGATCAGCT-fresh_3T3_noPEG_100_4cycles,3520,2251
AATCCAGACAGTAGGC-fresh_3T3_noPEG_100_4cycles,3435,2202
GGACCACTGCATGCGC-fresh_3T3_noPEG_100_4cycles,3165,1939
GGCGTACACGCTCAGC-fresh_3T3_noPEG_100_4cycles,3663,2387
GACTATCGATAGCAGG-fresh_3T3_noPEG_100_4cycles,2614,1730
GACTCTCACTGAACAA-fresh_3T3_noPEG_100_4cycles,3275,2179
TCGACTAGAGCGCTGT-fresh_3T3_noPEG_100_4cycles,3775,2305
AAGCATCACCAGTCCG-fresh_3T3_noPEG_100_4cycles,3514,2153
CGAACATACTCCAGCG-fresh_3T3_noPEG_100_4cycles,4063,2461
ACGAACTTGTACGATC-fresh_3T3_noPEG_100_4cycles,2878,1823
GACTCCTTGCATGCGC-fresh_3T3_noPEG_100_4cycles,3072,2047
TTCAAGCGAATCCGTA-fresh_3T3_noPEG_100_4cycles,3064,1873
ACTCAGAACTTCTGGA-fresh_3T3_noPEG_100_4cycles,3713,2349
ATACATCCTAAAGTAC-fresh_3T3_noPEG_100_4cycles,3861,2362
ATGTTTCACCGGCTCA-fresh_3T3_noPEG_100_4cycles,3135,1970
GCTTCTGACCCTACGG-fresh_3T3_noPEG_100_4cycles,3387,2214
GCATCTCTGGGACCAA-fresh_3T3_noPEG_100_4cycles,3272,2071
TAAGGGCGACAATGAA-fresh_3T3_noPEG_100_4cycles,1375,794
CGTGCAGACAACGAAT-fresh_3T3_noPEG_100_4cycles,3010,1850
CGACCTTTGGTCCCGA-fresh_3T3_noPEG_100_4cycles,3220,1978
GCTTGTCACTAAGCAA-fresh_3T3_noPEG_100_4cycles,3075,1901
GCGTCGATGTGAGTAA-fresh_3T3_noPEG_100_4cycles,1987,1300
CGTGGAAGAAATCCAC-fresh_3T3_noPEG_100_4cycles,2842,1788
AATCAGCTGCCGCAGT-fresh_3T3_noPEG_100_4cycles,2592,1645
CTGCTAGCTGACATAA-fresh_3T3_noPEG_100_4cycles,1126,681
TACCTCGACTGCGCCA-fresh_3T3_noPEG_100_4cycles,2231,1393
ACGGTTCCTAAACTGA-fresh_3T3_noPEG_100_4cycles,2912,1849
GAGCATTTGCTTCACC-fresh_3T3_noPEG_100_4cycles,2352,1428
CATAGGTACTGGCTGC-fresh_3T3_noPEG_200_4cycles,62312,29628
AGGGCAAACGCTTTGA-fresh_3T3_noPEG_200_4cycles,44326,22370
CAAGAAATGCTGAGAG-fresh_3T3_noPEG_200_4cycles,42504,22737
GCGTAAGGAATCAGCT-fresh_3T3_noPEG_200_4cycles,42466,21846
AGTACAAGATGATCAC-fresh_3T3_noPEG_200_4cycles,42331,22150
GCATGATACTGGTCCG-fresh_3T3_noPEG_200_4cycles,44729,22670
ATGTACGTGTCGCTAA-fresh_3T3_noPEG_200_4cycles,41814,20901
TTGTATCTGTTGCGTA-fresh_3T3_noPEG_200_4cycles,38503,20279
TACGATGACCTCATCC-fresh_3T3_noPEG_200_4cycles,36555,19188
CGATACATGCGACACC-fresh_3T3_noPEG_200_4cycles,38874,20087
CATTGCGCTGACCGAA-fresh_3T3_noPEG_200_4cycles,40043,20741
CAGTGTAACACAACAA-fresh_3T3_noPEG_200_4cycles,21213,12199
AAGACGGTGACGCGAA-fresh_3T3_noPEG_200_4cycles,35177,18519
AAGAATGTGAGTAGGC-fresh_3T3_noPEG_200_4cycles,36198,18889
CAACTGAACGGCCATC-fresh_3T3_noPEG_200_4cycles,33819,18098
ACAGCCGACTAAGCAA-fresh_3T3_noPEG_200_4cycles,34094,18430
TTGCGGTCTCTCACTC-fresh_3T3_noPEG_200_4cycles,32238,17941
CGACCTGGATGTTCCC-fresh_3T3_noPEG_200_4cycles,30971,16158
ACCAAGTTGCCTGAGC-fresh_3T3_noPEG_200_4cycles,32247,16857
CCATTGCTGAGATTCC-fresh_3T3_noPEG_200_4cycles,30474,16628
AAGCCATTGGGCCTTG-fresh_3T3_noPEG_200_4cycles,29687,16537
GCTTGTCACGCATGAG-fresh_3T3_noPEG_200_4cycles,29403,16734
CAACGAACTCAGATTC-fresh_3T3_noPEG_200_4cycles,27291,15351
GGGATCAGACATCCTC-fresh_3T3_noPEG_200_4cycles,27478,15213
CATGGATTGGCTGAGA-fresh_3T3_noPEG_200_4cycles,29719,16098
GTGAAGGACTGGCTTA-fresh_3T3_noPEG_200_4cycles,26584,14935
ATTGTGTCTTCTGTGA-fresh_3T3_noPEG_200_4cycles,27893,15554
CTGAGCGTGAGGGAGG-fresh_3T3_noPEG_200_4cycles,27802,14967
CATGTCAGAAGACTTC-fresh_3T3_noPEG_200_4cycles,27752,15358
AAGGTGCGAAAAGCTA-fresh_3T3_noPEG_200_4cycles,27642,14967
CGTTTGCTGAACGTGG-fresh_3T3_noPEG_200_4cycles,28584,15396
AGCAACTTGTGCGGCT-fresh_3T3_noPEG_200_4cycles,27785,15362
AAACTCCGACGGTTGC-fresh_3T3_noPEG_200_4cycles,29912,15661
TCGCCGAGAGCAGTTT-fresh_3T3_noPEG_200_4cycles,24520,14039
CAGTGGAGAGGCCTTG-fresh_3T3_noPEG_200_4cycles,29847,16286
GGAAGCCCTTGAGGCA-fresh_3T3_noPEG_200_4cycles,24008,13918
GGTCGCATGCGCACTG-fresh_3T3_noPEG_200_4cycles,24838,14103
CTCATAACTAGCTTTG-fresh_3T3_noPEG_200_4cycles,17790,10433
CGACCTGGAGGTTGAG-fresh_3T3_noPEG_200_4cycles,28525,14932
AAAGCATGAAGCCCTG-fresh_3T3_noPEG_200_4cycles,25305,14354
GTTGAGTTGCTTCAAG-fresh_3T3_noPEG_200_4cycles,22984,13281
CCCTTGCCTGAATGTA-fresh_3T3_noPEG_200_4cycles,25411,13946
GCACGACACCGTTAGT-fresh_3T3_noPEG_200_4cycles,23647,13148
CAAAGACCTGTTGGTT-fresh_3T3_noPEG_200_4cycles,16286,9897
CTATGGATGTTACGAC-fresh_3T3_noPEG_200_4cycles,23185,12763
ACAGTCATGCCAGCAC-fresh_3T3_noPEG_200_4cycles,26244,14241
GGGCTGACTGCGTATT-fresh_3T3_noPEG_200_4cycles,26527,14387
AAACATGGAAGCGCTC-fresh_3T3_noPEG_200_4cycles,19077,11130
CTGAGCGTGCGGTTTA-fresh_3T3_noPEG_200_4cycles,30637,16103
AAATAGGTGGCCGTTG-fresh_3T3_noPEG_200_4cycles,21027,12343
TCGGTGCGAACACCTA-fresh_3T3_noPEG_200_4cycles,20809,11686
CCAACACCTCAAGTAA-fresh_3T3_noPEG_200_4cycles,23013,13117
AGAGTAATGCATCTTT-fresh_3T3_noPEG_200_4cycles,20222,11652
TTCGTCCGATACAGCT-fresh_3T3_noPEG_200_4cycles,21791,12290
CGACAATACAATCGAA-fresh_3T3_noPEG_200_4cycles,24430,13435
GAATCGGGACGCAACC-fresh_3T3_noPEG_200_4cycles,21987,12381
CTTTCCGGAATAGCAA-fresh_3T3_noPEG_200_4cycles,25236,13729
GTAGGCGCTACGAGCA-fresh_3T3_noPEG_200_4cycles,18863,11043
GCGACAAGAATCATGC-fresh_3T3_noPEG_200_4cycles,23977,13590
AGGAATTGAGCCGCTA-fresh_3T3_noPEG_200_4cycles,20051,11573
GACAATCTGTCTGGGC-fresh_3T3_noPEG_200_4cycles,22797,12525
CAATAGAGAAGGACCA-fresh_3T3_noPEG_200_4cycles,22745,12916
TAGGCCTCTGCCAGCT-fresh_3T3_noPEG_200_4cycles,20720,11498
TGCTACGCTTGTGCTA-fresh_3T3_noPEG_200_4cycles,19361,11647
TTAGCGATGGAATAGT-fresh_3T3_noPEG_200_4cycles,20918,11941
TGGATAGCTCAGGGTA-fresh_3T3_noPEG_200_4cycles,22261,12491
TTTGGGAACTAGGAGC-fresh_3T3_noPEG_200_4cycles,20310,11499
TGGCAATTGAACGTGG-fresh_3T3_noPEG_200_4cycles,18262,10662
CTTTCCGGAGTACACT-fresh_3T3_noPEG_200_4cycles,19483,11312
CCAGCACGACAATGAA-fresh_3T3_noPEG_200_4cycles,19149,11091
CGTTGCTTGAATGCTC-fresh_3T3_noPEG_200_4cycles,23824,13104
TTGTTAGCTTTGGGAG-fresh_3T3_noPEG_200_4cycles,22240,12612
TAGCAGACTTGCAAGG-fresh_3T3_noPEG_200_4cycles,21604,12100
TTCGTCCGATCCAGCG-fresh_3T3_noPEG_200_4cycles,20850,11825
CACTCTGACTAACTCG-fresh_3T3_noPEG_200_4cycles,19468,11103
ACGATCATGCCAGCTG-fresh_3T3_noPEG_200_4cycles,16514,9868
CCAACGGTGGTTAGGG-fresh_3T3_noPEG_200_4cycles,23350,12920
TCTGGTCACCTTTGTT-fresh_3T3_noPEG_200_4cycles,20304,11754
CTCAATTTGATCCTCC-fresh_3T3_noPEG_200_4cycles,20009,11404
AAACAACGAATGTCAC-fresh_3T3_noPEG_200_4cycles,16067,9758
TTCGCCAACGACCGAA-fresh_3T3_noPEG_200_4cycles,18284,10676
CTCTGGACTGATAGCG-fresh_3T3_noPEG_200_4cycles,21533,12040
GCAACTTGAGTCGGTC-fresh_3T3_noPEG_200_4cycles,22241,12395
CAAGGCCACTTAGAAG-fresh_3T3_noPEG_200_4cycles,19456,11485
CTGCACGGACCTAGCG-fresh_3T3_noPEG_200_4cycles,21687,12546
TGCAATGTGGGCAGTA-fresh_3T3_noPEG_200_4cycles,19376,11074
CCAACACCTTTGTTTC-fresh_3T3_noPEG_200_4cycles,21286,11955
TTTAAGCCTATTCTGG-fresh_3T3_noPEG_200_4cycles,19019,11137
ATGTCCAGAGCTGAGA-fresh_3T3_noPEG_200_4cycles,21642,12124
CATCAGTGACCGTGAC-fresh_3T3_noPEG_200_4cycles,18782,10858
TTCCTCGGATGAAAGT-fresh_3T3_noPEG_200_4cycles,20942,12169
GGTTCCTTGGGCAGTA-fresh_3T3_noPEG_200_4cycles,18083,10613
GTCATATCTCGAGGAT-fresh_3T3_noPEG_200_4cycles,19377,11460
CTTCCACGATTTGGGT-fresh_3T3_noPEG_200_4cycles,17821,10409
TTCGACCACTAGGTTC-fresh_3T3_noPEG_200_4cycles,18680,10688
TTAGCGATGAAGTTAG-fresh_3T3_noPEG_200_4cycles,18180,10636
TGCATGCCTGCTGTTA-fresh_3T3_noPEG_200_4cycles,19668,11237
CGTGCCAGACGAATCT-fresh_3T3_noPEG_200_4cycles,17504,10351
ACAGTTGACGATCCAT-fresh_3T3_noPEG_200_4cycles,17324,10114
ACGGTTCCTGCCAGCT-fresh_3T3_noPEG_200_4cycles,17516,9955
ATACCACGACCTATCC-fresh_3T3_noPEG_200_4cycles,21022,11954
CTATGCCACCATCCTC-fresh_3T3_noPEG_200_4cycles,20327,11373
CTTCCTACTGTTAGAA-fresh_3T3_noPEG_200_4cycles,19421,11383
CTTGCTGACAGGCATG-fresh_3T3_noPEG_200_4cycles,18181,10547
TGGATTGACGGTTTGT-fresh_3T3_noPEG_200_4cycles,17523,10103
ACTGTCCACCGTTAGT-fresh_3T3_noPEG_200_4cycles,18763,10746
CTCGGTTTGCTGAGAG-fresh_3T3_noPEG_200_4cycles,18160,10849
CGGATAGGATTCGGGC-fresh_3T3_noPEG_200_4cycles,19127,10803
TCTCAGAGACAACGCC-fresh_3T3_noPEG_200_4cycles,16959,10052
TCGTCTGACCAGCACC-fresh_3T3_noPEG_200_4cycles,20568,11862
TGCACGGACCACCTAA-fresh_3T3_noPEG_200_4cycles,18994,10861
CTTAATCTGCCACATA-fresh_3T3_noPEG_200_4cycles,17933,10661
GTCTGGCGAACCTAGT-fresh_3T3_noPEG_200_4cycles,19243,10779
TTCGACCACCGCCACA-fresh_3T3_noPEG_200_4cycles,20730,11325
TAGGATAGAAATGCTC-fresh_3T3_noPEG_200_4cycles,19285,11185
CGCAAATACCGCAAAG-fresh_3T3_noPEG_200_4cycles,19778,11316
TACCGCTTGAATCCAC-fresh_3T3_noPEG_200_4cycles,16257,9490
TCCGTTGTGAGGACAC-fresh_3T3_noPEG_200_4cycles,17331,10342
ACCTGCTTGCACAGTT-fresh_3T3_noPEG_200_4cycles,18296,10910
AGAGCAGTGTGCAAGG-fresh_3T3_noPEG_200_4cycles,18020,10237
CGGTTGGACAAGTTCC-fresh_3T3_noPEG_200_4cycles,18528,10992
CATTGGCCTCCATAAC-fresh_3T3_noPEG_200_4cycles,17359,10160
AGCGCAAGACCGTTAA-fresh_3T3_noPEG_200_4cycles,20819,11739
ATCACGATGGAACAGC-fresh_3T3_noPEG_200_4cycles,17370,10429
TCACACAGAAACGTGG-fresh_3T3_noPEG_200_4cycles,17937,10761
CGATACATGTCGGGCT-fresh_3T3_noPEG_200_4cycles,18633,10579
GCGCTACGAAGTCTGT-fresh_3T3_noPEG_200_4cycles,15906,9770
AGTCGCGTGATAGGTA-fresh_3T3_noPEG_200_4cycles,17662,10152
GTCGCATCTTCGTCAA-fresh_3T3_noPEG_200_4cycles,19610,10842
GTCGCATCTTTGTTTC-fresh_3T3_noPEG_200_4cycles,19342,10945
AAATGCCTGTCCCAGG-fresh_3T3_noPEG_200_4cycles,15259,9068
GCAATCATGCGACTAT-fresh_3T3_noPEG_200_4cycles,16293,9533
TTCTAACACTTTCTTG-fresh_3T3_noPEG_200_4cycles,18146,10766
CATTTCCCTAAGTTCC-fresh_3T3_noPEG_200_4cycles,16678,9779
CGGTTGGACGTACGTT-fresh_3T3_noPEG_200_4cycles,15715,9312
AATGGTGCTGTTGTCA-fresh_3T3_noPEG_200_4cycles,16793,9622
ACAGACTTGCAGGGTA-fresh_3T3_noPEG_200_4cycles,15292,9098
TTGTTTGACTAAAGCA-fresh_3T3_noPEG_200_4cycles,17619,10366
TACATTGCTGAAGTTA-fresh_3T3_noPEG_200_4cycles,17695,10351
CCAGTTGCTACAGGTG-fresh_3T3_noPEG_200_4cycles,18334,10859
CCTGCCTCTGGACACA-fresh_3T3_noPEG_200_4cycles,15322,9157
TAAGCCAACCAGACCC-fresh_3T3_noPEG_200_4cycles,19935,11081
GTCCCAGGATTGCGCG-fresh_3T3_noPEG_200_4cycles,15802,9355
CAACGCGTGCAGATTC-fresh_3T3_noPEG_200_4cycles,12818,7876
ATCGGGCACCTGTACA-fresh_3T3_noPEG_200_4cycles,17010,9912
TGTTACTTGCCGCAGT-fresh_3T3_noPEG_200_4cycles,15522,9372
GGTGAGATGAACCAAA-fresh_3T3_noPEG_200_4cycles,16074,9622
AACTCACGAACACCGC-fresh_3T3_noPEG_200_4cycles,19062,10668
ACACACTGAATCGGTT-fresh_3T3_noPEG_200_4cycles,16616,9742
CTACCTCGACGATCGC-fresh_3T3_noPEG_200_4cycles,18612,10544
GTGGTAACTGTCGGTC-fresh_3T3_noPEG_200_4cycles,19228,10619
TTGCGTCACGCGAGTA-fresh_3T3_noPEG_200_4cycles,19088,10911
CGGAATTTGCGTAACT-fresh_3T3_noPEG_200_4cycles,15547,9218
GTTAGTTCTTCTGGAT-fresh_3T3_noPEG_200_4cycles,15661,9396
AAGTACCACCATGCAT-fresh_3T3_noPEG_200_4cycles,15751,9418
GCTAAGACTGACCGAA-fresh_3T3_noPEG_200_4cycles,16442,9776
CTATGGATGACTAGGG-fresh_3T3_noPEG_200_4cycles,18205,10435
TCAGGAGGATAGGTTC-fresh_3T3_noPEG_200_4cycles,16253,9534
AAAGATCGATTGGCGC-fresh_3T3_noPEG_200_4cycles,18008,10087
GGTTGGAGAAGTAGGC-fresh_3T3_noPEG_200_4cycles,19016,11237
CCTTCTTTGGTTGTCA-fresh_3T3_noPEG_200_4cycles,16079,9333
TACTAACCTCATGCTA-fresh_3T3_noPEG_200_4cycles,16066,9750
CACACCACTAGCTGAG-fresh_3T3_noPEG_200_4cycles,17073,9718
CTTCCTTTGTAATCGC-fresh_3T3_noPEG_200_4cycles,18057,10448
AGCCAATTGAGTACGG-fresh_3T3_noPEG_200_4cycles,14714,8799
GCGCAGTTGAGCTGAG-fresh_3T3_noPEG_200_4cycles,16172,9478
CTTAATCTGGATCATC-fresh_3T3_noPEG_200_4cycles,13724,8489
CTCTCTGGAACCTAGT-fresh_3T3_noPEG_200_4cycles,16228,9467
CCACTTGTGAGGTGAC-fresh_3T3_noPEG_200_4cycles,18007,10450
CGAGTCTCTAATGCGG-fresh_3T3_noPEG_200_4cycles,17914,10469
CCACTTGTGTGACTCA-fresh_3T3_noPEG_200_4cycles,16027,9298
TCTTATGACTACTTTC-fresh_3T3_noPEG_200_4cycles,18232,10462
CGCGTTGGATTCTGGA-fresh_3T3_noPEG_200_4cycles,16401,9525
ATGATAGGACCGTTAA-fresh_3T3_noPEG_200_4cycles,18239,10162
TGAAAGAACTTCGGGC-fresh_3T3_noPEG_200_4cycles,19181,10567
ACCAATGACGCTAGAG-fresh_3T3_noPEG_200_4cycles,18658,10724
CGCAAAGGATCGTACA-fresh_3T3_noPEG_200_4cycles,16769,9727
GGGTATACTTTAGAAG-fresh_3T3_noPEG_200_4cycles,16319,9745
CCTGTTGACATTCGGT-fresh_3T3_noPEG_200_4cycles,15053,8936
CGCAAAGGATCGACAT-fresh_3T3_noPEG_200_4cycles,16654,9849
TCGGGTTCTCTCGATA-fresh_3T3_noPEG_200_4cycles,16709,9893
CCACGGATGGACAAAT-fresh_3T3_noPEG_200_4cycles,13378,7899
AGATGGGTGGCTGAGA-fresh_3T3_noPEG_200_4cycles,12429,7598
CATTGCGCTACACCGC-fresh_3T3_noPEG_200_4cycles,16473,9711
AAAGCCTTGGCCCTTT-fresh_3T3_noPEG_200_4cycles,17956,10576
TGAGGGATGAGCCATT-fresh_3T3_noPEG_200_4cycles,15483,9223
TATCGATCTCGACTAT-fresh_3T3_noPEG_200_4cycles,14042,8509
CATTTGTACCGTACAT-fresh_3T3_noPEG_200_4cycles,15817,9312
TTTGCGGCTCTTGTGA-fresh_3T3_noPEG_200_4cycles,14526,8748
GGGTTGCTGAATCCAC-fresh_3T3_noPEG_200_4cycles,16946,10090
AGCGCTCGAACCAGTT-fresh_3T3_noPEG_200_4cycles,16802,9751
GTAATCGACGATCATC-fresh_3T3_noPEG_200_4cycles,17781,9969
CAACGCGTGAAATCGA-fresh_3T3_noPEG_200_4cycles,14502,8482
TAGTACCGAGCGCTGT-fresh_3T3_noPEG_200_4cycles,17359,10110
TAGTCCGCTCTCCTAC-fresh_3T3_noPEG_200_4cycles,15284,8932
GCGTCTTTGCATGCAT-fresh_3T3_noPEG_200_4cycles,14803,8623
GTTTCATTGCGAACAG-fresh_3T3_noPEG_200_4cycles,17440,9953
TACTAGCGACAGATTC-fresh_3T3_noPEG_200_4cycles,19619,10964
CGATACAACTACGATC-fresh_3T3_noPEG_200_4cycles,16493,9580
GTTCCCAACGGACTGA-fresh_3T3_noPEG_200_4cycles,14718,8906
CTCTATAACGGACACA-fresh_3T3_noPEG_200_4cycles,15065,8831
ACAGTCATGCGGAATG-fresh_3T3_noPEG_200_4cycles,14818,8849
CGGTGTGTGACCCGGT-fresh_3T3_noPEG_200_4cycles,15643,9127
GTCCGAGTGCGGAAGT-fresh_3T3_noPEG_200_4cycles,13887,8392
CCTTGGTACATCCTTT-fresh_3T3_noPEG_200_4cycles,15008,8969
TGGGCGTACAACGTGG-fresh_3T3_noPEG_200_4cycles,17022,9789
GGGTAGAACCTGGGTC-fresh_3T3_noPEG_200_4cycles,13542,8286
TAACGTTCTTGCTACA-fresh_3T3_noPEG_200_4cycles,15264,9119
GTTTCAGGAGTGGTGA-fresh_3T3_noPEG_200_4cycles,14859,8713
ATCCCGACTTACGATC-fresh_3T3_noPEG_200_4cycles,14950,9132
CTGCGACGACCGTGAC-fresh_3T3_noPEG_200_4cycles,16850,9568
TGTTATCACAACGTTC-fresh_3T3_noPEG_200_4cycles,15839,9348
GTAGTTGACGCCACGT-fresh_3T3_noPEG_200_4cycles,14952,8777
GGTAAGCGAGGTGTCC-fresh_3T3_noPEG_200_4cycles,13635,8111
CGATATTCTTCGTAGT-fresh_3T3_noPEG_200_4cycles,17816,10430
GGATTAAGATTCCATT-fresh_3T3_noPEG_200_4cycles,16119,9722
GGTGGAAACTGATCAC-fresh_3T3_noPEG_200_4cycles,10002,6275
CTCTCTTTGCTCACTC-fresh_3T3_noPEG_200_4cycles,16446,9564
TCAGTCCACACCAGTT-fresh_3T3_noPEG_200_4cycles,15763,9491
TGTACTGGACCGTTAA-fresh_3T3_noPEG_200_4cycles,16622,9359
TCCTACCGACTAACGT-fresh_3T3_noPEG_200_4cycles,16243,9828
TAATGGGCTTTGTGAC-fresh_3T3_noPEG_200_4cycles,15724,9226
TCTACGCTGCGGAAGT-fresh_3T3_noPEG_200_4cycles,14475,8736
CGTAGCGACGCACGCT-fresh_3T3_noPEG_200_4cycles,6784,3972
ATTTAGCCTACGTAAA-fresh_3T3_noPEG_200_4cycles,14683,8749
AAGGTGCGACTGTGCG-fresh_3T3_noPEG_200_4cycles,15928,9242
GTAAACAGAGCCCTTT-fresh_3T3_noPEG_200_4cycles,17048,10251
CACGGAAGACGAATCT-fresh_3T3_noPEG_200_4cycles,15367,9036
TACAACCGAAAGTTCC-fresh_3T3_noPEG_200_4cycles,15002,9008
AACTCCCTGGAACAGC-fresh_3T3_noPEG_200_4cycles,17499,9945
CTAACTGGACTCTGGG-fresh_3T3_noPEG_200_4cycles,17556,10245
CCTGCCTCTCGTTATG-fresh_3T3_noPEG_200_4cycles,17205,9926
TTGTTTGTGGCGCTGT-fresh_3T3_noPEG_200_4cycles,15266,8834
AATGATGGAGGTTGAG-fresh_3T3_noPEG_200_4cycles,15695,9143
CGTCAACCTCTCGAGC-fresh_3T3_noPEG_200_4cycles,16716,9491
GGCACACACCGACTAT-fresh_3T3_noPEG_200_4cycles,16614,9599
GCAACTTGAAGGTCCC-fresh_3T3_noPEG_200_4cycles,17310,9967
TTGTGCCTGCGTTATG-fresh_3T3_noPEG_200_4cycles,16338,9288
TTGGAGACTTTGCAGT-fresh_3T3_noPEG_200_4cycles,13392,8291
AGAACGCGAACGCGAA-fresh_3T3_noPEG_200_4cycles,15634,9191
CTGTTGCTGTGAGCAG-fresh_3T3_noPEG_200_4cycles,13671,8361
GCGTATATGTGATCAC-fresh_3T3_noPEG_200_4cycles,13894,8217
CTGCCATTGATTCTGG-fresh_3T3_noPEG_200_4cycles,14818,8734
CACTCTGACAATCTGC-fresh_3T3_noPEG_200_4cycles,14452,8591
CTTGCGTACGTACACT-fresh_3T3_noPEG_200_4cycles,16379,9312
TCGACTAGATGGGCAA-fresh_3T3_noPEG_200_4cycles,13962,8310
CAACCCTACTTATGGC-fresh_3T3_noPEG_200_4cycles,12968,7626
CTGCCTTGATGCTGGC-fresh_3T3_noPEG_200_4cycles,16537,9427
CTCATAACTCTCTGGG-fresh_3T3_noPEG_200_4cycles,16007,9282
CTTTAACTGGCCGTTG-fresh_3T3_noPEG_200_4cycles,15204,9016
TTCCTCGGACTCATTT-fresh_3T3_noPEG_200_4cycles,15204,8913
GTGTTGTGACGTAGAG-fresh_3T3_noPEG_200_4cycles,15174,8906
CTGCCTTGAAATACAG-fresh_3T3_noPEG_200_4cycles,17001,9733
CAAGATAGACCTCGTT-fresh_3T3_noPEG_200_4cycles,15574,9046
CAAGAAATGAGAGGCT-fresh_3T3_noPEG_200_4cycles,14561,8725
CGTAGCGACTTGCGCG-fresh_3T3_noPEG_200_4cycles,17145,9759
ACCTACCTGCCACATA-fresh_3T3_noPEG_200_4cycles,14877,8814
TGCAGATACTGATCAC-fresh_3T3_noPEG_200_4cycles,13650,8219
AATGGTGCTCGGAATG-fresh_3T3_noPEG_200_4cycles,16945,9712
GAAGGACACTACTTTC-fresh_3T3_noPEG_200_4cycles,12445,7588
TTACGTTACAGCGCTC-fresh_3T3_noPEG_200_4cycles,16384,9102
GGCAACAGAGACATAA-fresh_3T3_noPEG_200_4cycles,14428,8746
TCCAAAGTGCCATAAC-fresh_3T3_noPEG_200_4cycles,13793,8372
CAAAGAATGAATCTGC-fresh_3T3_noPEG_200_4cycles,11529,6848
CTGTAACGACAGACCC-fresh_3T3_noPEG_200_4cycles,13614,8325
ACCTGCTTGATTGGTC-fresh_3T3_noPEG_200_4cycles,14620,8584
CTAGGGCACTTACGAC-fresh_3T3_noPEG_200_4cycles,13577,8152
GCAGTATTGGCTGGCT-fresh_3T3_noPEG_200_4cycles,15142,8839
GGCGTTTCTCGATGGA-fresh_3T3_noPEG_200_4cycles,14229,8409
AATAGGAACCGTTCTC-fresh_3T3_noPEG_200_4cycles,15566,9047
CGGATGAGATATGACC-fresh_3T3_noPEG_200_4cycles,15406,9167
TGCCGGAACGTTTACG-fresh_3T3_noPEG_200_4cycles,15158,8714
TCCCTGTGAGTTTGGT-fresh_3T3_noPEG_200_4cycles,15289,9295
GGCGTGACTCATGATC-fresh_3T3_noPEG_200_4cycles,14491,8557
GCACGGACTCATCCTC-fresh_3T3_noPEG_200_4cycles,16485,9510
GGTTCATGATATGACC-fresh_3T3_noPEG_200_4cycles,12824,7788
CACGATTGATTCGTTT-fresh_3T3_noPEG_200_4cycles,12220,7393
TTGTTTGACCCTCAAA-fresh_3T3_noPEG_200_4cycles,13526,8230
TATGCTTTGAGCCCTG-fresh_3T3_noPEG_200_4cycles,14377,8506
GGTATGACTGGTGCAA-fresh_3T3_noPEG_200_4cycles,15217,8857
TCGGGTTCTTCCAGCG-fresh_3T3_noPEG_200_4cycles,14373,8650
TGCTGCTACCAGCACC-fresh_3T3_noPEG_200_4cycles,14248,8469
GAACAAATGCGATTAC-fresh_3T3_noPEG_200_4cycles,13514,8391
CCAGTTGCTAAAGCTA-fresh_3T3_noPEG_200_4cycles,15108,8999
GGGTCGTACCTTCAAG-fresh_3T3_noPEG_200_4cycles,13182,7916
CACCCATACACCTTGA-fresh_3T3_noPEG_200_4cycles,11761,7302
CACCAAATGCGTTAGT-fresh_3T3_noPEG_200_4cycles,13155,7969
AGTGTTCGACAAGTTC-fresh_3T3_noPEG_200_4cycles,13698,8331
ATCGCAATGCAGGGAT-fresh_3T3_noPEG_200_4cycles,14976,8907
CAGGCTTCTTTTCTTG-fresh_3T3_noPEG_200_4cycles,10441,5876
ATCAAAGGAGTTAGGG-fresh_3T3_noPEG_200_4cycles,13305,8090
CCTACGGGAGGACAGT-fresh_3T3_noPEG_200_4cycles,15888,9427
AGCAGAGACCGACATT-fresh_3T3_noPEG_200_4cycles,12989,7787
CCCATTTCTGGACAGT-fresh_3T3_noPEG_200_4cycles,13970,8334
GTAGGTGGATCTGCAA-fresh_3T3_noPEG_200_4cycles,12665,7625
TGCCTACTGCCTATCC-fresh_3T3_noPEG_200_4cycles,12570,7788
TGCTGAAACACCGTGC-fresh_3T3_noPEG_200_4cycles,12549,7564
GTTCCTGTGATCATGC-fresh_3T3_noPEG_200_4cycles,13172,7935
TCTCTCGGACCAACGC-fresh_3T3_noPEG_200_4cycles,12095,7435
ATTAGCGTGTTATGGC-fresh_3T3_noPEG_200_4cycles,16764,9471
TAGGACTTGGAGAGGG-fresh_3T3_noPEG_200_4cycles,13012,7747
AAGTTTCCTACAGGCA-fresh_3T3_noPEG_200_4cycles,13112,7877
TAGGATAGAGCTTACA-fresh_3T3_noPEG_200_4cycles,10894,6750
GTAGATAGAACCCGGT-fresh_3T3_noPEG_200_4cycles,12643,7742
CTTCCACGACGAGGAT-fresh_3T3_noPEG_200_4cycles,12853,7617
TCCTTAATGCCTTCCA-fresh_3T3_noPEG_200_4cycles,12904,7820
TGGACGCACACGCGAA-fresh_3T3_noPEG_200_4cycles,13698,8087
AAGTGCTTGAAGACAT-fresh_3T3_noPEG_200_4cycles,13101,7912
ATGCGCGTGTACACTG-fresh_3T3_noPEG_200_4cycles,13054,7803
TGGAACACTGGAATAT-fresh_3T3_noPEG_200_4cycles,13193,7986
TAAGGCTTGTCCAGCG-fresh_3T3_noPEG_200_4cycles,15690,8936
CAAGGCCACTAATCGC-fresh_3T3_noPEG_200_4cycles,12702,7850
CTCGGTTACTGACTCA-fresh_3T3_noPEG_200_4cycles,12201,7498
ACTAACGTGCGCAACC-fresh_3T3_noPEG_200_4cycles,15204,8595
CAATCAGACCCTTTGC-fresh_3T3_noPEG_200_4cycles,13684,8046
ACGCAGAGACTCGATA-fresh_3T3_noPEG_200_4cycles,12098,7263
TGGTTTGGACTTGTGA-fresh_3T3_noPEG_200_4cycles,12005,7115
TTAGACCGACAGCACC-fresh_3T3_noPEG_200_4cycles,15181,8714
CAATCGTGATGGAACG-fresh_3T3_noPEG_200_4cycles,14523,8669
TGTCGCTTGTCATTGG-fresh_3T3_noPEG_200_4cycles,15127,8610
CTTCTAAACAACTAGA-fresh_3T3_noPEG_200_4cycles,12738,7825
ACTCCGTACTGTTGTG-fresh_3T3_noPEG_200_4cycles,11916,7267
TCACCTGACTAATCGC-fresh_3T3_noPEG_200_4cycles,13577,8022
CGACAGCACGACCGAA-fresh_3T3_noPEG_200_4cycles,13517,8015
GTAGTGGGAGGACCTC-fresh_3T3_noPEG_200_4cycles,15224,8973
AGCTTCCACGAAATCA-fresh_3T3_noPEG_200_4cycles,14380,8445
CTACCTCGACCTACGG-fresh_3T3_noPEG_200_4cycles,14638,8519
TTGTGCGCTCGAATCT-fresh_3T3_noPEG_200_4cycles,14808,8746
CACCAAATGTAGACAA-fresh_3T3_noPEG_200_4cycles,12307,7283
ACTGTGATGGCAGGAT-fresh_3T3_noPEG_200_4cycles,13676,8225
CATCAGAACGGCCTGT-fresh_3T3_noPEG_200_4cycles,11711,7223
GTATGAAGACACCTAA-fresh_3T3_noPEG_200_4cycles,10561,6612
TGATAGAGATTTGGGT-fresh_3T3_noPEG_200_4cycles,12956,7930
ACGGCCTGACGAATCT-fresh_3T3_noPEG_200_4cycles,14662,8668
CTCCTAGTGCGGTACC-fresh_3T3_noPEG_200_4cycles,11405,7061
ACTAGTGTGCGAGGAT-fresh_3T3_noPEG_200_4cycles,12017,7348
CTCCTAGTGCCGTTAA-fresh_3T3_noPEG_200_4cycles,13653,7972
CGACGTTCTATCCGTA-fresh_3T3_noPEG_200_4cycles,13320,8075
CAAAGAATGATAGGTA-fresh_3T3_noPEG_200_4cycles,13093,7972
TTCCTAAACTAGGTTC-fresh_3T3_noPEG_200_4cycles,10634,6716
ATTCCTAACATGTGGG-fresh_3T3_noPEG_200_4cycles,14294,8429
CCTGATCACCCATAAC-fresh_3T3_noPEG_200_4cycles,12712,7539
GGAGTTACTGCTCAGC-fresh_3T3_noPEG_200_4cycles,14412,8340
GGTGGAAACGCAGTTT-fresh_3T3_noPEG_200_4cycles,11200,6928
AATCGGACTCGCACTG-fresh_3T3_noPEG_200_4cycles,11848,7267
GTGTGATACAAATCGA-fresh_3T3_noPEG_200_4cycles,14051,8475
TGTTTGTTGGAATTGA-fresh_3T3_noPEG_200_4cycles,12732,7693
TGGCATCCTCAGCTGC-fresh_3T3_noPEG_200_4cycles,11485,6719
TGCAGATACCAGGGAT-fresh_3T3_noPEG_200_4cycles,12909,7916
AGGACGCCTTGCTCAA-fresh_3T3_noPEG_200_4cycles,10931,6640
AGGAGGTTGAATACAG-fresh_3T3_noPEG_200_4cycles,13698,8084
CTTTCTGCTAAGACAT-fresh_3T3_noPEG_200_4cycles,12640,7649
GGGTAGTGATGGCAAG-fresh_3T3_noPEG_200_4cycles,14629,8415
TCGGACTCTTGCACCG-fresh_3T3_noPEG_200_4cycles,14732,8520
TGGAATGCTAAGTAAC-fresh_3T3_noPEG_200_4cycles,12331,7404
CGTTATGGATGGTCCG-fresh_3T3_noPEG_200_4cycles,12714,7532
CATTGTTACCTCTGGG-fresh_3T3_noPEG_200_4cycles,11373,7032
ACGTGTTGAAAGGTGC-fresh_3T3_noPEG_200_4cycles,11424,6830
TCGACTAGAGCGCTGT-fresh_3T3_noPEG_200_4cycles,12753,7554
TTGTAACCTGTTAGGG-fresh_3T3_noPEG_200_4cycles,11096,6888
TGTTGACGAGACGCCT-fresh_3T3_noPEG_200_4cycles,11709,7188
ATTCCAGGACAAGTAA-fresh_3T3_noPEG_200_4cycles,9633,5877
GAGTCTCCTCGACACC-fresh_3T3_noPEG_200_4cycles,13537,7757
CCAGAATACGGGTTCC-fresh_3T3_noPEG_200_4cycles,12424,7459
TACCTCTCTGAGCTGA-fresh_3T3_noPEG_200_4cycles,12665,7558
TACAACCGAGGCCTGT-fresh_3T3_noPEG_200_4cycles,10178,6075
CCATGCTACAATAGCA-fresh_3T3_noPEG_200_4cycles,11342,7009
GCCATAATGGTTAGGG-fresh_3T3_noPEG_200_4cycles,12314,7436
GTAAAGCCTCGAGTTT-fresh_3T3_noPEG_200_4cycles,12636,7658
GGTTGAACTCTCGATA-fresh_3T3_noPEG_200_4cycles,11589,7153
ACCTAGTGAGAGCTGA-fresh_3T3_noPEG_200_4cycles,13030,7749
ATACCTGGAAAGCTAA-fresh_3T3_noPEG_200_4cycles,10630,6463
GATAAGAACCAATAGA-fresh_3T3_noPEG_200_4cycles,11348,7235
TCATTGGGACGATTGT-fresh_3T3_noPEG_200_4cycles,12183,7270
CAAACCATGCAGACCC-fresh_3T3_noPEG_200_4cycles,14619,8527
GGCAACAGATGCACCG-fresh_3T3_noPEG_200_4cycles,12057,7344
CGACAATACGCGCTGT-fresh_3T3_noPEG_200_4cycles,15069,8590
ACGGAATCTCCTAGGC-fresh_3T3_noPEG_200_4cycles,13986,8411
GCGTGCTGAGATGGAC-fresh_3T3_noPEG_200_4cycles,11584,6990
ATGGGACGAAAAGGTT-fresh_3T3_noPEG_200_4cycles,13319,7928
TCGTTCGTGAAGGTGC-fresh_3T3_noPEG_200_4cycles,11505,7001
AATCGGACTCCGTTAA-fresh_3T3_noPEG_200_4cycles,13009,7874
TCACGGGACTAGCAGG-fresh_3T3_noPEG_200_4cycles,11697,7068
AGGGAGTTGTCGCAGC-fresh_3T3_noPEG_200_4cycles,12312,7416
CATAGGTACGAATTGA-fresh_3T3_noPEG_200_4cycles,12065,7399
CTTATTGTGGGTATGG-fresh_3T3_noPEG_200_4cycles,13269,7935
GCGACGTTGTTCTCGC-fresh_3T3_noPEG_200_4cycles,12477,7410
GCATCACCTTCTGTAG-fresh_3T3_noPEG_200_4cycles,9050,5747
AAAGCCTTGTACGATC-fresh_3T3_noPEG_200_4cycles,11081,6856
GTATCACGACCTAGTA-fresh_3T3_noPEG_200_4cycles,11548,7298
TCCCACATGAGGACAC-fresh_3T3_noPEG_200_4cycles,12137,7320
TGGACTATGTTCAGTG-fresh_3T3_noPEG_200_4cycles,11949,7360
GTTATTGCTGCAGTTT-fresh_3T3_noPEG_200_4cycles,11172,7077
GACTATTCTAAGGCCA-fresh_3T3_noPEG_200_4cycles,12259,7733
CAGTCGTCTCTTCAAG-fresh_3T3_noPEG_200_4cycles,12095,7019
GAAGTATGAATCAGGG-fresh_3T3_noPEG_200_4cycles,10825,6754
TGAGGGATGGACATAA-fresh_3T3_noPEG_200_4cycles,10849,6658
TATGGTTCTCTCGAGC-fresh_3T3_noPEG_200_4cycles,11082,6826
ACACTGCCTGCTAGAG-fresh_3T3_noPEG_200_4cycles,12254,7309
GGTTCCTTGATTCTGG-fresh_3T3_noPEG_200_4cycles,10775,6769
TGGGAGTGAGAATCTC-fresh_3T3_noPEG_200_4cycles,10415,6618
TTGTTTGACCGCAACC-fresh_3T3_noPEG_200_4cycles,12092,7404
AGAACAATGGTGAGCA-fresh_3T3_noPEG_200_4cycles,12056,7436
CGCTAGTCTACCATGT-fresh_3T3_noPEG_200_4cycles,10345,6384
TAAGTGCACCTTGTGA-fresh_3T3_noPEG_200_4cycles,11734,7121
CTATGTTACTACGTTG-fresh_3T3_noPEG_200_4cycles,10450,6516
AGAATCCACAGCCATT-fresh_3T3_noPEG_200_4cycles,12498,7740
GTGTGATACTGGTGAG-fresh_3T3_noPEG_200_4cycles,12568,7412
GGCGTTTCTCGCCACA-fresh_3T3_noPEG_200_4cycles,10717,6666
CGTGTCTTGTTGTTTC-fresh_3T3_noPEG_200_4cycles,12937,7486
AAACCCTGAGCTTACA-fresh_3T3_noPEG_200_4cycles,12417,7349
CAGTGTAACAGGACCA-fresh_3T3_noPEG_200_4cycles,12221,7337
ACACTCCACCGAAAGC-fresh_3T3_noPEG_200_4cycles,12948,7605
GAGAAGAGAGATTAAG-fresh_3T3_noPEG_200_4cycles,10633,6387
TTGCTAACTAATCGCT-fresh_3T3_noPEG_200_4cycles,10521,6499
TCGACTCTGAGCCTAT-fresh_3T3_noPEG_200_4cycles,11480,7093
GGGATGTGAGGTTGAG-fresh_3T3_noPEG_200_4cycles,12430,7521
TAAGCCAACACCAGTT-fresh_3T3_noPEG_200_4cycles,11770,7129
ATCGTTTACATGGCCC-fresh_3T3_noPEG_200_4cycles,11050,6820
CCACATGCTCAGCTGC-fresh_3T3_noPEG_200_4cycles,12399,7303
CCTGTTGACGCCGCTA-fresh_3T3_noPEG_200_4cycles,12455,7407
GCGACGTTGTGATCAC-fresh_3T3_noPEG_200_4cycles,10664,6446
GCCTCTTGACATGATC-fresh_3T3_noPEG_200_4cycles,12522,7371
TCGTCCAACTGCTCAA-fresh_3T3_noPEG_200_4cycles,11262,6918
TCCTCATCTGAACATA-fresh_3T3_noPEG_200_4cycles,10657,6601
CGATAAAGATGTGCTA-fresh_3T3_noPEG_200_4cycles,10846,6595
CTAATCACTGAATGTA-fresh_3T3_noPEG_200_4cycles,12003,7492
CGACCTTACGGCATTT-fresh_3T3_noPEG_200_4cycles,12469,7496
ATTACTCACGTTGGTT-fresh_3T3_noPEG_200_4cycles,11422,6944
CTTGCTGACTTGCGTA-fresh_3T3_noPEG_200_4cycles,12411,7401
CTTACATTGTTGCGTA-fresh_3T3_noPEG_200_4cycles,10306,6282
CTACTTTGACGAATCT-fresh_3T3_noPEG_200_4cycles,9721,6057
TCAGCCGGACCAGCTG-fresh_3T3_noPEG_200_4cycles,11243,6819
GCTATCCTGAATAGCA-fresh_3T3_noPEG_200_4cycles,10888,6852
TTACCATTGATCCGTA-fresh_3T3_noPEG_200_4cycles,12114,7276
ATGCCCGGAGTACTAC-fresh_3T3_noPEG_200_4cycles,10861,6639
GCAACTTGATGATCAC-fresh_3T3_noPEG_200_4cycles,13093,7657
GTTATGCGACTGGAAG-fresh_3T3_noPEG_200_4cycles,12334,7348
CGTAATCGATGGCTTA-fresh_3T3_noPEG_200_4cycles,11233,6871
ATGTCCAGACGGTTGC-fresh_3T3_noPEG_200_4cycles,12681,7450
ATGGCATTGGATGGAC-fresh_3T3_noPEG_200_4cycles,11305,6951
ACAGTTGACACAACAA-fresh_3T3_noPEG_200_4cycles,11107,6864
ACAGTTGACCGTAACT-fresh_3T3_noPEG_200_4cycles,10329,6395
ACTTGCCTGTGTTCCC-fresh_3T3_noPEG_200_4cycles,10773,6646
TAACGAAGACGATGTT-fresh_3T3_noPEG_200_4cycles,11140,6860
TAATGAGGAGGACCAA-fresh_3T3_noPEG_200_4cycles,11258,6867
TTCCCAGACACAACAA-fresh_3T3_noPEG_200_4cycles,11117,6893
TGTACTGGACTCATTT-fresh_3T3_noPEG_200_4cycles,10951,6748
TAGACCTGATTTCCGC-fresh_3T3_noPEG_200_4cycles,12382,7350
TGGGCCATGGCTCTTC-fresh_3T3_noPEG_200_4cycles,11984,7268
AGATATGGAATTCTGG-fresh_3T3_noPEG_200_4cycles,12704,7647
CGTTGCACTGTCTTGA-fresh_3T3_noPEG_200_4cycles,12430,7449
ATCGTCCACTCATGCA-fresh_3T3_noPEG_200_4cycles,12715,7700
ACTACCCACTGGCATT-fresh_3T3_noPEG_200_4cycles,10005,6175
TGCACGGACCTATCTT-fresh_3T3_noPEG_200_4cycles,11244,6904
TACCAGTGAAACTAGA-fresh_3T3_noPEG_200_4cycles,12140,7285
AACCACTGATGCATCA-fresh_3T3_noPEG_200_4cycles,9993,6274
TCACACCTGAGGTGAC-fresh_3T3_noPEG_200_4cycles,10797,6505
AGCTATCGAGAATAAC-fresh_3T3_noPEG_200_4cycles,14408,8423
ATTACCTACTGCGTGC-fresh_3T3_noPEG_200_4cycles,11218,6791
TGGCCGATGCGCCACA-fresh_3T3_noPEG_200_4cycles,10940,6602
TCCTCATCTACGCGAA-fresh_3T3_noPEG_200_4cycles,9725,5953
AACTACGACGGCAGTA-fresh_3T3_noPEG_200_4cycles,10663,6517
CTATGGATGCGGGTAA-fresh_3T3_noPEG_200_4cycles,12747,7662
AAGGTAATGCAGATTC-fresh_3T3_noPEG_200_4cycles,11402,6869
GCTAGTCCTCGAAAGC-fresh_3T3_noPEG_200_4cycles,11120,6576
TGCTTGCACGAATTGA-fresh_3T3_noPEG_200_4cycles,10387,6350
GCAAACTACTTAGAAG-fresh_3T3_noPEG_200_4cycles,11088,6872
AATCACCGATTCTGAG-fresh_3T3_noPEG_200_4cycles,11194,7151
TCAAACTCTATAGGTA-fresh_3T3_noPEG_200_4cycles,10481,6654
AAGTGACCTGAAATCA-fresh_3T3_noPEG_200_4cycles,10368,6267
CAGTAGTTGCATGCAT-fresh_3T3_noPEG_200_4cycles,10700,6597
CATGCAAACTAATAGG-fresh_3T3_noPEG_200_4cycles,11167,6675
ACGCCACGATTGGCGC-fresh_3T3_noPEG_200_4cycles,9432,5828
TGCTCGACTTCGTAAC-fresh_3T3_noPEG_200_4cycles,9314,5881
GGGAACCCTTTTGGGT-fresh_3T3_noPEG_200_4cycles,10998,6833
CGCATCGGATTAGCTG-fresh_3T3_noPEG_200_4cycles,11376,6943
CTTCAGCACTTATGGC-fresh_3T3_noPEG_200_4cycles,10078,6318
TCGTTGCTGGTTGTCA-fresh_3T3_noPEG_200_4cycles,9017,5693
TGTGTTACTACTAGGG-fresh_3T3_noPEG_200_4cycles,11854,7184
TGAGGTACTCCTAGGC-fresh_3T3_noPEG_200_4cycles,10010,6465
TACATTGCTCTCACGG-fresh_3T3_noPEG_200_4cycles,10137,6121
GTAGATAGATACGTTG-fresh_3T3_noPEG_200_4cycles,13061,7726
GTGTAACTGTGGAACG-fresh_3T3_noPEG_200_4cycles,10281,6350
CTACAACGAATAGCAA-fresh_3T3_noPEG_200_4cycles,9886,6192
TAACCAGACCCGGACT-fresh_3T3_noPEG_200_4cycles,10637,6466
AGGACAGACCCTAACA-fresh_3T3_noPEG_200_4cycles,10110,6188
TTGGCAAACCCACAAT-fresh_3T3_noPEG_200_4cycles,11068,6774
CAAGAGTCTTACGTTG-fresh_3T3_noPEG_200_4cycles,11275,6715
CACTATTTGGACTGTT-fresh_3T3_noPEG_200_4cycles,11041,6730
CACACCACTTGCTGTA-fresh_3T3_noPEG_200_4cycles,9739,6042
TATTCAGCTAGGACCA-fresh_3T3_noPEG_200_4cycles,11057,6764
TTATGGTCTGATCATC-fresh_3T3_noPEG_200_4cycles,10010,6142
GTTGAGTTGAACGCAG-fresh_3T3_noPEG_200_4cycles,10300,6449
TGGCGTTCTCAATGAA-fresh_3T3_noPEG_200_4cycles,10980,6570
ATAGGCGGATTACGCA-fresh_3T3_noPEG_200_4cycles,11251,6820
TGTTACTTGAACGTAA-fresh_3T3_noPEG_200_4cycles,8267,5204
GGTATGACTGGTGTCC-fresh_3T3_noPEG_200_4cycles,9895,6243
GGTTGTATGATGTGGG-fresh_3T3_noPEG_200_4cycles,11588,6858
TACATTCACCAGTCTA-fresh_3T3_noPEG_200_4cycles,10864,6746
AGCCTACCTTAAAGCA-fresh_3T3_noPEG_200_4cycles,10489,6555
GCGCAGTTGGTACTAC-fresh_3T3_noPEG_200_4cycles,11902,7238
CGTTACCTGCATGCTA-fresh_3T3_noPEG_200_4cycles,9680,5914
CTCATAACTACCCGGT-fresh_3T3_noPEG_200_4cycles,10498,6481
GTTTCCCGATAGGCGA-fresh_3T3_noPEG_200_4cycles,12293,7289
GCATCACCTAAGCTAA-fresh_3T3_noPEG_200_4cycles,9843,6144
TGTGACTGAGCTCTTC-fresh_3T3_noPEG_200_4cycles,10712,6516
TCTTTAGACCCGGCTA-fresh_3T3_noPEG_200_4cycles,11610,7008
TAATTGCCTTGTGGGA-fresh_3T3_noPEG_200_4cycles,11028,6802
GAACAACCTCTGTGCG-fresh_3T3_noPEG_200_4cycles,10571,6721
AAATGCGCTAGTTGAA-fresh_3T3_noPEG_200_4cycles,10667,6443
GTAATCTCTACAGGCA-fresh_3T3_noPEG_200_4cycles,10525,6350
CTCCTAGTGAACTAGA-fresh_3T3_noPEG_200_4cycles,11081,6778
CCGATTCACTGGTCCG-fresh_3T3_noPEG_200_4cycles,11969,7119
CAGCTCACTGCAGGAT-fresh_3T3_noPEG_200_4cycles,11823,7168
TCAATGGACCAAGTAA-fresh_3T3_noPEG_200_4cycles,11213,6729
GTCCCAGGAAGTCTAC-fresh_3T3_noPEG_200_4cycles,11750,7234
ATGTTTCACCATAGCT-fresh_3T3_noPEG_200_4cycles,10029,6298
CAAACCTGACAGCAAG-fresh_3T3_noPEG_200_4cycles,11503,6806
GTATGAAGAAACCCGC-fresh_3T3_noPEG_200_4cycles,10383,6380
TGGGTTTGAGTTCTCC-fresh_3T3_noPEG_200_4cycles,10499,6455
TGGACTATGACTCGAT-fresh_3T3_noPEG_200_4cycles,9404,5994
CTTTCGGTGTTGTGAC-fresh_3T3_noPEG_200_4cycles,11141,6706
GGGCAATGAGTTGACT-fresh_3T3_noPEG_200_4cycles,10456,6364
TGTTGTACTCGATTAC-fresh_3T3_noPEG_200_4cycles,9042,5779
TTCCGGACTTTCGTTT-fresh_3T3_noPEG_200_4cycles,10441,6581
TCGACACCTAGCAAGC-fresh_3T3_noPEG_200_4cycles,11151,7013
AACCCTCACTGATCAC-fresh_3T3_noPEG_200_4cycles,7382,4673
TAACGTTCTCTTGTGA-fresh_3T3_noPEG_200_4cycles,9321,5826
GCTGTGGTGAGCCCTG-fresh_3T3_noPEG_200_4cycles,11233,6893
GGGAGCTCTTTTGGGT-fresh_3T3_noPEG_200_4cycles,10656,6621
GCTATGATGCCCGAGT-fresh_3T3_noPEG_200_4cycles,11913,6951
ATGCATCGAGGCCAAA-fresh_3T3_noPEG_200_4cycles,9014,5755
TTCACGAGAAGTCGGA-fresh_3T3_noPEG_200_4cycles,9313,5788
GGCGTAGCTTCGAGAG-fresh_3T3_noPEG_200_4cycles,11021,6608
GAGCCTCGAGACAAAT-fresh_3T3_noPEG_200_4cycles,9945,6136
CAGGAGCCTGTACGTT-fresh_3T3_noPEG_200_4cycles,12601,7354
AAGTGGCGAGGAATAT-fresh_3T3_noPEG_200_4cycles,9991,6190
AGCGCTCGAGCTCCTT-fresh_3T3_noPEG_200_4cycles,9346,5899
TATGGAGCTCGACACC-fresh_3T3_noPEG_200_4cycles,10141,6121
CAGTGGAGACCACAAT-fresh_3T3_noPEG_200_4cycles,11037,6631
ACGCTCTTGCAATGAA-fresh_3T3_noPEG_200_4cycles,10177,6186
TTCGATGGACAGGCCT-fresh_3T3_noPEG_200_4cycles,7837,4932
TTGGGAGGAGCTGAGA-fresh_3T3_noPEG_200_4cycles,10363,6370
CACATCCTGGGATGGT-fresh_3T3_noPEG_200_4cycles,9057,5680
ATAAGACGATCGTCCT-fresh_3T3_noPEG_200_4cycles,8791,5482
TCTACGCTGTTCTCGC-fresh_3T3_noPEG_200_4cycles,9761,6025
AATGGCTACCAGGCCT-fresh_3T3_noPEG_200_4cycles,9000,5804
ATCTTACTGGCGCAAA-fresh_3T3_noPEG_200_4cycles,9322,5786
GGACGAATGGACAAAT-fresh_3T3_noPEG_200_4cycles,9876,5916
TCAGTCCTGCATGATC-fresh_3T3_noPEG_200_4cycles,10215,6269
GAGAGAAGAAATGCTC-fresh_3T3_noPEG_200_4cycles,10109,6481
CATGCAAACCTTCACC-fresh_3T3_noPEG_200_4cycles,7870,5146
GTGATAAGATAGCTTG-fresh_3T3_noPEG_200_4cycles,10857,6598
TCGCTGGGAGTTGTCA-fresh_3T3_noPEG_200_4cycles,9830,6074
TCCGTTGACCTTTAGG-fresh_3T3_noPEG_200_4cycles,8100,5042
GAATCGGGACGTACAT-fresh_3T3_noPEG_200_4cycles,8993,5749
CACCCATACGTTGGTT-fresh_3T3_noPEG_200_4cycles,10478,6530
TACACAGACAAGTTAG-fresh_3T3_noPEG_200_4cycles,8888,5650
TTCTACATGCGATGGA-fresh_3T3_noPEG_200_4cycles,8896,5858
TCCGAGCGAGCTCAGC-fresh_3T3_noPEG_200_4cycles,9230,5715
TGGACCTCTTCTGCAA-fresh_3T3_noPEG_200_4cycles,8545,5463
AAACTCCGATCCAGCG-fresh_3T3_noPEG_200_4cycles,10602,6621
CTCAATTTGTTTCTTG-fresh_3T3_noPEG_200_4cycles,9706,5992
ACGCCCAGAACAGGCA-fresh_3T3_noPEG_200_4cycles,10871,6540
ATGCATCGACGCAACC-fresh_3T3_noPEG_200_4cycles,11582,6802
TTCCTCGGAACGCCAC-fresh_3T3_noPEG_200_4cycles,10345,6281
CCAAGTTGAGGGTTCC-fresh_3T3_noPEG_200_4cycles,10769,6621
AACTCGATGGCTAATC-fresh_3T3_noPEG_200_4cycles,8887,5574
CAGTAGTTGAGACAAT-fresh_3T3_noPEG_200_4cycles,10306,6352
ACCTCCAACTCGTCAA-fresh_3T3_noPEG_200_4cycles,9740,6115
ACGGAACGAGATCCAT-fresh_3T3_noPEG_200_4cycles,7717,4937
GTGAAGGACAACGTAA-fresh_3T3_noPEG_200_4cycles,10182,6204
GTGTTGTGAACGTAAA-fresh_3T3_noPEG_200_4cycles,11060,6741
AATTACCCTTCAGGTT-fresh_3T3_noPEG_200_4cycles,9019,5562
GTACTGCCTATCCGTA-fresh_3T3_noPEG_200_4cycles,9128,5713
CCTACGTTGCGCAACC-fresh_3T3_noPEG_200_4cycles,9128,5643
TGGACAACTTGATCAC-fresh_3T3_noPEG_200_4cycles,10206,6276
CGATATTCTTGGGCCT-fresh_3T3_noPEG_200_4cycles,9150,5679
TGATAGAGATAAGTAG-fresh_3T3_noPEG_200_4cycles,10003,6255
TGACTCAGATCATGCA-fresh_3T3_noPEG_200_4cycles,9058,5702
ACCCTTGTGAGGCATG-fresh_3T3_noPEG_200_4cycles,10284,6283
AATGGCTACTCCAGCG-fresh_3T3_noPEG_200_4cycles,8071,5175
GGAGTTACTTGGTCCG-fresh_3T3_noPEG_200_4cycles,9784,6077
GGCAGTAGACGACAAG-fresh_3T3_noPEG_200_4cycles,9782,6075
CAGTCGTCTTTGTACG-fresh_3T3_noPEG_200_4cycles,10123,6205
TTGTTTGACCGAAGCA-fresh_3T3_noPEG_200_4cycles,9523,5811
CCTCCTGCTACAGGCA-fresh_3T3_noPEG_200_4cycles,10651,6384
TCGATGATGCGTTCTC-fresh_3T3_noPEG_200_4cycles,8803,5591
TGTCTTCCTGAACATA-fresh_3T3_noPEG_200_4cycles,9709,6019
CTCAATTTGATCACAC-fresh_3T3_noPEG_200_4cycles,9840,5992
TGCTAAGACCCAGCAC-fresh_3T3_noPEG_200_4cycles,9602,5920
CCTACGTTGAAGGTGC-fresh_3T3_noPEG_200_4cycles,11244,6870
CTTGACGCTCGAAAGC-fresh_3T3_noPEG_200_4cycles,8469,5397
CTATGTTACACGTAAA-fresh_3T3_noPEG_200_4cycles,9844,6026
ACTCGGGACATCCTTT-fresh_3T3_noPEG_200_4cycles,9648,6069
TCCGGGAACTCAGGTT-fresh_3T3_noPEG_200_4cycles,8703,5504
ATGATAGGAGCACGCT-fresh_3T3_noPEG_200_4cycles,9237,5686
AAACTCTCTACAGATA-fresh_3T3_noPEG_200_4cycles,9361,5845
AGCGCAAGACTCACGG-fresh_3T3_noPEG_200_4cycles,11306,6836
AGGTCGAGAGGCAGTA-fresh_3T3_noPEG_200_4cycles,8873,5627
GCTACTGCTCGTTAGT-fresh_3T3_noPEG_200_4cycles,8859,5529
ACGGAATCTTTGACAC-fresh_3T3_noPEG_200_4cycles,8779,5465
GTTACAGTGTAAGCAA-fresh_3T3_noPEG_200_4cycles,8904,5612
GGCTCAGACCCTCAAA-fresh_3T3_noPEG_200_4cycles,8710,5357
TTCCCTGGAAGGACAC-fresh_3T3_noPEG_200_4cycles,10097,6253
ATAGATGGAACCTTGA-fresh_3T3_noPEG_200_4cycles,8541,5414
CTCCGTAACTAGGTTC-fresh_3T3_noPEG_200_4cycles,10635,6467
TGTCCGTTGTACACTG-fresh_3T3_noPEG_200_4cycles,8813,5567
GGACATTTGGATTAAG-fresh_3T3_noPEG_200_4cycles,9068,5513
CAGGAGCCTGGAGTCA-fresh_3T3_noPEG_200_4cycles,9710,5876
CATCGAAACGTTCTCC-fresh_3T3_noPEG_200_4cycles,8460,5367
TAGTGCATGTGTTCCC-fresh_3T3_noPEG_200_4cycles,8666,5511
TGCAGATACGGAATGC-fresh_3T3_noPEG_200_4cycles,6925,4437
GCGCTACGATCAATGC-fresh_3T3_noPEG_200_4cycles,9145,5611
CGGAATTTGAGGTGAC-fresh_3T3_noPEG_200_4cycles,9831,5822
CTGTTGCTGCGATTAC-fresh_3T3_noPEG_200_4cycles,10590,6286
CGATACCCTGCGGTAA-fresh_3T3_noPEG_200_4cycles,9452,5904
CATATCACTAGACTTC-fresh_3T3_noPEG_200_4cycles,9467,5824
TCCGACACTTGACCTA-fresh_3T3_noPEG_200_4cycles,9433,5882
TGTACTGGACCAGCAC-fresh_3T3_noPEG_200_4cycles,10504,6290
CGTTGCACTTCGTACA-fresh_3T3_noPEG_200_4cycles,9314,5831
CTTATGTTGTGGGCAA-fresh_3T3_noPEG_200_4cycles,9359,5783
GCTTCTCGATCCAGCG-fresh_3T3_noPEG_200_4cycles,8954,5769
GGAATGGTGGCACCCA-fresh_3T3_noPEG_200_4cycles,9775,5936
TAGCTGATGTAAGCAA-fresh_3T3_noPEG_200_4cycles,10730,6481
TATTGCTTGACAGATA-fresh_3T3_noPEG_200_4cycles,8321,5240
CAGTATTCTCCATAAC-fresh_3T3_noPEG_200_4cycles,9228,5605
GAAGGACACCATGCTA-fresh_3T3_noPEG_200_4cycles,8984,5627
TGGGCCATGTGCTGGC-fresh_3T3_noPEG_200_4cycles,9765,6074
AGGTATGCTGAGTAAT-fresh_3T3_noPEG_200_4cycles,10296,6173
TACACAGACCTCGATA-fresh_3T3_noPEG_200_4cycles,9485,5830
GTCCTACACGTACGTT-fresh_3T3_noPEG_200_4cycles,8538,5164
GGTTCAATGCACTCAA-fresh_3T3_noPEG_200_4cycles,7083,4682
CAGTATTCTCCGTTAA-fresh_3T3_noPEG_200_4cycles,8971,5452
TGCAATGTGCCAACGC-fresh_3T3_noPEG_200_4cycles,9320,5709
CTTCCTACTGAACATA-fresh_3T3_noPEG_200_4cycles,8676,5474
AGATGTAGATAACGGG-fresh_3T3_noPEG_200_4cycles,9275,5728
ACACATCGAGTTAGAA-fresh_3T3_noPEG_200_4cycles,8951,5440
TGTCAATCTCGAGTTT-fresh_3T3_noPEG_200_4cycles,8272,5200
ACTGGAGGACGGCACT-fresh_3T3_noPEG_200_4cycles,8573,5338
CCAAGTTGACTTTGTT-fresh_3T3_noPEG_200_4cycles,8479,5419
ACAAGACCTTCGTACA-fresh_3T3_noPEG_200_4cycles,10023,6057
ACCTAGTGAATTGGTC-fresh_3T3_noPEG_200_4cycles,8417,5210
CATCCGTACCTTTGTT-fresh_3T3_noPEG_200_4cycles,9922,5961
CGACAGCACAGGGCTA-fresh_3T3_noPEG_200_4cycles,9583,5799
GAGTCTCCTATCGGTT-fresh_3T3_noPEG_200_4cycles,9475,5961
TTCCACTCTTAGGAGC-fresh_3T3_noPEG_200_4cycles,7861,4914
AACGAGGTGTAGACAA-fresh_3T3_noPEG_200_4cycles,8605,5462
TTCGACCACTACCAAC-fresh_3T3_noPEG_200_4cycles,8838,5481
CGTGGAAGAATGGCCC-fresh_3T3_noPEG_200_4cycles,8176,5282
GTTAGTTCTAGCAATA-fresh_3T3_noPEG_200_4cycles,7879,5041
TGAGATAGACGTAACT-fresh_3T3_noPEG_200_4cycles,8972,5477
ACTCTAACTCTCATCC-fresh_3T3_noPEG_200_4cycles,8254,5215
AAAGCGGACCTTAAGC-fresh_3T3_noPEG_200_4cycles,11075,6526
CCGTTACTGGGTGCAA-fresh_3T3_noPEG_200_4cycles,8962,5593
ACACTGCCTCCGATTA-fresh_3T3_noPEG_200_4cycles,10104,6252
AGGCGATGATGGGCCT-fresh_3T3_noPEG_200_4cycles,8046,4958
TTTGGGATGACCGTTA-fresh_3T3_noPEG_200_4cycles,9566,6049
ATCGTTTACCGACACC-fresh_3T3_noPEG_200_4cycles,9627,5987
CCAAGGAGATAAGTAG-fresh_3T3_noPEG_200_4cycles,10360,6168
GCGAGAATGGCTCTTC-fresh_3T3_noPEG_200_4cycles,7994,5030
ATCAATCCTTCTGTGA-fresh_3T3_noPEG_200_4cycles,7128,4570
ACTACCCACCGTAACT-fresh_3T3_noPEG_200_4cycles,7550,4829
TTCCAAACTCATTCAG-fresh_3T3_noPEG_200_4cycles,8790,5420
CCGAACTCTTCGAGAG-fresh_3T3_noPEG_200_4cycles,8809,5474
CCGAACTCTTTAGCTG-fresh_3T3_noPEG_200_4cycles,8997,5569
CTCTATAACATCCTCC-fresh_3T3_noPEG_200_4cycles,8419,5214
CCTTGGTACGGAATTA-fresh_3T3_noPEG_200_4cycles,8993,5527
GGGAGAACTAGGTGCA-fresh_3T3_noPEG_200_4cycles,6831,4414
AACCAACACCGAACAG-fresh_3T3_noPEG_200_4cycles,8798,5441
GGGTGTGCTCCGGACT-fresh_3T3_noPEG_200_4cycles,8704,5277
TCGACGGACCTGTGCG-fresh_3T3_noPEG_200_4cycles,8935,5689
TTGTCAACTCTGGAAG-fresh_3T3_noPEG_200_4cycles,8440,5365
CTATGTTACCAAGTTC-fresh_3T3_noPEG_200_4cycles,9508,5876
CATCAGAACAGCCTAT-fresh_3T3_noPEG_200_4cycles,8172,5137
CATTACACTCGACACC-fresh_3T3_noPEG_200_4cycles,7871,4842
CAAAGACCTAACGCAG-fresh_3T3_noPEG_200_4cycles,8925,5615
TTCCTAAACATAACCC-fresh_3T3_noPEG_200_4cycles,8221,5394
CTATCTATGCTCCTAC-fresh_3T3_noPEG_200_4cycles,9132,5444
GGGCTGACTTTGCAGT-fresh_3T3_noPEG_200_4cycles,9189,5767
TTACGTTACCGGCACT-fresh_3T3_noPEG_200_4cycles,8031,5162
TGCTGAAACTCATTGG-fresh_3T3_noPEG_200_4cycles,9083,5655
TCCTTAAACGAATAAC-fresh_3T3_noPEG_200_4cycles,9005,5526
TCTAGACGAATCCGTA-fresh_3T3_noPEG_200_4cycles,8840,5553
TCAGACCCTTGCCACG-fresh_3T3_noPEG_200_4cycles,6618,4233
ATTCCAGGACATTCAG-fresh_3T3_noPEG_200_4cycles,8835,5563
GGAACATCTCGCCACA-fresh_3T3_noPEG_200_4cycles,9147,5631
AATGGCTACGCTGAGA-fresh_3T3_noPEG_200_4cycles,8758,5409
AATCCAGACTCGTACA-fresh_3T3_noPEG_200_4cycles,9376,5742
AAAGCCTTGCTGGCAC-fresh_3T3_noPEG_200_4cycles,7519,4764
GTACACTGATAAGTAG-fresh_3T3_noPEG_200_4cycles,7562,4815
GAACGCGCTATCACAC-fresh_3T3_noPEG_200_4cycles,7467,4672
CCGAGTCGAAATCTGC-fresh_3T3_noPEG_200_4cycles,8635,5335
ACCTCCAACTTATGGC-fresh_3T3_noPEG_200_4cycles,5871,3712
GGTAGCAGATGTGGGA-fresh_3T3_noPEG_200_4cycles,9337,5640
AGGACAGACTAGCTTG-fresh_3T3_noPEG_200_4cycles,9496,5742
GCAGTCGACTATCTGG-fresh_3T3_noPEG_200_4cycles,8619,5303
GAACAAATGAATCCAC-fresh_3T3_noPEG_200_4cycles,8160,5245
GAGAGTGACCGTTCTC-fresh_3T3_noPEG_200_4cycles,8025,5219
TGCCACTTGCGGTACC-fresh_3T3_noPEG_200_4cycles,9030,5735
CTCGAACCTATCAGGG-fresh_3T3_noPEG_200_4cycles,8995,5511
TTCAGTTACAGCCCTG-fresh_3T3_noPEG_200_4cycles,7371,4676
TACAACCGACTTGAAC-fresh_3T3_noPEG_200_4cycles,9100,5677
ACTTATCTGAAGGCCA-fresh_3T3_noPEG_200_4cycles,7779,4960
CACCCATACCAATGAA-fresh_3T3_noPEG_200_4cycles,8708,5384
TGGACCTCTCGATTGT-fresh_3T3_noPEG_200_4cycles,8363,5204
GCATAGTACAGCAGGT-fresh_3T3_noPEG_200_4cycles,9024,5643
GGATGCCTGTTCTGGA-fresh_3T3_noPEG_200_4cycles,8323,5273
CAACAACACCGATTGT-fresh_3T3_noPEG_200_4cycles,8769,5570
AACCAACACTACCAAC-fresh_3T3_noPEG_200_4cycles,8493,5299
ACGTGTTGATGAACAA-fresh_3T3_noPEG_200_4cycles,8930,5622
TGCTGCTACTCATGCA-fresh_3T3_noPEG_200_4cycles,7783,4939
TCCGGGTGAAGCAGGT-fresh_3T3_noPEG_200_4cycles,9052,5524
AAGGCGATGGACGCCT-fresh_3T3_noPEG_200_4cycles,6892,4313
GTTTCATTGTTTCTTG-fresh_3T3_noPEG_200_4cycles,7574,4791
TATAGCCGAAAAGCTA-fresh_3T3_noPEG_200_4cycles,7586,4809
AGGGAGTTGCACTCAA-fresh_3T3_noPEG_200_4cycles,9210,5383
TTCAGTTACGAAATCA-fresh_3T3_noPEG_200_4cycles,7586,4882
TCTAACGGACATCCTC-fresh_3T3_noPEG_200_4cycles,8275,5175
CAGGACCTGCCTGTGG-fresh_3T3_noPEG_200_4cycles,7785,4678
TTCGAGAACAATAGCA-fresh_3T3_noPEG_200_4cycles,6581,4165
AGTTTGCGATGTTCCC-fresh_3T3_noPEG_200_4cycles,7703,4710
GCAGATACTTTGTGAC-fresh_3T3_noPEG_200_4cycles,7583,4795
TCAAAGGCTCCTGTGG-fresh_3T3_noPEG_200_4cycles,7898,5043
CGGTCGATGTGCACCG-fresh_3T3_noPEG_200_4cycles,9278,5768
TGCAGTATGTAACCCA-fresh_3T3_noPEG_200_4cycles,8549,5374
AGCTATCGATTTGTCT-fresh_3T3_noPEG_200_4cycles,8331,5167
TCATTGGGACAAGTAA-fresh_3T3_noPEG_200_4cycles,8184,5165
AGTTCACGAGATTAAG-fresh_3T3_noPEG_200_4cycles,7278,4727
ACGGTTAACGGTGTCC-fresh_3T3_noPEG_200_4cycles,7137,4564
ACACGTTGAAACGCAG-fresh_3T3_noPEG_200_4cycles,7822,4813
CTTCTAAACCGAACAG-fresh_3T3_noPEG_200_4cycles,9182,5466
TCCTTCACTAACCCGC-fresh_3T3_noPEG_200_4cycles,8061,5082
GTCTACAGAAGCGCTC-fresh_3T3_noPEG_200_4cycles,8187,5192
CTCGGTTTGCCAACGC-fresh_3T3_noPEG_200_4cycles,7388,4690
TCGTGAATGGATAGCG-fresh_3T3_noPEG_200_4cycles,7971,4904
GCGAGCACTCATTCAG-fresh_3T3_noPEG_200_4cycles,6145,3989
CCCATTTCTTTGGGAG-fresh_3T3_noPEG_200_4cycles,7488,4805
GAAGCCCTGATGTGGG-fresh_3T3_noPEG_200_4cycles,7139,4503
GTTACAGTGGTTGACT-fresh_3T3_noPEG_200_4cycles,7531,4789
AAGAACCCTATAACCC-fresh_3T3_noPEG_200_4cycles,7154,4614
GTTAGTTCTGCACGCT-fresh_3T3_noPEG_200_4cycles,6199,4122
GAGTCATTGTTACGAC-fresh_3T3_noPEG_200_4cycles,8553,5357
AGTGGTACTCGATCGC-fresh_3T3_noPEG_200_4cycles,7736,4857
TGTACTGGATACCTGA-fresh_3T3_noPEG_200_4cycles,8825,5493
GAGATCACTTAGCGAG-fresh_3T3_noPEG_200_4cycles,7557,4735
TGTTATCACTTCTGGA-fresh_3T3_noPEG_200_4cycles,8041,5189
AATCAGCTGGGCAGTA-fresh_3T3_noPEG_200_4cycles,7662,4844
CTATTGGGAACTCGAT-fresh_3T3_noPEG_200_4cycles,7672,4670
CTAATCTACTCCGTAA-fresh_3T3_noPEG_200_4cycles,8608,5374
TGATATCCTGGACCAA-fresh_3T3_noPEG_200_4cycles,9273,5634
TGGGTGCACGAAACAT-fresh_3T3_noPEG_200_4cycles,8578,5426
GTGTAACTGTTAGCTG-fresh_3T3_noPEG_200_4cycles,8451,5156
TGTATTCACTGCCACG-fresh_3T3_noPEG_200_4cycles,6849,4529
ACTCGGGACATTGCCA-fresh_3T3_noPEG_200_4cycles,7491,4652
GATCATGTGCTTAGTG-fresh_3T3_noPEG_200_4cycles,6833,4527
GACACGCACCGTACAT-fresh_3T3_noPEG_200_4cycles,7991,5046
ACGGAATCTAGGCGTA-fresh_3T3_noPEG_200_4cycles,7553,4801
GGAACATCTTGAAAGT-fresh_3T3_noPEG_200_4cycles,7630,4822
GAGTGTTACGGTGCAA-fresh_3T3_noPEG_200_4cycles,6515,4071
TCCGTAAGAGTTTACG-fresh_3T3_noPEG_200_4cycles,6699,4299
GTAAGAAACCTCTGGG-fresh_3T3_noPEG_200_4cycles,7352,4738
CCACTCTGAAGCCCTG-fresh_3T3_noPEG_200_4cycles,8747,5384
GCTAGATACTTAGAAG-fresh_3T3_noPEG_200_4cycles,7760,4917
GTGCTCACTTAATGCC-fresh_3T3_noPEG_200_4cycles,8163,5246
TACCTGCTGGTTAGTC-fresh_3T3_noPEG_200_4cycles,5642,3743
ATTCAGGTGTCCTACC-fresh_3T3_noPEG_200_4cycles,7489,4604
GTATCACGAAAGGTGC-fresh_3T3_noPEG_200_4cycles,7670,4915
CCTAAGAACTTTCTGT-fresh_3T3_noPEG_200_4cycles,7921,4948
ACCTATGGACGAACGA-fresh_3T3_noPEG_200_4cycles,8143,5105
TAGGACTTGAAGGCCA-fresh_3T3_noPEG_200_4cycles,7526,4697
GTGAAGGACCATGATC-fresh_3T3_noPEG_200_4cycles,8416,5234
GCTATCCTGCCAACGC-fresh_3T3_noPEG_200_4cycles,6752,4350
TCGTATACTCATCCTC-fresh_3T3_noPEG_200_4cycles,8338,5145
AGATATGGAGACAAAT-fresh_3T3_noPEG_200_4cycles,7602,4796
TCGGCTTACCATAGCT-fresh_3T3_noPEG_200_4cycles,7106,4485
TCACGGGACTATGACC-fresh_3T3_noPEG_200_4cycles,7392,4697
GAAGCAGTGGAACGTG-fresh_3T3_noPEG_200_4cycles,7605,4774
AATCCAGACAGCAGGT-fresh_3T3_noPEG_200_4cycles,7080,4484
AATAAGGACCAATGAA-fresh_3T3_noPEG_200_4cycles,8011,4971
GTTATGCGAGGCATTT-fresh_3T3_noPEG_200_4cycles,7566,4837
TTCGATGGACAGGTGA-fresh_3T3_noPEG_200_4cycles,7397,4587
AAACGAAACTATTGCG-fresh_3T3_noPEG_200_4cycles,7613,4800
GACGAGTGATCCAATG-fresh_3T3_noPEG_200_4cycles,8286,5136
GGACGAATGGACGCCT-fresh_3T3_noPEG_200_4cycles,5820,3620
TGAGATAGAAGGGCTA-fresh_3T3_noPEG_200_4cycles,7049,4420
GGTTTAGTGCCTAGCG-fresh_3T3_noPEG_200_4cycles,7737,4950
GCAAATCTGTGAACAA-fresh_3T3_noPEG_200_4cycles,6691,4296
GCTACAAACGTTGGTT-fresh_3T3_noPEG_200_4cycles,6994,4492
AATGTGCTGGAGAGGG-fresh_3T3_noPEG_200_4cycles,7567,4647
TCCGCCTCTCGTTAGT-fresh_3T3_noPEG_200_4cycles,7988,5016
GTTCTGGCTATCAGGG-fresh_3T3_noPEG_200_4cycles,6446,4169
GTATAGGCTTGAGGCA-fresh_3T3_noPEG_200_4cycles,8160,5022
TCTTATGACAGGACAC-fresh_3T3_noPEG_200_4cycles,8240,4861
GTTAATCCTTATTGCG-fresh_3T3_noPEG_200_4cycles,6586,4273
GGTCTGGACGCCCTGA-fresh_3T3_noPEG_200_4cycles,7378,4740
CGCAATCCTCTGGGTC-fresh_3T3_noPEG_200_4cycles,7689,4743
GCGAGAATGGACCGAA-fresh_3T3_noPEG_200_4cycles,6201,3945
CCCAATGCTTGTTGTG-fresh_3T3_noPEG_200_4cycles,7877,4832
CTGGGACACTGCATGT-fresh_3T3_noPEG_200_4cycles,6658,4287
TGAGGTACTCTTGAAC-fresh_3T3_noPEG_200_4cycles,6146,4037
CCATTGCTGTGCTGGC-fresh_3T3_noPEG_200_4cycles,7727,4927
TATCACTACGCGCTGT-fresh_3T3_noPEG_200_4cycles,7227,4640
TACCCGTTGGCTTCGG-fresh_3T3_noPEG_200_4cycles,8173,5151
TGCCGTGGACTGGCAC-fresh_3T3_noPEG_200_4cycles,6962,4355
TCAAAGCACAGGGAGG-fresh_3T3_noPEG_200_4cycles,6851,4239
TTTGGGAACGACTGTT-fresh_3T3_noPEG_200_4cycles,7640,4847
AACCACTGACGAGTGA-fresh_3T3_noPEG_200_4cycles,6973,4283
GTAGGTTTGATGAATG-fresh_3T3_noPEG_200_4cycles,8460,5225
CCTCACATGAAGTCTC-fresh_3T3_noPEG_200_4cycles,7076,4600
GAATCGGGAGGGATTG-fresh_3T3_noPEG_200_4cycles,6107,3940
AACCCTCACTCAGGTT-fresh_3T3_noPEG_200_4cycles,6674,4281
ATCTTACTGTGGGCAA-fresh_3T3_noPEG_200_4cycles,6733,4341
CAAGCAACTGAGTGAC-fresh_3T3_noPEG_200_4cycles,8494,5246
AGGCATTACATTGGTC-fresh_3T3_noPEG_200_4cycles,7610,4840
TTGCGATGAGATTAAG-fresh_3T3_noPEG_200_4cycles,7899,4912
GCACGACACGGCCAAA-fresh_3T3_noPEG_200_4cycles,8484,5272
GACCTTGCTCATACTG-fresh_3T3_noPEG_200_4cycles,7579,4732
CTGCGAGTGTGGCTTA-fresh_3T3_noPEG_200_4cycles,7967,4669
GTACTGAACAACGAAT-fresh_3T3_noPEG_200_4cycles,5511,3687
GCAAATCTGGTTAGTC-fresh_3T3_noPEG_200_4cycles,7608,4729
CCGACTACTCGATTGT-fresh_3T3_noPEG_200_4cycles,6017,3902
GTAAAGCCTGTTAGAA-fresh_3T3_noPEG_200_4cycles,7530,4637
ATTACCTACCAACGCC-fresh_3T3_noPEG_200_4cycles,6856,4415
TCTTGGCACAGCAGGT-fresh_3T3_noPEG_200_4cycles,7300,4634
GGCCTTTACTTCTGAG-fresh_3T3_noPEG_200_4cycles,7852,5103
TCACGGGACTTTCTTG-fresh_3T3_noPEG_200_4cycles,6852,4405
CAGAGTACTTGGTCCG-fresh_3T3_noPEG_200_4cycles,7468,4774
CTGTAAGTGTGGTGAG-fresh_3T3_noPEG_200_4cycles,7993,4703
GGATACTACAGGTGCA-fresh_3T3_noPEG_200_4cycles,6524,4195
ACGTCCACTAATAGCA-fresh_3T3_noPEG_200_4cycles,6887,4338
GCGCTACGATAATGCC-fresh_3T3_noPEG_200_4cycles,6539,4202
GGGAGCTCTGACACCC-fresh_3T3_noPEG_200_4cycles,6878,4410
TGGAATCACTTGCAGT-fresh_3T3_noPEG_200_4cycles,6236,4041
ACTCGCTACTCTGTAG-fresh_3T3_noPEG_200_4cycles,6848,4190
TCGCGTACTTAGGAGC-fresh_3T3_noPEG_200_4cycles,7187,4596
ACAGCGGCTATACGCT-fresh_3T3_noPEG_200_4cycles,6675,4335
CCGCTATTGCGTACAT-fresh_3T3_noPEG_200_4cycles,6626,4154
CTAGCTCACAGACTTC-fresh_3T3_noPEG_200_4cycles,7214,4531
TGGCTAATGGAAGTTA-fresh_3T3_noPEG_200_4cycles,6990,4367
CTCTATATGCCAACGC-fresh_3T3_noPEG_200_4cycles,6999,4486
ATCCCGACTTGCGTGC-fresh_3T3_noPEG_200_4cycles,7268,4695
TATCATGCTTCTATCT-fresh_3T3_noPEG_200_4cycles,7252,4537
ACTCCAGCTTAATGCC-fresh_3T3_noPEG_200_4cycles,7284,4613
GCTAGTCCTCAAGTAA-fresh_3T3_noPEG_200_4cycles,6805,4308
AAGAACCCTTGAGTAA-fresh_3T3_noPEG_200_4cycles,7638,4827
TCGGGTGACTACGATC-fresh_3T3_noPEG_200_4cycles,6401,4077
CCGAACTCTACGAGCA-fresh_3T3_noPEG_200_4cycles,5692,3750
GGTACTCCTTCTGTGA-fresh_3T3_noPEG_200_4cycles,5733,3873
CATTTCCCTGAGCCTC-fresh_3T3_noPEG_200_4cycles,7439,4587
GACTATTCTTCCGTAA-fresh_3T3_noPEG_200_4cycles,6440,4251
GAACTAGCTCACTCAA-fresh_3T3_noPEG_200_4cycles,6629,4232
TTAAGGAGATTGTACG-fresh_3T3_noPEG_200_4cycles,7377,4555
TGCGTCTACAGTAGGC-fresh_3T3_noPEG_200_4cycles,6099,3846
AACTAGCACTGGGCAA-fresh_3T3_noPEG_200_4cycles,5766,3783
ACCTGCTACAAAGTAC-fresh_3T3_noPEG_200_4cycles,7187,4516
TCGGACTCTTTGTACG-fresh_3T3_noPEG_200_4cycles,6593,4233
GCGTTCTACCCGCAGT-fresh_3T3_noPEG_200_4cycles,5406,3409
ATACAGGCTCGAAGCA-fresh_3T3_noPEG_200_4cycles,6900,4319
TACATTCACTTTCGCC-fresh_3T3_noPEG_200_4cycles,6187,3947
CCGTTCTGATCAATGC-fresh_3T3_noPEG_200_4cycles,7967,4831
GAGGGATACCGATTAC-fresh_3T3_noPEG_200_4cycles,6379,4135
TGGTTAGACCTCTGGG-fresh_3T3_noPEG_200_4cycles,6723,4268
GCTTTGCACCACTCAA-fresh_3T3_noPEG_200_4cycles,6090,3944
TCAGGAGGAACTAGGG-fresh_3T3_noPEG_200_4cycles,7158,4529
TGTACTGGATCGAGAG-fresh_3T3_noPEG_200_4cycles,6911,4298
GGTCTAAACTTGGGAG-fresh_3T3_noPEG_200_4cycles,6460,4174
CAACACCCTTAATGCC-fresh_3T3_noPEG_200_4cycles,5583,3636
GCACGACACTTTCTTG-fresh_3T3_noPEG_200_4cycles,6388,4181
GGCTTAAACTTGGTTG-fresh_3T3_noPEG_200_4cycles,6455,4094
CAAAGGGACCTACTCC-fresh_3T3_noPEG_200_4cycles,6143,3912
TCGCGTACTTTGGGAG-fresh_3T3_noPEG_200_4cycles,7937,4899
GTGTAACTGGGAATGC-fresh_3T3_noPEG_200_4cycles,7204,4507
TGAGTAAGATCGTACA-fresh_3T3_noPEG_200_4cycles,7545,4679
TCCATTCCTTGAGCAG-fresh_3T3_noPEG_200_4cycles,6719,4273
ACTACCCACGGTATGG-fresh_3T3_noPEG_200_4cycles,6487,4219
CAACGCGTGCGCAACC-fresh_3T3_noPEG_200_4cycles,6672,4078
CGGTTGGACAGATTCC-fresh_3T3_noPEG_200_4cycles,7418,4556
TACAACGTGAGACAAT-fresh_3T3_noPEG_200_4cycles,6570,4035
GTATTCACTTCCTACC-fresh_3T3_noPEG_200_4cycles,6468,4170
CAGATGACTAGGGAGG-fresh_3T3_noPEG_200_4cycles,6186,3959
TGACCCTACTGGCTGC-fresh_3T3_noPEG_200_4cycles,6829,4241
GGCTTAAACGCAGGAT-fresh_3T3_noPEG_200_4cycles,6785,4333
GCACAATACCTGGAAG-fresh_3T3_noPEG_200_4cycles,6373,4143
TCGACACCTATCTGTG-fresh_3T3_noPEG_200_4cycles,6654,4061
CCTCACAACGTACACT-fresh_3T3_noPEG_200_4cycles,6838,4339
TTGCATTACTAGACAA-fresh_3T3_noPEG_200_4cycles,6656,4291
CAAGGGAACTTTGTCT-fresh_3T3_noPEG_200_4cycles,5990,3787
CAACCCTACACGCCAC-fresh_3T3_noPEG_200_4cycles,6637,4011
CACTATACTGGAATGC-fresh_3T3_noPEG_200_4cycles,6846,4349
GTCTACCACTCCAGCG-fresh_3T3_noPEG_200_4cycles,5402,3510
CTTCACGTGTTCAGTG-fresh_3T3_noPEG_200_4cycles,7149,4505
TCTTGAGGACCTGCGA-fresh_3T3_noPEG_200_4cycles,6471,4153
CCTAGCACTTAGACAA-fresh_3T3_noPEG_200_4cycles,6416,4183
GATATGAGAAGTGAGC-fresh_3T3_noPEG_200_4cycles,6240,3956
GCTACTGCTCCTAGGC-fresh_3T3_noPEG_200_4cycles,5019,3286
CCTCCTGCTCCGTGAC-fresh_3T3_noPEG_200_4cycles,6217,3808
GACCTATGAGATCCAT-fresh_3T3_noPEG_200_4cycles,6553,4145
GTTTGAGACCTAACGT-fresh_3T3_noPEG_200_4cycles,6230,3944
CTCTGCAACCCGTTAA-fresh_3T3_noPEG_200_4cycles,6015,3873
GTGCCATCTCTCATCC-fresh_3T3_noPEG_200_4cycles,6747,4060
TGATATCCTCCTAGGC-fresh_3T3_noPEG_200_4cycles,6188,3851
GCTCCTAACTTTCGCC-fresh_3T3_noPEG_200_4cycles,5245,3500
CAACACCCTGAAACAT-fresh_3T3_noPEG_200_4cycles,7323,4632
GCACTTCTGACGCCAC-fresh_3T3_noPEG_200_4cycles,5621,3565
GAAGTGTCTCGGTACC-fresh_3T3_noPEG_200_4cycles,6188,3974
CTTGCGTACACCAAGG-fresh_3T3_noPEG_200_4cycles,6724,4112
GCTCATAGAGCGGTTC-fresh_3T3_noPEG_200_4cycles,5491,3603
GTATCACGACGCACTG-fresh_3T3_noPEG_200_4cycles,6285,4066
GTTAAGAGACCATAAC-fresh_3T3_noPEG_200_4cycles,5037,3256
GTTTCAGGACACTCAA-fresh_3T3_noPEG_200_4cycles,5934,3863
AAGATCAGACGAAAGC-fresh_3T3_noPEG_200_4cycles,6941,4389
TCCCACATGCTTAGTG-fresh_3T3_noPEG_200_4cycles,6723,4272
AGATCCTGAGAAGGCT-fresh_3T3_noPEG_200_4cycles,4589,3073
CCACTCTGAGTTCTCC-fresh_3T3_noPEG_200_4cycles,3242,1940
TGGACATACTACTTTC-fresh_3T3_noPEG_200_4cycles,6230,3958
GTTTCAGGAACGCGAA-fresh_3T3_noPEG_200_4cycles,6745,4239
GACAATCTGCTGGCAC-fresh_3T3_noPEG_200_4cycles,4888,3246
GCATCACCTAGCCTAT-fresh_3T3_noPEG_200_4cycles,7045,4306
GATAGGTCTACGTAAA-fresh_3T3_noPEG_200_4cycles,6549,4259
AAGGATCCTTCTGTGA-fresh_3T3_noPEG_200_4cycles,5715,3647
GTGGCTGTGGACTGTT-fresh_3T3_noPEG_200_4cycles,6500,4032
TCTTTAGACTCTGTAG-fresh_3T3_noPEG_200_4cycles,6302,3964
GCCAATTGAAGCGCTC-fresh_3T3_noPEG_200_4cycles,5405,3404
CGAACATACGACTGTT-fresh_3T3_noPEG_200_4cycles,5945,3750
CGCGATCGAGCAGGAT-fresh_3T3_noPEG_200_4cycles,5816,3741
TGCCACTTGATCAGGG-fresh_3T3_noPEG_200_4cycles,6852,4057
TCAAATCCTTGTCACA-fresh_3T3_noPEG_200_4cycles,5899,3839
GTTCTGGCTTAACGAA-fresh_3T3_noPEG_200_4cycles,5282,3455
AGCCTACCTGCTAGAG-fresh_3T3_noPEG_200_4cycles,6171,3879
GGTCTAAACGACCGAA-fresh_3T3_noPEG_200_4cycles,5820,3773
TAGGCCTCTTATGACC-fresh_3T3_noPEG_200_4cycles,6353,3970
CAATGCCCTTGCATGT-fresh_3T3_noPEG_200_4cycles,5800,3710
GGCGTACACGCTCAGC-fresh_3T3_noPEG_200_4cycles,5083,3356
CTTAATCTGCCTACGG-fresh_3T3_noPEG_200_4cycles,5488,3449
TAATGAGGACGAGGAT-fresh_3T3_noPEG_200_4cycles,5902,3707
TTCCTACCTTTGGTTG-fresh_3T3_noPEG_200_4cycles,5474,3518
AAATAGGACTGGAACG-fresh_3T3_noPEG_200_4cycles,6155,3881
GAAGGACACCATACTG-fresh_3T3_noPEG_200_4cycles,5552,3492
GCAGATACTAATAGCA-fresh_3T3_noPEG_200_4cycles,5033,3305
CCTCTTGGACGGAATG-fresh_3T3_noPEG_200_4cycles,6512,4102
TGAGCTAACCTTCAAG-fresh_3T3_noPEG_200_4cycles,5662,3647
GTCTACAGAACCGTGC-fresh_3T3_noPEG_200_4cycles,5806,3744
ATATGCCGAATAGCAA-fresh_3T3_noPEG_200_4cycles,5422,3571
CACTATTTGGACACCC-fresh_3T3_noPEG_200_4cycles,5662,3683
ATCCCGACTAGTACGG-fresh_3T3_noPEG_200_4cycles,6233,3976
CGTCGTACTGGATGGT-fresh_3T3_noPEG_200_4cycles,6103,3736
CACACCACTCGTAGAG-fresh_3T3_noPEG_200_4cycles,6225,3951
ACGAGGATGTGAACAA-fresh_3T3_noPEG_200_4cycles,5873,3729
CGTGCCAGAGAGAGGG-fresh_3T3_noPEG_200_4cycles,5961,3816
CGGTCTACTAATCCGT-fresh_3T3_noPEG_200_4cycles,5375,3471
GTACTGCCTCCAAGTT-fresh_3T3_noPEG_200_4cycles,5202,3435
TTCCAAACTCCAGCAC-fresh_3T3_noPEG_200_4cycles,4638,3073
CCGACAGTGGGACACA-fresh_3T3_noPEG_200_4cycles,5299,3456
CGAACATACGTTAGAA-fresh_3T3_noPEG_200_4cycles,5839,3721
GTACTGCCTGTACGTT-fresh_3T3_noPEG_200_4cycles,5713,3595
TAATGGGCTTGAGCAG-fresh_3T3_noPEG_200_4cycles,4804,3028
TGAGGTACTTACTTTC-fresh_3T3_noPEG_200_4cycles,5762,3773
CCCATTTCTAGTCTAC-fresh_3T3_noPEG_200_4cycles,5710,3490
GCTGGACACTGTGCTA-fresh_3T3_noPEG_200_4cycles,5778,3676
ATTTCTGACAAGTTCC-fresh_3T3_noPEG_200_4cycles,5578,3678
ACAGTTGACTCTGGAT-fresh_3T3_noPEG_200_4cycles,5694,3642
CAGCCGATGCGATCGC-fresh_3T3_noPEG_200_4cycles,5169,3291
GGAACATCTCGGTTTA-fresh_3T3_noPEG_200_4cycles,5255,3463
ATTTAGCCTTTGCAGT-fresh_3T3_noPEG_200_4cycles,5392,3537
ATTCCTAACGCACGCT-fresh_3T3_noPEG_200_4cycles,5816,3724
TGCTCGACTGGCCTGT-fresh_3T3_noPEG_200_4cycles,4758,2978
GCACGGACTGCATGAG-fresh_3T3_noPEG_200_4cycles,5660,3677
GTTCTCGACCCTCGTT-fresh_3T3_noPEG_200_4cycles,4477,2999
TCGACGGACGTCCCAG-fresh_3T3_noPEG_200_4cycles,5588,3611
ATCGCAAACGAGTGAC-fresh_3T3_noPEG_200_4cycles,5207,3392
CAGTGATTGGCCCTGA-fresh_3T3_noPEG_200_4cycles,5645,3599
GCGCTACGAATGGCCC-fresh_3T3_noPEG_200_4cycles,5330,3449
TGTCATGGATCCAATG-fresh_3T3_noPEG_200_4cycles,5541,3502
CCGTACGGAAATCCGT-fresh_3T3_noPEG_200_4cycles,5922,3685
GACGCACACTCTGTGA-fresh_3T3_noPEG_200_4cycles,5553,3674
TCTCTCGGAATCATCG-fresh_3T3_noPEG_200_4cycles,4839,3115
ATTGCTACTTTTGGGT-fresh_3T3_noPEG_200_4cycles,5890,3791
TCGCGTACTCCTAGCG-fresh_3T3_noPEG_200_4cycles,4257,2828
AAACTCTCTGAACCTT-fresh_3T3_noPEG_200_4cycles,5838,3705
GCGGCAACTTGCTTGA-fresh_3T3_noPEG_200_4cycles,4904,3187
TCCTGTGACTTCTGAG-fresh_3T3_noPEG_200_4cycles,5028,3248
AGGGTTTACACCATGT-fresh_3T3_noPEG_200_4cycles,5756,3707
CGATACAACCTTAGTG-fresh_3T3_noPEG_200_4cycles,5573,3622
GTTATCACTATCACAC-fresh_3T3_noPEG_200_4cycles,4896,3182
GCCTAAATGAAGTTAG-fresh_3T3_noPEG_200_4cycles,5227,3406
TACATTCACTACGATC-fresh_3T3_noPEG_200_4cycles,5300,3396
TGAGAACCTGACTCGC-fresh_3T3_noPEG_200_4cycles,4596,3052
GCATAGTACACACAAA-fresh_3T3_noPEG_200_4cycles,5018,3308
GCACTTCTGGCTTACA-fresh_3T3_noPEG_200_4cycles,6675,4085
TCCCACATGAGTCTGT-fresh_3T3_noPEG_200_4cycles,6151,3868
GAGTCATTGAGACTTC-fresh_3T3_noPEG_200_4cycles,4658,3077
GCAAATCTGACCGTGC-fresh_3T3_noPEG_200_4cycles,4788,3148
AAGAAACACATCCGTA-fresh_3T3_noPEG_200_4cycles,5057,3257
GATAACCTGGTTAGTC-fresh_3T3_noPEG_200_4cycles,4824,3138
GACCGCTGATTCGTTT-fresh_3T3_noPEG_200_4cycles,6611,4091
ATGATGCACTGCTGTA-fresh_3T3_noPEG_200_4cycles,1500,981
ATCGGCGTGGGTATGG-fresh_3T3_noPEG_200_4cycles,5008,3239
CAGGCGACTTCATGCA-fresh_3T3_noPEG_200_4cycles,5515,3478
GTTGACTGACTGTACA-fresh_3T3_noPEG_200_4cycles,5495,3566
TAGAGAAACGACAAAT-fresh_3T3_noPEG_200_4cycles,5264,3435
TCCTTAATGCCAAACT-fresh_3T3_noPEG_200_4cycles,4377,2893
AAGACGGTGGGAGTCA-fresh_3T3_noPEG_200_4cycles,5090,3274
TATCATGCTCGACATT-fresh_3T3_noPEG_200_4cycles,5254,3356
AATGTGCACACGCCAC-fresh_3T3_noPEG_200_4cycles,5006,3135
CACAGCGTGCTGGCAC-fresh_3T3_noPEG_200_4cycles,4710,3075
CTAATCACTTGATGAA-fresh_3T3_noPEG_200_4cycles,4674,3023
CGGTCTACTTACGATC-fresh_3T3_noPEG_200_4cycles,5710,3522
GACAATAGATGGCTTA-fresh_3T3_noPEG_200_4cycles,3672,2630
CCGATTCACGGGACTA-fresh_3T3_noPEG_200_4cycles,2332,1377
GAGAGGTTGCCCGAGT-fresh_3T3_noPEG_200_4cycles,5144,3320
TGTATGCGATAAAGCA-fresh_3T3_noPEG_200_4cycles,2668,1647
GACAGGAACCTACTCC-fresh_3T3_noPEG_200_4cycles,4240,2765
TATTGGTCTGATTAAG-fresh_3T3_noPEG_200_4cycles,5591,3549
GTATTCACTACCTAGT-fresh_3T3_noPEG_200_4cycles,3526,2340
GACCTTGCTCTGTGCG-fresh_3T3_noPEG_200_4cycles,5044,3235
TTGTAACCTTAATCGC-fresh_3T3_noPEG_200_4cycles,4898,3210
TACGTGTGATTGACAC-fresh_3T3_noPEG_200_4cycles,4567,3001
GAACAACCTGACAAAT-fresh_3T3_noPEG_200_4cycles,4183,2614
TGCGCAGACGCGCTGT-fresh_3T3_noPEG_200_4cycles,4970,3192
ATAGGGTCTAATCCGT-fresh_3T3_noPEG_200_4cycles,5149,3098
GACCTTAGAGCTGAGA-fresh_3T3_noPEG_200_4cycles,3667,2454
GCTATCCTGCCGGCTA-fresh_3T3_noPEG_200_4cycles,4358,2882
TGGATCCCTCGATTGT-fresh_3T3_noPEG_200_4cycles,4950,3143
ATCTATCACTAATGCC-fresh_3T3_noPEG_200_4cycles,4864,3182
TGCCGGAACAAACATG-fresh_3T3_noPEG_200_4cycles,4195,2750
TCCGAGCGATGGCATT-fresh_3T3_noPEG_200_4cycles,4033,2669
CAACAACACTTCTGAG-fresh_3T3_noPEG_200_4cycles,5201,3319
GATACGTACCGCACTG-fresh_3T3_noPEG_200_4cycles,4078,2807
TTCCTACCTTCTGCAA-fresh_3T3_noPEG_200_4cycles,4995,3246
GGAACATCTTGTTGTG-fresh_3T3_noPEG_200_4cycles,4989,3043
GACCCGTGAACCTTGA-fresh_3T3_noPEG_200_4cycles,4252,2778
ACAAGACCTGCTCCTT-fresh_3T3_noPEG_200_4cycles,4300,2770
TAAGCTGTGCAACGCC-fresh_3T3_noPEG_200_4cycles,4733,3080
CCTAGCACTCAATGAA-fresh_3T3_noPEG_200_4cycles,4847,3138
GAACTACTGATGTGGG-fresh_3T3_noPEG_200_4cycles,4577,3066
TGGCATCCTCGATCGC-fresh_3T3_noPEG_200_4cycles,4594,2958
GACACGCACAATCCAC-fresh_3T3_noPEG_200_4cycles,3553,2447
GATATCGTGTAACGAA-fresh_3T3_noPEG_200_4cycles,3772,2526
GTTCTTCCTAGAGGCT-fresh_3T3_noPEG_200_4cycles,4147,2754
GATAAGAACTAGGAGC-fresh_3T3_noPEG_200_4cycles,3595,2497
TATCATGCTTCTTTGT-fresh_3T3_noPEG_200_4cycles,4604,3007
TGACTTGGAGAGTGAC-fresh_3T3_noPEG_200_4cycles,4520,2877
CGCCCTTCTAACCAAA-fresh_3T3_noPEG_200_4cycles,4463,2569
TCACACCTGCGCAAAG-fresh_3T3_noPEG_200_4cycles,4266,2724
ATCCAGCCTTGGGCCT-fresh_3T3_noPEG_200_4cycles,4448,2931
CGGTCTACTAACGTAA-fresh_3T3_noPEG_200_4cycles,4103,2652
GACTATCGATAATAGG-fresh_3T3_noPEG_200_4cycles,4299,2857
CATCGCGGATTGCGCG-fresh_3T3_noPEG_200_4cycles,3761,2424
GCAAACTACAAACTGA-fresh_3T3_noPEG_200_4cycles,3578,2358
GACACCGTGTACCTGA-fresh_3T3_noPEG_200_4cycles,3596,2460
GCAGATACTATCTGTG-fresh_3T3_noPEG_200_4cycles,4103,2622
CTCCTAGTGCTGTGCG-fresh_3T3_noPEG_200_4cycles,4882,3074
CGTGCAGACAACGAAT-fresh_3T3_noPEG_200_4cycles,3690,2275
GCGGCTATGTGAGCAG-fresh_3T3_noPEG_200_4cycles,3486,2323
AATCCAGACAGTAGGC-fresh_3T3_noPEG_200_4cycles,3993,2610
GACAGGAACTGGCTTA-fresh_3T3_noPEG_200_4cycles,3496,2478
GGGCGATCTACGCGAA-fresh_3T3_noPEG_200_4cycles,4956,3169
TCGTATGGAGACAAAT-fresh_3T3_noPEG_200_4cycles,3923,2548
TTGCGATGAGATCATC-fresh_3T3_noPEG_200_4cycles,4275,2706
CTCAGCACTCCTGTGG-fresh_3T3_noPEG_200_4cycles,4355,2837
TCCTAATTGTGCTGTA-fresh_3T3_noPEG_200_4cycles,4328,2808
CACCCATACCGGCACT-fresh_3T3_noPEG_200_4cycles,3953,2359
TGTTCCTCTATAGGTA-fresh_3T3_noPEG_200_4cycles,4243,2784
AGTCGAACTGCTGAGA-fresh_3T3_noPEG_200_4cycles,4641,2931
CAGTGATTGGCAGTTT-fresh_3T3_noPEG_200_4cycles,4393,2858
GGCGTACACCTAACGT-fresh_3T3_noPEG_200_4cycles,3850,2446
ATCGCCGGATAATGCC-fresh_3T3_noPEG_200_4cycles,2985,2042
GACTCCTTGGAACAGC-fresh_3T3_noPEG_200_4cycles,3674,2363
GAGGTGCCTATGTCAC-fresh_3T3_noPEG_200_4cycles,3481,2232
GACGCACACGTCGGTC-fresh_3T3_noPEG_200_4cycles,3220,2125
TGGACCTCTTCATGCA-fresh_3T3_noPEG_200_4cycles,2602,1759
TATTCAGCTGCATGAG-fresh_3T3_noPEG_200_4cycles,2918,1976
CAAGGGAACTTTCTTG-fresh_3T3_noPEG_200_4cycles,3629,2425
GTCCGAGTGATGTCCA-fresh_3T3_noPEG_200_4cycles,3368,2160
AGCTGCTCTCAATAGA-fresh_3T3_noPEG_200_4cycles,4278,2691
ACCTAGTGACTCATCC-fresh_3T3_noPEG_200_4cycles,3727,2331
GACCGCTGATGCCACG-fresh_3T3_noPEG_200_4cycles,3602,2332
GACCAGGCTATTGGTC-fresh_3T3_noPEG_200_4cycles,2263,1680
GGACCACTGCATGCGC-fresh_3T3_noPEG_200_4cycles,3648,2242
GATAACCTGAGGTCCC-fresh_3T3_noPEG_200_4cycles,3375,2247
GATAGGTCTCTGGGTC-fresh_3T3_noPEG_200_4cycles,3041,2010
GCGTCGATGAGCAATA-fresh_3T3_noPEG_200_4cycles,2694,1783
CGATCGGTGACAACAA-fresh_3T3_noPEG_200_4cycles,2809,1717
ATAAGACGATCTGTAG-fresh_3T3_noPEG_200_4cycles,2991,1871
GCACGACACCTGGGTC-fresh_3T3_noPEG_200_4cycles,2807,1885
ACGAGGATGAAGTTAG-fresh_3T3_noPEG_200_4cycles,1157,741
GAGCATACTATCGGTT-fresh_3T3_noPEG_200_4cycles,2552,1706
TAACGAGCTTGCTTGA-fresh_3T3_noPEG_200_4cycles,3221,2094
GCGTCGATGAGGTCCC-fresh_3T3_noPEG_200_4cycles,2077,1406
AGTCACAACGCACCCA-fresh_3T3_PEG_200_4cycles,52928,26392
AGTACGTTGCGAACGA-fresh_3T3_PEG_200_4cycles,43183,21848
ATAGGGTCTTTAGCTG-fresh_3T3_PEG_200_4cycles,43962,22660
CTGCTTTCTGAATTGA-fresh_3T3_PEG_200_4cycles,41337,21279
GTTTCAGGAGCGTATT-fresh_3T3_PEG_200_4cycles,34859,18820
TAGGGACGAGCTGAGA-fresh_3T3_PEG_200_4cycles,32663,17864
TGTCATGGAGCTAATC-fresh_3T3_PEG_200_4cycles,30440,16394
CCCATGTACGGTTTGT-fresh_3T3_PEG_200_4cycles,30568,16922
GCTTCTGTGATCATCG-fresh_3T3_PEG_200_4cycles,31699,16981
CCTGCCTCTCTCACTC-fresh_3T3_PEG_200_4cycles,29855,16167
AGTACGACTCCCGCAA-fresh_3T3_PEG_200_4cycles,31443,16752
TTCCCTGGAGCTCTTC-fresh_3T3_PEG_200_4cycles,28291,15654
AAAGGATACAGGCGTA-fresh_3T3_PEG_200_4cycles,30383,15973
CGACCAGACTCAGGTT-fresh_3T3_PEG_200_4cycles,22433,12730
GGCGACACTTCGTAGT-fresh_3T3_PEG_200_4cycles,25590,14406
GTAACTCGAAACCCGC-fresh_3T3_PEG_200_4cycles,29465,15714
CCTACGTTGCGTACAT-fresh_3T3_PEG_200_4cycles,27793,15546
TATGGTTCTGCAGGAT-fresh_3T3_PEG_200_4cycles,29009,15928
TTGCGATGACGGAATG-fresh_3T3_PEG_200_4cycles,25358,13990
CAAAGAATGGGCCAAA-fresh_3T3_PEG_200_4cycles,28137,15705
GCTTTAGGATAATCGC-fresh_3T3_PEG_200_4cycles,26104,14329
CATCCGTACCGGGTAA-fresh_3T3_PEG_200_4cycles,26666,15121
AGGTAGCGACCGTGAC-fresh_3T3_PEG_200_4cycles,26838,14913
TTCCCTGGATAGGCGA-fresh_3T3_PEG_200_4cycles,26979,14717
TGTAGACACCGTTATG-fresh_3T3_PEG_200_4cycles,28215,15412
ATTTCAGCTTGGCTTA-fresh_3T3_PEG_200_4cycles,24953,13812
TCTACGAGAACACAAA-fresh_3T3_PEG_200_4cycles,27184,14774
GTACCCTTGCATCTTT-fresh_3T3_PEG_200_4cycles,25071,14280
TCGTTGCTGTTAGAAG-fresh_3T3_PEG_200_4cycles,21598,12164
ACTTCATACACGAGCA-fresh_3T3_PEG_200_4cycles,24189,13943
ATCAAAGGAGTTTGGT-fresh_3T3_PEG_200_4cycles,23990,13410
GTGTGATACTAACCCA-fresh_3T3_PEG_200_4cycles,20680,11795
GCTTCCTGATTACGAC-fresh_3T3_PEG_200_4cycles,23223,12906
CGTGCCAGAAGCAATA-fresh_3T3_PEG_200_4cycles,21969,12774
AGATATGGAAGTAGGC-fresh_3T3_PEG_200_4cycles,24376,13478
CTAATCTACTGCAAGG-fresh_3T3_PEG_200_4cycles,17103,10098
GGATTAAGACATGCGC-fresh_3T3_PEG_200_4cycles,20397,11637
ATTGCTACTGCCCTGA-fresh_3T3_PEG_200_4cycles,22015,12636
TAGAGCGGATTACGAC-fresh_3T3_PEG_200_4cycles,21917,12500
AAACATGGAGGCCATC-fresh_3T3_PEG_200_4cycles,22539,12800
ATCGAAAGAGGTATGG-fresh_3T3_PEG_200_4cycles,21494,12494
TACAACGTGAGACAAT-fresh_3T3_PEG_200_4cycles,20850,11938
CGCACACGAAACTAGA-fresh_3T3_PEG_200_4cycles,22657,12711
AACTGTGACTGAGGCA-fresh_3T3_PEG_200_4cycles,22103,12571
AAGTTTCCTCCTTTGC-fresh_3T3_PEG_200_4cycles,18316,10215
CATTCTATGGAACAGC-fresh_3T3_PEG_200_4cycles,17469,10123
TCTGGTCACAGCAAGC-fresh_3T3_PEG_200_4cycles,19117,11382
TCAGTCCTGCCAGCTG-fresh_3T3_PEG_200_4cycles,17494,9971
CGTAGTAACGGTATGG-fresh_3T3_PEG_200_4cycles,18571,11015
GCATGATACAAGGCTG-fresh_3T3_PEG_200_4cycles,19038,10774
AGGGTTTACAAGGCCA-fresh_3T3_PEG_200_4cycles,18891,10989
CAAAGAATGCCTCAAA-fresh_3T3_PEG_200_4cycles,17724,10275
TCCGGGTGAAGCAGGT-fresh_3T3_PEG_200_4cycles,17630,10468
CTCTCTGGAACCTAGT-fresh_3T3_PEG_200_4cycles,18498,10677
ATGTCCAGAGGGATTG-fresh_3T3_PEG_200_4cycles,15743,9273
ACTGATTCTTGCGTGC-fresh_3T3_PEG_200_4cycles,16506,9630
AATCAGCTGGCTTACA-fresh_3T3_PEG_200_4cycles,18620,10628
AGTTTGCGAATCAGGG-fresh_3T3_PEG_200_4cycles,20015,11390
CGACCTTTGTCGACAT-fresh_3T3_PEG_200_4cycles,18518,10672
CCTAACGCTGGACCAA-fresh_3T3_PEG_200_4cycles,17684,10594
CTGCGAGTGACCATGT-fresh_3T3_PEG_200_4cycles,20184,11796
AGGAAGAGAGTCTGGC-fresh_3T3_PEG_200_4cycles,17771,9893
TCGGCTTACCCTCAAA-fresh_3T3_PEG_200_4cycles,16999,9918
AGGTAGGTGAGGTAAT-fresh_3T3_PEG_200_4cycles,19306,10901
CATTGGAACTTAGCTG-fresh_3T3_PEG_200_4cycles,16518,9639
TACCACCACAATGCGG-fresh_3T3_PEG_200_4cycles,16897,9975
ACGGTTAACATTGGTC-fresh_3T3_PEG_200_4cycles,17695,10345
AGAACATGACTCATTT-fresh_3T3_PEG_200_4cycles,17172,10095
GCGTAAACTTGCATGT-fresh_3T3_PEG_200_4cycles,18617,10728
CTCTATATGCCGCAGT-fresh_3T3_PEG_200_4cycles,16896,10102
CTCCTAGTGAACTAGA-fresh_3T3_PEG_200_4cycles,16161,9485
AAGAATGTGTACAGCT-fresh_3T3_PEG_200_4cycles,15440,9020
GCGTTTAGAAGACAAT-fresh_3T3_PEG_200_4cycles,17122,9843
ACGCCCAGAATTCTGG-fresh_3T3_PEG_200_4cycles,15712,9406
TGTGTTACTGACGCCT-fresh_3T3_PEG_200_4cycles,16550,9661
GGAAGAAGATTTCGCC-fresh_3T3_PEG_200_4cycles,16398,9719
TCTTATGACGCACTTA-fresh_3T3_PEG_200_4cycles,16049,9544
TTGTCAACTGCTTTGA-fresh_3T3_PEG_200_4cycles,17525,9915
ATGATAGGACCTAACA-fresh_3T3_PEG_200_4cycles,14250,8499
GTTAAGAGATTCGGGC-fresh_3T3_PEG_200_4cycles,15628,8753
CGATAAAGACGGTTTA-fresh_3T3_PEG_200_4cycles,16541,9652
ACTGCTAGACCAACGC-fresh_3T3_PEG_200_4cycles,15030,8800
AGTGTGACTTTGACCA-fresh_3T3_PEG_200_4cycles,14780,8770
TGGCCTTTGATACGCT-fresh_3T3_PEG_200_4cycles,16501,9408
TGATAGAGAACAACAA-fresh_3T3_PEG_200_4cycles,14543,8888
ATGGCTATGCTGTACA-fresh_3T3_PEG_200_4cycles,12357,7548
AGCTTGTGAATCTGTG-fresh_3T3_PEG_200_4cycles,16404,9266
TTGTCGAGACCAGCTG-fresh_3T3_PEG_200_4cycles,14661,8657
CGGTCGATGGCCGCTA-fresh_3T3_PEG_200_4cycles,15846,9270
GGGCTTCGAAGCTTGT-fresh_3T3_PEG_200_4cycles,16249,9211
TACTGGAACAGGGAGG-fresh_3T3_PEG_200_4cycles,15286,9090
CACCCATACCAATGAA-fresh_3T3_PEG_200_4cycles,13646,8052
CTTTCTGCTTAAGTAG-fresh_3T3_PEG_200_4cycles,15025,8684
AATGGTGCTTAATGCC-fresh_3T3_PEG_200_4cycles,15893,9524
GGCAACGCTATGGCCC-fresh_3T3_PEG_200_4cycles,14800,8621
CATTGGAACTGGCTTA-fresh_3T3_PEG_200_4cycles,14473,8510
GCATGATACCGACAAG-fresh_3T3_PEG_200_4cycles,14794,8702
CGATAAAGATCATTGG-fresh_3T3_PEG_200_4cycles,10459,6470
AGGAAGCACCAATGAA-fresh_3T3_PEG_200_4cycles,13415,8320
CGCAAATACGAAGGCT-fresh_3T3_PEG_200_4cycles,14693,8720
AGAACATGAGCGAGTA-fresh_3T3_PEG_200_4cycles,12796,7630
TCTACGCTGGACATAA-fresh_3T3_PEG_200_4cycles,14706,8710
GGTTGTATGCGTAGAG-fresh_3T3_PEG_200_4cycles,15211,8658
CTCTGACTGCCGGACT-fresh_3T3_PEG_200_4cycles,12966,7939
CTGGTGGACGACAAAT-fresh_3T3_PEG_200_4cycles,14141,8350
GCTATGATGCGGAATG-fresh_3T3_PEG_200_4cycles,14306,8339
CTAACTGGATGTGCTA-fresh_3T3_PEG_200_4cycles,14764,8993
TGGCATCCTGGTGTCC-fresh_3T3_PEG_200_4cycles,15492,9032
GGTGCGTTGAACCAAA-fresh_3T3_PEG_200_4cycles,13696,8017
CATTGTTACCTCTGGG-fresh_3T3_PEG_200_4cycles,14225,8530
CACTCTGACAATCTGC-fresh_3T3_PEG_200_4cycles,12264,7276
CGCACTTACGCTGAGA-fresh_3T3_PEG_200_4cycles,12873,7646
AAACGAAACTAAGTAG-fresh_3T3_PEG_200_4cycles,13632,8249
TAAGGCTTGCTTAGTG-fresh_3T3_PEG_200_4cycles,15099,8605
GCTATGATGCCCGAGT-fresh_3T3_PEG_200_4cycles,15583,9084
ATTCCAGGAACAGATA-fresh_3T3_PEG_200_4cycles,11529,7020
CAAGGGAACTGGAACG-fresh_3T3_PEG_200_4cycles,12940,7781
CATTGGAACGTACACT-fresh_3T3_PEG_200_4cycles,12997,7840
GGCTTGCGAGGAGTCA-fresh_3T3_PEG_200_4cycles,13871,8144
CAAGGGTGAGTCAATC-fresh_3T3_PEG_200_4cycles,14839,8780
TGTCTTCCTGAACATA-fresh_3T3_PEG_200_4cycles,13996,8463
TGTCTTCCTGTTGGTT-fresh_3T3_PEG_200_4cycles,13018,7770
GCGTAAACTAGATTCC-fresh_3T3_PEG_200_4cycles,12574,7538
ACACTCCACTCTTTGT-fresh_3T3_PEG_200_4cycles,14110,8427
TGGGAGTGACCCGAGT-fresh_3T3_PEG_200_4cycles,11733,7098
CATGATGTGCAAGTTC-fresh_3T3_PEG_200_4cycles,12505,7594
CAAGGGATGGAACGTG-fresh_3T3_PEG_200_4cycles,13266,7913
CAAGTGGGATCGACAT-fresh_3T3_PEG_200_4cycles,12320,7412
AAATGCGCTCGGGTAA-fresh_3T3_PEG_200_4cycles,12228,7430
ATGGGAGTGCCTTTGC-fresh_3T3_PEG_200_4cycles,11835,7116
ATTTCAGCTATCCTTT-fresh_3T3_PEG_200_4cycles,13846,7860
ATCGGGCACCCTCAAA-fresh_3T3_PEG_200_4cycles,12973,7698
AGGACAGACCGCAACC-fresh_3T3_PEG_200_4cycles,13474,8028
TTCTAGACTGATCATC-fresh_3T3_PEG_200_4cycles,13997,8377
GGAATGGTGCGACACC-fresh_3T3_PEG_200_4cycles,13951,7934
GTTATTGCTAGGTAAT-fresh_3T3_PEG_200_4cycles,13507,7728
TTTATCCGAACAGGCA-fresh_3T3_PEG_200_4cycles,11957,7263
ACACACTGAACTCGAT-fresh_3T3_PEG_200_4cycles,13566,7993
TGTTCTCCTAAGCTAA-fresh_3T3_PEG_200_4cycles,12712,7757
CATAGGTACTGGCTGC-fresh_3T3_PEG_200_4cycles,14239,8139
CCTCATGACCTCGAGC-fresh_3T3_PEG_200_4cycles,14980,8710
TTGGAGACTTACTTTC-fresh_3T3_PEG_200_4cycles,13489,8079
TGTCCGTTGTGTTCCC-fresh_3T3_PEG_200_4cycles,10363,6323
TACGCCTTGAATCTGC-fresh_3T3_PEG_200_4cycles,11428,6740
TTCAAGCGAATCCGTA-fresh_3T3_PEG_200_4cycles,13266,7870
CTATGTTACTATTGCG-fresh_3T3_PEG_200_4cycles,12822,7655
ATAAGACGATGCTACA-fresh_3T3_PEG_200_4cycles,12664,7639
GAGCGATGATGGCTTA-fresh_3T3_PEG_200_4cycles,13006,7503
CGCCCTTCTCGCCACA-fresh_3T3_PEG_200_4cycles,13243,7687
ACGTTCAGAACCTTGA-fresh_3T3_PEG_200_4cycles,13173,7983
CTTATTGTGTCCAGCG-fresh_3T3_PEG_200_4cycles,13157,7657
TGCATGCCTCTTAAGC-fresh_3T3_PEG_200_4cycles,11256,6632
CTGGCCAGAGATGGAC-fresh_3T3_PEG_200_4cycles,12914,7695
GGTCTGGACAGGCGTA-fresh_3T3_PEG_200_4cycles,12724,7251
GTGAAGGACGAATCTC-fresh_3T3_PEG_200_4cycles,12117,7388
CGAACATACGCTTCGG-fresh_3T3_PEG_200_4cycles,11397,6966
CTCTTGGACCGTTATG-fresh_3T3_PEG_200_4cycles,11945,7163
CTGCCATTGCTAACGT-fresh_3T3_PEG_200_4cycles,11519,6822
ACACTCCACGACGCCT-fresh_3T3_PEG_200_4cycles,11402,6884
CCGCTAACTGCGTATT-fresh_3T3_PEG_200_4cycles,11048,6595
CATTCCCGAAAGGCTG-fresh_3T3_PEG_200_4cycles,12875,7502
TCACGGGACTAGCAGG-fresh_3T3_PEG_200_4cycles,11941,7175
GTGGTTAACACTCGAT-fresh_3T3_PEG_200_4cycles,11840,7093
TTGTTTGACCTGGAAG-fresh_3T3_PEG_200_4cycles,11218,6854
ATCGCAATGAAGACAT-fresh_3T3_PEG_200_4cycles,11644,6999
AGGAGGTTGTAGGAGC-fresh_3T3_PEG_200_4cycles,13082,7420
ACAGCCGACTAGCAGG-fresh_3T3_PEG_200_4cycles,13489,7958
CCTCCTGCTGATCCAT-fresh_3T3_PEG_200_4cycles,11970,7003
CCACAGGTGCGAATCT-fresh_3T3_PEG_200_4cycles,10628,6562
CAGCCGATGGACTCGC-fresh_3T3_PEG_200_4cycles,11208,6755
GACGACAGAAGCAGGT-fresh_3T3_PEG_200_4cycles,12218,7254
CGCGTTGGAAGGACAC-fresh_3T3_PEG_200_4cycles,12078,7183
CTGTAAGTGAGTTGAA-fresh_3T3_PEG_200_4cycles,11653,6895
GGTGCGTTGTGCTCAA-fresh_3T3_PEG_200_4cycles,12757,7598
CGCATCTTGACCAGTT-fresh_3T3_PEG_200_4cycles,10864,6523
GAAGGCATGCGAGTGA-fresh_3T3_PEG_200_4cycles,12328,7279
TGAGTAAGAGTCTTGA-fresh_3T3_PEG_200_4cycles,9077,5682
TCTTGAGGATGGCTGC-fresh_3T3_PEG_200_4cycles,11141,6729
TATTCAGCTGTACGTT-fresh_3T3_PEG_200_4cycles,11726,7114
TTCGACCACCTCGAGC-fresh_3T3_PEG_200_4cycles,12903,7479
CCTCACAACTGCATCA-fresh_3T3_PEG_200_4cycles,11415,7001
GTGCTCACTAATCGCT-fresh_3T3_PEG_200_4cycles,11267,7033
TAGGGACGAGGTAGAC-fresh_3T3_PEG_200_4cycles,10440,6444
CAAGGGTGAACCGTTA-fresh_3T3_PEG_200_4cycles,12501,7534
CGTCAACCTCTCGAGC-fresh_3T3_PEG_200_4cycles,11997,6993
CCAGTTGCTCCCGCAA-fresh_3T3_PEG_200_4cycles,10872,6656
CGTGCTGGACATGATC-fresh_3T3_PEG_200_4cycles,11748,6928
TGGACCCGAATACGCT-fresh_3T3_PEG_200_4cycles,10557,6447
GTAATCGTGTAGCGAG-fresh_3T3_PEG_200_4cycles,11413,6734
ATGGGACGAATCAGCT-fresh_3T3_PEG_200_4cycles,11634,6848
AACCAACACTACCAAC-fresh_3T3_PEG_200_4cycles,10048,6214
TCGCCGAGACCTAGTA-fresh_3T3_PEG_200_4cycles,10416,6226
CATCCGTACGGACACA-fresh_3T3_PEG_200_4cycles,9720,5981
GCGCTACGATGAAAGT-fresh_3T3_PEG_200_4cycles,8390,5286
AATGGTGCTACACCTA-fresh_3T3_PEG_200_4cycles,10421,6347
TGCGGGACTTACAGAA-fresh_3T3_PEG_200_4cycles,11552,6935
GAATCAGCTCATCCTC-fresh_3T3_PEG_200_4cycles,12864,7568
GGTGTAACTTTACGAC-fresh_3T3_PEG_200_4cycles,10569,6526
CTCAAACGACCTCGTT-fresh_3T3_PEG_200_4cycles,9888,5973
GTGGTTAACTAATCGC-fresh_3T3_PEG_200_4cycles,10245,6267
CCCATGTACAGGACCA-fresh_3T3_PEG_200_4cycles,10836,6482
AAACGACCTCCGTTAA-fresh_3T3_PEG_200_4cycles,11864,7063
ATCCTCGACCCTATCC-fresh_3T3_PEG_200_4cycles,9654,5858
TAGTACCGAACCAGTT-fresh_3T3_PEG_200_4cycles,10152,6378
ATTTAGCCTCATAGCT-fresh_3T3_PEG_200_4cycles,11231,6797
ACGGTTAACAGCAATA-fresh_3T3_PEG_200_4cycles,8133,5165
ACTGGAGGAACTCGAT-fresh_3T3_PEG_200_4cycles,12022,7312
TGGTAAGCTTCTGGGC-fresh_3T3_PEG_200_4cycles,10541,6258
GAGTCTCCTATCGGTT-fresh_3T3_PEG_200_4cycles,9925,6135
GGGAAAGCTTAGCGAG-fresh_3T3_PEG_200_4cycles,10099,5981
CCAAGGAGACCAGCAC-fresh_3T3_PEG_200_4cycles,11709,6751
AAGGTGCGAATGTGGG-fresh_3T3_PEG_200_4cycles,10765,6385
TTGTGGTGAAGATTCC-fresh_3T3_PEG_200_4cycles,11113,6595
ACTCAGAACCGATTAC-fresh_3T3_PEG_200_4cycles,11890,7188
ATCGGGCACCTGTACA-fresh_3T3_PEG_200_4cycles,10457,6315
CGACCAGACGCTTTGA-fresh_3T3_PEG_200_4cycles,11878,6967
CTCAAACGATAACGAA-fresh_3T3_PEG_200_4cycles,10095,6109
TGGATAGCTCATCCTC-fresh_3T3_PEG_200_4cycles,10557,6356
GCTGACCGAGCCGTTG-fresh_3T3_PEG_200_4cycles,9525,5755
GCACTGTCTTGCGTGC-fresh_3T3_PEG_200_4cycles,9436,5729
TACCGCTACGTACTAC-fresh_3T3_PEG_200_4cycles,8783,5491
CAAGAATGATTGCAGT-fresh_3T3_PEG_200_4cycles,9668,5857
GGTACGCTGTTTGGGT-fresh_3T3_PEG_200_4cycles,11967,7002
GAATTCTCTTGCGTGC-fresh_3T3_PEG_200_4cycles,9728,5912
TAAGCTGACGCTTCGG-fresh_3T3_PEG_200_4cycles,8355,5173
TCCATGGCTTACCTGA-fresh_3T3_PEG_200_4cycles,9529,5776
ACGGCCTGACGTTATG-fresh_3T3_PEG_200_4cycles,9487,5871
TTGTTTGTGATGAATG-fresh_3T3_PEG_200_4cycles,11110,6702
CATTGTTACGTGGTGA-fresh_3T3_PEG_200_4cycles,9741,5910
CTATTGGGAACCGTTA-fresh_3T3_PEG_200_4cycles,10771,6413
CCGTTACTGGGTGCAA-fresh_3T3_PEG_200_4cycles,9737,5926
ACGGTTAACGCACTTA-fresh_3T3_PEG_200_4cycles,10921,6280
CAGTGGAGAGCGCAAA-fresh_3T3_PEG_200_4cycles,10168,6233
GAAGTGTCTGCTTACA-fresh_3T3_PEG_200_4cycles,8561,5481
GACTCCTTGGCCACGT-fresh_3T3_PEG_200_4cycles,10173,6333
TTCCAAACTTAATCGC-fresh_3T3_PEG_200_4cycles,10671,6409
CGCACACGACGTAGAG-fresh_3T3_PEG_200_4cycles,10569,6381
GGACCACTGCTACTCC-fresh_3T3_PEG_200_4cycles,9194,5719
CTTCCTTTGCGAACAG-fresh_3T3_PEG_200_4cycles,10771,6511
GTGCAGAGACTATCTT-fresh_3T3_PEG_200_4cycles,9176,5752
AGCTCTGCTTGGGCCT-fresh_3T3_PEG_200_4cycles,10235,6196
GTTATTGCTATAGGTA-fresh_3T3_PEG_200_4cycles,10379,6359
AATTACCCTATACGCT-fresh_3T3_PEG_200_4cycles,9731,6008
CTACCTCGAGAACAGC-fresh_3T3_PEG_200_4cycles,11376,6924
AGAGCAGTGTGCAAGG-fresh_3T3_PEG_200_4cycles,8952,5443
CAAGGGATGCCGGCTA-fresh_3T3_PEG_200_4cycles,10339,6241
GGGAGCTCTAGTGGTG-fresh_3T3_PEG_200_4cycles,9559,5937
ATGTCCAGATATTGCG-fresh_3T3_PEG_200_4cycles,9929,6076
CTGCTGGGAGAATAGT-fresh_3T3_PEG_200_4cycles,10122,6101
TCAGGAGGACGACAAG-fresh_3T3_PEG_200_4cycles,10314,6281
CATGGATTGTGCTGTA-fresh_3T3_PEG_200_4cycles,9417,5812
CTGCCTTGAGCCCTGA-fresh_3T3_PEG_200_4cycles,10820,6303
CTTAGGCCTTTCGCCT-fresh_3T3_PEG_200_4cycles,8151,5076
CAACGCGTGAGGGAGG-fresh_3T3_PEG_200_4cycles,10508,6357
ATGCCGCGAGCAGTTT-fresh_3T3_PEG_200_4cycles,11062,6669
ATACCTGGATGCTTGA-fresh_3T3_PEG_200_4cycles,9620,5887
AACTTACCTGAAATCA-fresh_3T3_PEG_200_4cycles,9622,6000
CTGCGACGACTGATCA-fresh_3T3_PEG_200_4cycles,10090,6014
AACGCGAGAACCAGTT-fresh_3T3_PEG_200_4cycles,10301,6323
TTGGGTAACGACACCC-fresh_3T3_PEG_200_4cycles,9345,5472
TCCGCCTCTGAATCTC-fresh_3T3_PEG_200_4cycles,9577,5789
CTAGGGCACTATCTGG-fresh_3T3_PEG_200_4cycles,10241,6383
CCACTTGTGTAATCGC-fresh_3T3_PEG_200_4cycles,8914,5521
ATGTACGTGAGTCTGT-fresh_3T3_PEG_200_4cycles,9307,5641
TAATAGGGAGACACCC-fresh_3T3_PEG_200_4cycles,9016,5537
CATTCAACTGTTCTCC-fresh_3T3_PEG_200_4cycles,8852,5479
ATGACAAGATTTCTGT-fresh_3T3_PEG_200_4cycles,8652,5440
GGTGAGATGTCGCTAA-fresh_3T3_PEG_200_4cycles,9788,5816
TTGGCTCTGTATCTGG-fresh_3T3_PEG_200_4cycles,9603,5901
TCCGTGGGAAATCCGT-fresh_3T3_PEG_200_4cycles,8917,5544
ATCGTTTACGGAATTA-fresh_3T3_PEG_200_4cycles,9243,5600
CAAACCATGTTGTGAC-fresh_3T3_PEG_200_4cycles,8877,5461
TTGGGTAACGAAGTTA-fresh_3T3_PEG_200_4cycles,9215,5708
AGGTGTGGAAAAGGTT-fresh_3T3_PEG_200_4cycles,10124,6099
ACCGTGTCTCGAAGCA-fresh_3T3_PEG_200_4cycles,8471,5278
GATGCGCACCGGAAGT-fresh_3T3_PEG_200_4cycles,8893,5654
TCCCAGACTACACCGC-fresh_3T3_PEG_200_4cycles,8726,5377
TGTACCAGACTCACGG-fresh_3T3_PEG_200_4cycles,9366,5517
TCACACAGAAACCAAA-fresh_3T3_PEG_200_4cycles,8870,5444
GAAGCTTTGATCTGTG-fresh_3T3_PEG_200_4cycles,7718,4849
TAAACGCACCCCGAGT-fresh_3T3_PEG_200_4cycles,9974,5923
TAGGGTTTGTATGACC-fresh_3T3_PEG_200_4cycles,8939,5414
GGCGACACTCCCGCAA-fresh_3T3_PEG_200_4cycles,9163,5571
GATAACCTGAGGTCCC-fresh_3T3_PEG_200_4cycles,8461,5364
ACACATCGAGTTGTCA-fresh_3T3_PEG_200_4cycles,10228,6155
TAAGGCTTGTAGACAA-fresh_3T3_PEG_200_4cycles,9512,5829
AGGACAGACTAATAGG-fresh_3T3_PEG_200_4cycles,9284,5664
GCGCAGTTGGTACTAC-fresh_3T3_PEG_200_4cycles,9054,5540
CTTAATCTGGAAGGTC-fresh_3T3_PEG_200_4cycles,9244,5656
CGTTGCACTACCATGT-fresh_3T3_PEG_200_4cycles,8260,5140
CTCTGGACTAGTCGGA-fresh_3T3_PEG_200_4cycles,8984,5433
ACGGCTTCTGCACTTA-fresh_3T3_PEG_200_4cycles,8188,5055
GTGCCATCTTTTCGCC-fresh_3T3_PEG_200_4cycles,9028,5385
ACCCTTTCTGTTTACG-fresh_3T3_PEG_200_4cycles,8873,5466
CGAGTCTCTGGACCTC-fresh_3T3_PEG_200_4cycles,8231,4940
GCAATCATGAGCAAGC-fresh_3T3_PEG_200_4cycles,8403,5142
CTATGCCACGAACAGC-fresh_3T3_PEG_200_4cycles,11187,6457
CTACTCTCTGCTCAGC-fresh_3T3_PEG_200_4cycles,9076,5605
TATTGGTCTCGCAACC-fresh_3T3_PEG_200_4cycles,8655,5212
GAAGGACACCATACTG-fresh_3T3_PEG_200_4cycles,8203,5063
GCATCTCTGCTGCGGT-fresh_3T3_PEG_200_4cycles,8165,5175
CAAAGAATGAATCTGC-fresh_3T3_PEG_200_4cycles,9899,5881
ATAACCGTGCATACTG-fresh_3T3_PEG_200_4cycles,9756,5867
AATCGGACTACCGTGC-fresh_3T3_PEG_200_4cycles,10222,6112
ATTGCTACTTCGAGAG-fresh_3T3_PEG_200_4cycles,7274,4509
AGGCCAAGATTCGGGC-fresh_3T3_PEG_200_4cycles,8325,5167
CCCATTTCTGGACAGT-fresh_3T3_PEG_200_4cycles,9157,5531
TCGCCTCCTCAACGCC-fresh_3T3_PEG_200_4cycles,9606,5846
ACCTCCATGGTACGTT-fresh_3T3_PEG_200_4cycles,8141,5023
GCTTCCTGAGGTTGAG-fresh_3T3_PEG_200_4cycles,8782,5461
TTGCGGTCTCGCTCGA-fresh_3T3_PEG_200_4cycles,9317,5602
CGTGTCTTGGAATGTA-fresh_3T3_PEG_200_4cycles,8735,5311
TGCGCCAGAGAGTGAC-fresh_3T3_PEG_200_4cycles,8355,5158
TGAGGGATGATGTGGG-fresh_3T3_PEG_200_4cycles,9792,5856
CCTAACGCTTCAATGC-fresh_3T3_PEG_200_4cycles,9353,5734
GCTTGTCACTCGCAGC-fresh_3T3_PEG_200_4cycles,8773,5350
TATCCATACGGTGCAA-fresh_3T3_PEG_200_4cycles,8204,5136
TAAGCTGACGGCCTGT-fresh_3T3_PEG_200_4cycles,8152,5125
TTCACGAGATCATTTC-fresh_3T3_PEG_200_4cycles,8133,5079
CTACGTGCTGGACAGT-fresh_3T3_PEG_200_4cycles,9332,5727
CCGTTTGTGTTGCAGT-fresh_3T3_PEG_200_4cycles,8243,5152
TAGGCCTCTCCATGTA-fresh_3T3_PEG_200_4cycles,7908,4981
ACGGGAATGGGCCTGT-fresh_3T3_PEG_200_4cycles,8082,4974
TACAACCGAGGCCTGT-fresh_3T3_PEG_200_4cycles,7717,4714
GGCTTACCTCCGGCTA-fresh_3T3_PEG_200_4cycles,8431,5097
TAGTCGCCTTGAGTAA-fresh_3T3_PEG_200_4cycles,9601,5854
ACCTCCAACCCAGCTG-fresh_3T3_PEG_200_4cycles,9033,5661
ACAAAGAACCGCTCGA-fresh_3T3_PEG_200_4cycles,7847,4799
TGGGCCATGTACGTTG-fresh_3T3_PEG_200_4cycles,7371,4557
TTACTGGGACAGTCTA-fresh_3T3_PEG_200_4cycles,7703,4877
GCACTTCTGACGCCAC-fresh_3T3_PEG_200_4cycles,7518,4715
GGTGTAACTCGAAAGC-fresh_3T3_PEG_200_4cycles,8822,5268
CTAAGTCGAGCTTTGA-fresh_3T3_PEG_200_4cycles,9025,5517
GAGGCAATGGATCATC-fresh_3T3_PEG_200_4cycles,8240,5192
TCACGGGACCGACACC-fresh_3T3_PEG_200_4cycles,8048,4739
CCGATTCACTGCTACA-fresh_3T3_PEG_200_4cycles,8925,5463
TCGTCTGACATCCGTA-fresh_3T3_PEG_200_4cycles,8464,5271
CGTAGCTCTAGGTGAC-fresh_3T3_PEG_200_4cycles,7541,4679
GCACGACACTTTCTTG-fresh_3T3_PEG_200_4cycles,8069,5043
GTAATCGACCCAAACT-fresh_3T3_PEG_200_4cycles,8191,5061
CCAGGCAACCAGGCCT-fresh_3T3_PEG_200_4cycles,7951,4916
ATCATCTACGAATCTC-fresh_3T3_PEG_200_4cycles,7099,4573
GGGATTGGAAAAGTAC-fresh_3T3_PEG_200_4cycles,7284,4590
TGGCAATTGTTGGTTG-fresh_3T3_PEG_200_4cycles,8550,5197
GGTCTGGACGCCCTGA-fresh_3T3_PEG_200_4cycles,7603,4773
GTACTGAACAACGAAT-fresh_3T3_PEG_200_4cycles,7315,4642
ACGTGTTGAAAGGTGC-fresh_3T3_PEG_200_4cycles,9153,5460
CACATATCTGGGACTA-fresh_3T3_PEG_200_4cycles,9056,5561
GTTCCTGTGCAGGTGA-fresh_3T3_PEG_200_4cycles,7209,4617
AATTGCCGACCTGCGA-fresh_3T3_PEG_200_4cycles,7807,4787
CCCAGGATGCCAAGTT-fresh_3T3_PEG_200_4cycles,8522,5093
GCATCCTTGGGACACA-fresh_3T3_PEG_200_4cycles,9009,5521
ACTGTGATGAAGGTGC-fresh_3T3_PEG_200_4cycles,7875,4910
TAATGGGCTGGAATTA-fresh_3T3_PEG_200_4cycles,8406,5195
TTGATTCACTTCTGGA-fresh_3T3_PEG_200_4cycles,7368,4593
CGGTGTGTGGACAAAT-fresh_3T3_PEG_200_4cycles,7867,4865
GATTCTGGATGCCACG-fresh_3T3_PEG_200_4cycles,7946,5114
ACACAGACTTGGCATT-fresh_3T3_PEG_200_4cycles,6268,4084
GGTCTAAACCTGCGGT-fresh_3T3_PEG_200_4cycles,6854,4436
CCCACAGGAACCAGTT-fresh_3T3_PEG_200_4cycles,8328,5135
CCTGATCACGCTTCGG-fresh_3T3_PEG_200_4cycles,6992,4384
CTCGAACCTATCAGGG-fresh_3T3_PEG_200_4cycles,7731,4775
ACCTAGTGACTCATCC-fresh_3T3_PEG_200_4cycles,8427,5081
ACACAGACTCTTGTGA-fresh_3T3_PEG_200_4cycles,7057,4423
GTACTGAACCTTGTGA-fresh_3T3_PEG_200_4cycles,7809,5055
ATGACAAGAATGGCCC-fresh_3T3_PEG_200_4cycles,8330,5099
AAGTGCTTGAACGAAT-fresh_3T3_PEG_200_4cycles,7434,4598
ACCTGCTTGTCTGTAG-fresh_3T3_PEG_200_4cycles,8218,5135
AAACCCTGAGCTTACA-fresh_3T3_PEG_200_4cycles,8321,5026
TACCGCTTGTGGCTGC-fresh_3T3_PEG_200_4cycles,7428,4579
CCAGCTTTGTTTCTGT-fresh_3T3_PEG_200_4cycles,7856,4783
CAGCCGATGCCGCTAG-fresh_3T3_PEG_200_4cycles,7073,4403
TACACAGACTCGTAAC-fresh_3T3_PEG_200_4cycles,6526,4083
GTACCGGACACACAAA-fresh_3T3_PEG_200_4cycles,8397,5071
TCCTTAAACGAATAAC-fresh_3T3_PEG_200_4cycles,7646,4820
CTCAATTTGGTACTAC-fresh_3T3_PEG_200_4cycles,7419,4576
GCGTCTTTGTAACGGG-fresh_3T3_PEG_200_4cycles,7096,4386
TTCGTCCGAACTCGAT-fresh_3T3_PEG_200_4cycles,7885,4868
CCGTTCTGATCGCTAA-fresh_3T3_PEG_200_4cycles,8263,5057
GCACTCACTCCTCCTA-fresh_3T3_PEG_200_4cycles,8296,5159
TTGTCGAGACTACTCC-fresh_3T3_PEG_200_4cycles,7589,4702
CTACATTACAGTTGAA-fresh_3T3_PEG_200_4cycles,7829,4933
ATCCTCGACGCACTTA-fresh_3T3_PEG_200_4cycles,7328,4539
CGTCAACCTTGGGCAA-fresh_3T3_PEG_200_4cycles,7371,4525
CTATGTTACTAACCCA-fresh_3T3_PEG_200_4cycles,8802,5376
CTCTGCAACCGGAATG-fresh_3T3_PEG_200_4cycles,7125,4471
AGAACGCGAAAACTGA-fresh_3T3_PEG_200_4cycles,7408,4484
ACGAACTTGTACGATC-fresh_3T3_PEG_200_4cycles,6870,4247
TGTTACTACTGATGAA-fresh_3T3_PEG_200_4cycles,7168,4520
CTCTCTTTGACAGGTG-fresh_3T3_PEG_200_4cycles,7218,4324
GGACCACTGCTGCGGT-fresh_3T3_PEG_200_4cycles,7264,4556
CCACATGCTCAGCTGC-fresh_3T3_PEG_200_4cycles,7814,4805
ACAAGACCTAGGCGTA-fresh_3T3_PEG_200_4cycles,7447,4585
TATGGGTACGCAGTTT-fresh_3T3_PEG_200_4cycles,6869,4385
TCGTGAATGCGTAACT-fresh_3T3_PEG_200_4cycles,7574,4684
TTGTTTGACCGCAACC-fresh_3T3_PEG_200_4cycles,7633,4764
CTATCTATGGTCTTGA-fresh_3T3_PEG_200_4cycles,7692,4770
GGTCTAAACAATCGCT-fresh_3T3_PEG_200_4cycles,5992,3946
TGGACCTCTCGATTGT-fresh_3T3_PEG_200_4cycles,6906,4361
GGAAGGACTGGCCAAA-fresh_3T3_PEG_200_4cycles,7461,4588
TCGGCTTACGGCCATC-fresh_3T3_PEG_200_4cycles,8141,4940
TCACACAGAATCACAC-fresh_3T3_PEG_200_4cycles,7530,4631
CATCCGTACCTTTGTT-fresh_3T3_PEG_200_4cycles,7875,4699
TCCCACATGTACGTTG-fresh_3T3_PEG_200_4cycles,7441,4729
CCTACGTTGAAAGGTT-fresh_3T3_PEG_200_4cycles,7922,4968
CGAACATACGACTGTT-fresh_3T3_PEG_200_4cycles,7720,4798
ATGCGCGTGCCTAACA-fresh_3T3_PEG_200_4cycles,7486,4610
TTCACGCTGCGTAACT-fresh_3T3_PEG_200_4cycles,7577,4730
ACGGGAATGATCAGGG-fresh_3T3_PEG_200_4cycles,5731,3662
ACTGTGATGCATGATC-fresh_3T3_PEG_200_4cycles,6669,4236
AAATAGGACATTAAGG-fresh_3T3_PEG_200_4cycles,7309,4604
GGGAGAACTCTGGAAG-fresh_3T3_PEG_200_4cycles,6801,4294
GTAATCGACAATCTGC-fresh_3T3_PEG_200_4cycles,7158,4544
TCGCGTACTCCATGTA-fresh_3T3_PEG_200_4cycles,7258,4548
TACATTCACTACCTGA-fresh_3T3_PEG_200_4cycles,7472,4729
ATGCCGCGATCGTCCT-fresh_3T3_PEG_200_4cycles,7057,4390
TTGTCAACTGTTAGTC-fresh_3T3_PEG_200_4cycles,6806,4300
TTTCGCTCTCAAGTAA-fresh_3T3_PEG_200_4cycles,7267,4519
ACCGGAGCTTCCCGTT-fresh_3T3_PEG_200_4cycles,7294,4497
TCTGAGCCTATGTCAC-fresh_3T3_PEG_200_4cycles,6397,4094
GTTAGTTCTTCTGGAT-fresh_3T3_PEG_200_4cycles,7010,4287
TCTGGCTTGCAGTCTA-fresh_3T3_PEG_200_4cycles,6544,4121
CAGTGATTGAGGGCTA-fresh_3T3_PEG_200_4cycles,6615,4151
GCATGATACAACGTAA-fresh_3T3_PEG_200_4cycles,7878,4741
ATTTCAGCTCGGTACC-fresh_3T3_PEG_200_4cycles,6170,3886
GAGCATACTTTACGCA-fresh_3T3_PEG_200_4cycles,6728,4266
CTACTTTGATACTTTC-fresh_3T3_PEG_200_4cycles,6743,4196
ATCGAGACTAGCCCTG-fresh_3T3_PEG_200_4cycles,7072,4409
AAGTTTCCTCTCACTC-fresh_3T3_PEG_200_4cycles,7138,4472
ACTAGTGTGTACGATC-fresh_3T3_PEG_200_4cycles,7052,4419
TATGGGTACTACCTGA-fresh_3T3_PEG_200_4cycles,6492,4120
GTCCGTTACCAAGGTG-fresh_3T3_PEG_200_4cycles,6355,3993
CATCGAAACCAGTCCG-fresh_3T3_PEG_200_4cycles,6639,4213
CATCGCGGAATCCGTA-fresh_3T3_PEG_200_4cycles,7409,4519
GCACAATACTCTATCT-fresh_3T3_PEG_200_4cycles,7109,4422
GGGTATGGATAGCGAG-fresh_3T3_PEG_200_4cycles,5913,3863
TGGGTGCACGAAACAT-fresh_3T3_PEG_200_4cycles,6718,4245
GTACTCAGAGGGTTCC-fresh_3T3_PEG_200_4cycles,5980,3777
ATCGGGCACGCGCACT-fresh_3T3_PEG_200_4cycles,6538,4091
GGGTAGAACGAATTGA-fresh_3T3_PEG_200_4cycles,6873,4305
TTACTGGGAAAGCTAA-fresh_3T3_PEG_200_4cycles,7054,4372
GTTAGTTCTTACGTTG-fresh_3T3_PEG_200_4cycles,7189,4545
ATCGCCGGACGTTAGT-fresh_3T3_PEG_200_4cycles,7265,4509
TCTGAGCCTTTACGAC-fresh_3T3_PEG_200_4cycles,7369,4536
CATAGCATGGCTTTGA-fresh_3T3_PEG_200_4cycles,6245,3925
GCAAATCTGTGAACAA-fresh_3T3_PEG_200_4cycles,5916,3738
TTGGCAAACTTATGGC-fresh_3T3_PEG_200_4cycles,7337,4460
GCACTCACTTACAGCT-fresh_3T3_PEG_200_4cycles,6266,4039
GGCGTAGCTAATGCTC-fresh_3T3_PEG_200_4cycles,7355,4526
GTAGGTGGATCTGCAA-fresh_3T3_PEG_200_4cycles,6804,4138
ACGGTTCCTCATAGCT-fresh_3T3_PEG_200_4cycles,6288,3982
CGATATGTGTTCTGGA-fresh_3T3_PEG_200_4cycles,6740,4193
AGCGCAAGACTGCGGT-fresh_3T3_PEG_200_4cycles,5881,3729
TGCTCGACTCTAACGT-fresh_3T3_PEG_200_4cycles,6162,3898
TTACGTTACCCTGAGC-fresh_3T3_PEG_200_4cycles,5896,3691
GCGGTTCGAAGTCGGA-fresh_3T3_PEG_200_4cycles,5948,3813
CATTTCCCTCTGGAAG-fresh_3T3_PEG_200_4cycles,6703,4202
ACGTGTTGACCTACGG-fresh_3T3_PEG_200_4cycles,6010,3883
CATTACACTTGGTCCG-fresh_3T3_PEG_200_4cycles,6689,4275
GTATCAGTGTAACCCA-fresh_3T3_PEG_200_4cycles,6546,4201
CGTCTTGACTGTTCCC-fresh_3T3_PEG_200_4cycles,7208,4484
TGAGATAGATGACCTA-fresh_3T3_PEG_200_4cycles,7000,4341
GCTTACCACAGTCTGT-fresh_3T3_PEG_200_4cycles,5795,3708
CCTTCAGTGCTTCAAG-fresh_3T3_PEG_200_4cycles,6888,4379
GAACTAGCTGAGTAAT-fresh_3T3_PEG_200_4cycles,6285,4003
TCAGGAGGAAGGCGTA-fresh_3T3_PEG_200_4cycles,5665,3685
GCGTTCTACCGATTCA-fresh_3T3_PEG_200_4cycles,4607,3116
CATAGCATGTATGACC-fresh_3T3_PEG_200_4cycles,7204,4374
TGATAGAGATTTGGGT-fresh_3T3_PEG_200_4cycles,6222,3939
TCTACTAACCTGATCA-fresh_3T3_PEG_200_4cycles,7906,4928
CGCATCTTGCAAGGTG-fresh_3T3_PEG_200_4cycles,5912,3751
AAAGTCAGAGACAAAT-fresh_3T3_PEG_200_4cycles,6371,3994
AGTACAAGACGCACTG-fresh_3T3_PEG_200_4cycles,6201,3960
AGACCATTGTGAAAGT-fresh_3T3_PEG_200_4cycles,6815,4243
GTGGTTAACCCATGTA-fresh_3T3_PEG_200_4cycles,5726,3623
GTCGATAACAACGAAT-fresh_3T3_PEG_200_4cycles,6327,4069
TCAGGAGGAGAACCTT-fresh_3T3_PEG_200_4cycles,6224,3945
CGACAATACCAAGTTC-fresh_3T3_PEG_200_4cycles,7741,4656
GGTATCTGAGAACAGC-fresh_3T3_PEG_200_4cycles,6385,3862
CTTAGGCCTAAGGCCA-fresh_3T3_PEG_200_4cycles,5684,3656
CGAATTTCTAGGTGCA-fresh_3T3_PEG_200_4cycles,6302,4017
TGGAATGCTCCTCAAA-fresh_3T3_PEG_200_4cycles,6628,4135
TCGCGTACTTTGCGCG-fresh_3T3_PEG_200_4cycles,6852,4330
ACACTCCACTATGACC-fresh_3T3_PEG_200_4cycles,5729,3658
TAGACCTGACCACATA-fresh_3T3_PEG_200_4cycles,6224,3838
TACTAACCTCTACTCC-fresh_3T3_PEG_200_4cycles,6312,3988
CGAGCAGCTCTGCGGT-fresh_3T3_PEG_200_4cycles,6067,3839
TGTACCAGAGAATCTC-fresh_3T3_PEG_200_4cycles,4903,3102
TTCCCAGACACAACAA-fresh_3T3_PEG_200_4cycles,5858,3684
CTACTCTCTCGGAAGT-fresh_3T3_PEG_200_4cycles,5978,3839
GTGCTCACTTCTGGAT-fresh_3T3_PEG_200_4cycles,5980,3836
ACTGGAACTTTGTTTC-fresh_3T3_PEG_200_4cycles,6357,4007
TGTCTTCCTACCGTGC-fresh_3T3_PEG_200_4cycles,6605,3973
ATGATAGGAGCACGCT-fresh_3T3_PEG_200_4cycles,6126,3895
CTCGAACCTGAATTGA-fresh_3T3_PEG_200_4cycles,5658,3421
ACTCGCTACATTAAGG-fresh_3T3_PEG_200_4cycles,6132,3910
TTTAGTCTGCATCCTC-fresh_3T3_PEG_200_4cycles,5999,3844
GGGTAGAACTGCTGTA-fresh_3T3_PEG_200_4cycles,6337,3922
CCACATGCTGGCCATC-fresh_3T3_PEG_200_4cycles,5098,3243
GGACACCTGGGAATAT-fresh_3T3_PEG_200_4cycles,6205,3995
TGTTCCTCTCCTCAAA-fresh_3T3_PEG_200_4cycles,5067,3320
AATAAGGACTGAAAGT-fresh_3T3_PEG_200_4cycles,9073,5476
TCAAAGCACCGGAAGT-fresh_3T3_PEG_200_4cycles,6203,3900
CATAGGTACTGCTCAA-fresh_3T3_PEG_200_4cycles,7591,4267
GACAATCTGCGAACAG-fresh_3T3_PEG_200_4cycles,5634,3700
AAGACGGTGCTCGATA-fresh_3T3_PEG_200_4cycles,7503,4603
GATATGAGAGGAATAT-fresh_3T3_PEG_200_4cycles,5336,3435
ACTAACGTGCGCAACC-fresh_3T3_PEG_200_4cycles,5751,3548
GTCACGCGAGCGCTGT-fresh_3T3_PEG_200_4cycles,7094,4271
AATTCTGCTTCCAGCG-fresh_3T3_PEG_200_4cycles,6802,4209
TGCCAAATGGCTCCTT-fresh_3T3_PEG_200_4cycles,5924,3766
GCATCTCTGCGACATT-fresh_3T3_PEG_200_4cycles,6118,3714
GCTAGATACACACAAA-fresh_3T3_PEG_200_4cycles,5286,3429
TCGACACCTGACTCGC-fresh_3T3_PEG_200_4cycles,5824,3764
AATCACCGAAGTAGGC-fresh_3T3_PEG_200_4cycles,5456,3478
CTAACAGTGAACGAAT-fresh_3T3_PEG_200_4cycles,5760,3624
CGTCTTGACTAACCCA-fresh_3T3_PEG_200_4cycles,6948,4258
TTTCGGCTGGAAACAT-fresh_3T3_PEG_200_4cycles,5536,3537
CACTATTTGGACACCC-fresh_3T3_PEG_200_4cycles,5394,3415
GTTCCCAACCATTCAG-fresh_3T3_PEG_200_4cycles,5910,3786
ACGTGTTGATGAACAA-fresh_3T3_PEG_200_4cycles,5510,3509
CAGAAACCTATCCGTA-fresh_3T3_PEG_200_4cycles,5608,3494
TTGTAACCTGTTAGGG-fresh_3T3_PEG_200_4cycles,5554,3471
GACGCGACTAAAGGTT-fresh_3T3_PEG_200_4cycles,5851,3720
AAGGCGATGTGACTCA-fresh_3T3_PEG_200_4cycles,6354,3913
CCGAGACACTAAGCAA-fresh_3T3_PEG_200_4cycles,6166,3840
AGAACAATGAACCAAA-fresh_3T3_PEG_200_4cycles,5747,3609
TAGTTGCGATACCTGA-fresh_3T3_PEG_200_4cycles,5298,3350
GGGTTCTCTGTCCCGA-fresh_3T3_PEG_200_4cycles,5062,3210
GCTTCCTGAGCTGTTA-fresh_3T3_PEG_200_4cycles,6416,3933
ATCAAGCACGGTATGG-fresh_3T3_PEG_200_4cycles,5231,3392
TCGGGTTCTCTCGATA-fresh_3T3_PEG_200_4cycles,5449,3457
ATAAGACGATCTGTAG-fresh_3T3_PEG_200_4cycles,5990,3589
TTCTTAGACGCACTTA-fresh_3T3_PEG_200_4cycles,4630,3065
GTAAGAAACTACAGCT-fresh_3T3_PEG_200_4cycles,5557,3550
GATAGGTCTCTGGGTC-fresh_3T3_PEG_200_4cycles,5300,3395
CAACGCGTGAATCTGC-fresh_3T3_PEG_200_4cycles,6026,3837
TCTTGGCACTTACGAC-fresh_3T3_PEG_200_4cycles,5266,3378
CCATGATGAAAGGTGC-fresh_3T3_PEG_200_4cycles,5266,3296
CAATAGAGATCCAATG-fresh_3T3_PEG_200_4cycles,5947,3508
ATCGGTCCTCAGTCCG-fresh_3T3_PEG_200_4cycles,6038,3713
TGCTAAGACTGAGTAA-fresh_3T3_PEG_200_4cycles,5805,3632
GGCAGTAGAGCGCTGT-fresh_3T3_PEG_200_4cycles,5769,3642
TTCCTAAACGAGAGGG-fresh_3T3_PEG_200_4cycles,4946,3119
TACACAGACTAAGTAG-fresh_3T3_PEG_200_4cycles,5079,3187
TCTTTCAGAAACGTTC-fresh_3T3_PEG_200_4cycles,6909,4242
TAGGTAAGACATCTTT-fresh_3T3_PEG_200_4cycles,5810,3675
AGCCCAGACCCTCCTA-fresh_3T3_PEG_200_4cycles,5576,3510
GGGTTGCTGTGCCACG-fresh_3T3_PEG_200_4cycles,5227,3346
CGATACAACGGTGTCC-fresh_3T3_PEG_200_4cycles,5213,3248
GCATAGTACTGCTGTA-fresh_3T3_PEG_200_4cycles,4903,3168
TCAACAGACAGGCGTA-fresh_3T3_PEG_200_4cycles,4937,3130
GAGCATACTCCTCAAA-fresh_3T3_PEG_200_4cycles,5047,3199
ATCGTCCACTCATGCA-fresh_3T3_PEG_200_4cycles,5278,3315
CGCTTAAGACAGATTC-fresh_3T3_PEG_200_4cycles,6468,4067
GGAACATCTTGAAAGT-fresh_3T3_PEG_200_4cycles,4385,2846
GTTCCTGTGAGGTAAT-fresh_3T3_PEG_200_4cycles,4739,3131
CAGTGCTCTTCAGGTT-fresh_3T3_PEG_200_4cycles,4800,3136
CCGACTACTTGCTGGC-fresh_3T3_PEG_200_4cycles,4550,2915
GAAGTATGAATCAGGG-fresh_3T3_PEG_200_4cycles,4759,3036
ACGAGGCCTCGCAAAG-fresh_3T3_PEG_200_4cycles,4621,2925
TAACTCACTCAGATTC-fresh_3T3_PEG_200_4cycles,5058,3304
GTCCTACACACAACAA-fresh_3T3_PEG_200_4cycles,5040,3327
ATCGCAATGCAGGGAT-fresh_3T3_PEG_200_4cycles,4911,3111
AGGCCAAGATCGTAGT-fresh_3T3_PEG_200_4cycles,5329,3320
CCGATTCACCGTAGAG-fresh_3T3_PEG_200_4cycles,5454,3433
AGTCGAACTAGGGCTA-fresh_3T3_PEG_200_4cycles,4513,2848
TGAGAACCTTCCTACC-fresh_3T3_PEG_200_4cycles,5145,3276
AATGGCTACATGAATG-fresh_3T3_PEG_200_4cycles,5239,3425
AGGGAGTTGCACTCAA-fresh_3T3_PEG_200_4cycles,6117,3552
AGTTCACGACTCTGGG-fresh_3T3_PEG_200_4cycles,4559,2887
GTATCAGTGTTGTACG-fresh_3T3_PEG_200_4cycles,4472,2909
ACCTAGTGAATTGGTC-fresh_3T3_PEG_200_4cycles,5111,3266
GATTCTGGACTGGAAG-fresh_3T3_PEG_200_4cycles,4598,3019
GAGCATACTGCAGTTT-fresh_3T3_PEG_200_4cycles,4529,2985
GCTACAAACACCCGGT-fresh_3T3_PEG_200_4cycles,5257,3190
AGAGAATACGTTAGAA-fresh_3T3_PEG_200_4cycles,4751,2908
TCCGGGAACTGGCTTA-fresh_3T3_PEG_200_4cycles,5163,3218
CAAACCATGCTGGAAG-fresh_3T3_PEG_200_4cycles,5702,3472
ATCTGCCTGCCAAACT-fresh_3T3_PEG_200_4cycles,4328,2846
CTGCTGGGAGCACCCA-fresh_3T3_PEG_200_4cycles,3962,2631
GTTTGAGACCTAACGT-fresh_3T3_PEG_200_4cycles,4262,2753
ACTACCCACCGTAACT-fresh_3T3_PEG_200_4cycles,5121,3167
CGCTTCCCTACCTGCG-fresh_3T3_PEG_200_4cycles,4587,2894
CACATCCTGCGCAACC-fresh_3T3_PEG_200_4cycles,5250,3281
CTAATCTACGAATGTA-fresh_3T3_PEG_200_4cycles,5003,3228
ACAAGACCTGCTCCTT-fresh_3T3_PEG_200_4cycles,5177,3322
CTCGGATCTTTCTGAG-fresh_3T3_PEG_200_4cycles,5294,3287
TGAGCCCGAATGAATG-fresh_3T3_PEG_200_4cycles,5198,3296
TTGGAGACTGACAAAT-fresh_3T3_PEG_200_4cycles,4761,2898
CCCATGTACATCAGGG-fresh_3T3_PEG_200_4cycles,5136,3278
GAGCATTTGAATCGAA-fresh_3T3_PEG_200_4cycles,4278,2838
GGACGAATGGACGCCT-fresh_3T3_PEG_200_4cycles,4436,2783
CATTGGAACTGTCACA-fresh_3T3_PEG_200_4cycles,4959,3103
CCTACGGGAGGACAGT-fresh_3T3_PEG_200_4cycles,5222,3182
GGTATTTCTGAATCTC-fresh_3T3_PEG_200_4cycles,4787,3084
GAACGCGCTATCACAC-fresh_3T3_PEG_200_4cycles,4676,3002
GAACCATACAGGGCTA-fresh_3T3_PEG_200_4cycles,4942,3176
CGAGTCTCTGGGATTG-fresh_3T3_PEG_200_4cycles,4367,2762
TTTCGGCTGCGGTTTA-fresh_3T3_PEG_200_4cycles,4681,2871
CAATGTGTGTATGACC-fresh_3T3_PEG_200_4cycles,4852,3041
GGATTTGACTCTGTAG-fresh_3T3_PEG_200_4cycles,4291,2815
AGGTCAGGATCATTTC-fresh_3T3_PEG_200_4cycles,4357,2641
GCGAGCACTGGCAGTA-fresh_3T3_PEG_200_4cycles,4495,2842
GAAGCAGTGGTACGTT-fresh_3T3_PEG_200_4cycles,5007,3094
GATAGGTCTGCATGAG-fresh_3T3_PEG_200_4cycles,3971,2597
AGCTCTGCTTAGCGAG-fresh_3T3_PEG_200_4cycles,4621,2822
TCAAAGCACAGGGAGG-fresh_3T3_PEG_200_4cycles,5174,3280
TAATGGGCTTGAGCAG-fresh_3T3_PEG_200_4cycles,4713,2989
GATTCTGGACTCATTT-fresh_3T3_PEG_200_4cycles,4261,2739
GGACACCTGGCGCAAA-fresh_3T3_PEG_200_4cycles,4572,2915
GATCTGCCTAACGAAT-fresh_3T3_PEG_200_4cycles,4505,2890
CCTTGGTACGGTGCAA-fresh_3T3_PEG_200_4cycles,4896,3006
TGGAATGCTCGACAAG-fresh_3T3_PEG_200_4cycles,4536,2928
ACGCAGAGAGTCTGGC-fresh_3T3_PEG_200_4cycles,4202,2645
CCTACGTACCGATGGA-fresh_3T3_PEG_200_4cycles,4438,2882
CTCAGCACTGCCCTGA-fresh_3T3_PEG_200_4cycles,4053,2647
ACACGTTGATCGCAGC-fresh_3T3_PEG_200_4cycles,5295,3012
GACCCACGAACACAAA-fresh_3T3_PEG_200_4cycles,4155,2749
TCAGGAGGATGATGAA-fresh_3T3_PEG_200_4cycles,4837,2895
GAGGTGCCTTCGTCAA-fresh_3T3_PEG_200_4cycles,4068,2647
TCTTTCAGAGTTAGGG-fresh_3T3_PEG_200_4cycles,4565,2941
CCGACTACTCCTAGTA-fresh_3T3_PEG_200_4cycles,4394,2773
TTCGAGAACACCTTGA-fresh_3T3_PEG_200_4cycles,4740,3014
ACGATCATGTGCTGTA-fresh_3T3_PEG_200_4cycles,4026,2603
ACCTCCAACTTGGGAG-fresh_3T3_PEG_200_4cycles,4375,2784
GCACGACACAAGGCCA-fresh_3T3_PEG_200_4cycles,4288,2776
CCGATTCACATTCTGG-fresh_3T3_PEG_200_4cycles,4866,3080
TCTTGAACTACTAGGG-fresh_3T3_PEG_200_4cycles,4793,3036
CATGTTACTCCTCGTT-fresh_3T3_PEG_200_4cycles,4085,2614
TAAACGCACTGAGTAA-fresh_3T3_PEG_200_4cycles,3781,2487
CGATAAAGAAGCAAGC-fresh_3T3_PEG_200_4cycles,4161,2615
GACCGCTGAAGTCTGT-fresh_3T3_PEG_200_4cycles,4161,2725
AACTCCCTGCGGCTCA-fresh_3T3_PEG_200_4cycles,4108,2643
TTTAGTCTGGGTGTCC-fresh_3T3_PEG_200_4cycles,4220,2698
ACGAACTTGTCATTGG-fresh_3T3_PEG_200_4cycles,3572,2353
GGCGCAACTCATGCGC-fresh_3T3_PEG_200_4cycles,3790,2470
AGGAAGCACTGAGTAA-fresh_3T3_PEG_200_4cycles,4512,2900
TCTTATGACAGGACAC-fresh_3T3_PEG_200_4cycles,4639,2757
GGATGCCTGTTCCATT-fresh_3T3_PEG_200_4cycles,3704,2468
GAACAAATGCAAGTTC-fresh_3T3_PEG_200_4cycles,3960,2612
TGGAATCACTAACCCA-fresh_3T3_PEG_200_4cycles,3889,2516
CCTCACATGTACGTTG-fresh_3T3_PEG_200_4cycles,4458,2883
TGGACAACTTGGTGAG-fresh_3T3_PEG_200_4cycles,4400,2813
AGGCATTACCGGTTTA-fresh_3T3_PEG_200_4cycles,3328,2161
GGCACTGACGCTGTTA-fresh_3T3_PEG_200_4cycles,3819,2333
AGGAATTGACTCGATA-fresh_3T3_PEG_200_4cycles,4265,2796
GACCCACGATGGTGAG-fresh_3T3_PEG_200_4cycles,3365,2256
GCTCGTGGATTAGCTG-fresh_3T3_PEG_200_4cycles,4389,2640
GGCAACAGAATGAATG-fresh_3T3_PEG_200_4cycles,5125,3169
ACCCTTTCTATAACCC-fresh_3T3_PEG_200_4cycles,4451,2763
GAAATGAACCCTCAAA-fresh_3T3_PEG_200_4cycles,3411,2211
AAGCATCACCAGTCCG-fresh_3T3_PEG_200_4cycles,3631,2252
CATTACACTTCTGTGA-fresh_3T3_PEG_200_4cycles,3213,2048
AGTCCTGCTGGTGCAA-fresh_3T3_PEG_200_4cycles,3208,2116
ATGTTTCACGCCGTTG-fresh_3T3_PEG_200_4cycles,4106,2566
AGTTTGCGAACCTAGT-fresh_3T3_PEG_200_4cycles,4220,2719
CCTGCCTCTCATACTG-fresh_3T3_PEG_200_4cycles,4114,2647
GGGTAGAACCCGTGAC-fresh_3T3_PEG_200_4cycles,2740,1798
AGCTATGACTAATAGG-fresh_3T3_PEG_200_4cycles,4116,2555
CGTGGGTACGAATAAC-fresh_3T3_PEG_200_4cycles,3164,1990
GACCCACGAATAGGTA-fresh_3T3_PEG_200_4cycles,3197,2141
TGGACCTCTCCTAGCG-fresh_3T3_PEG_200_4cycles,4170,2595
ACGCAGAGACTCGATA-fresh_3T3_PEG_200_4cycles,3838,2377
GAACTCCCTGTACACT-fresh_3T3_PEG_200_4cycles,3353,2204
GGCTTCTACCCTTTGC-fresh_3T3_PEG_200_4cycles,3043,1996
AAAGATCGATCTGCAA-fresh_3T3_PEG_200_4cycles,3346,2150
CTTCAGCACTTATGGC-fresh_3T3_PEG_200_4cycles,3620,2326
GTTGTTGGAGATGGAC-fresh_3T3_PEG_200_4cycles,3723,2353
GAACGTTTGCCTAGGC-fresh_3T3_PEG_200_4cycles,2913,1879
AAACGAAACATTGCCA-fresh_3T3_PEG_200_4cycles,3456,2250
GCCCATACTATCAGCT-fresh_3T3_PEG_200_4cycles,2925,1869
GAGGTGCCTATGTCAC-fresh_3T3_PEG_200_4cycles,2964,1861
TCTACTAACAAAGTAC-fresh_3T3_PEG_200_4cycles,3485,2259
ATCTGCCTGTTATGGC-fresh_3T3_PEG_200_4cycles,3137,1991
TGCCACTTGATCAGGG-fresh_3T3_PEG_200_4cycles,3268,1955
GATCTGCCTCGTACAT-fresh_3T3_PEG_200_4cycles,2889,1890
GCGAGCACTAGGGAGG-fresh_3T3_PEG_200_4cycles,3514,2167
ATCTATCACTAACCCA-fresh_3T3_PEG_200_4cycles,3246,2124
GTTTCCCGAATGTGGG-fresh_3T3_PEG_200_4cycles,3154,1931
GGAACTACTACGCGAA-fresh_3T3_PEG_200_4cycles,3034,1981
GTTAGTTCTTGGAACG-fresh_3T3_PEG_200_4cycles,2855,1893
GTTCGGCGAAACTAGA-fresh_3T3_PEG_200_4cycles,2828,1848
CGTCGTACTGGATGGT-fresh_3T3_PEG_200_4cycles,3643,2295
TCGGGTCGATGGTCCG-fresh_3T3_PEG_200_4cycles,3538,2236
ACCGTGTCTGCTGAGA-fresh_3T3_PEG_200_4cycles,2100,1373
GACAATCTGGCTGAGA-fresh_3T3_PEG_200_4cycles,2367,1594
GAGTCATTGTGAGCAG-fresh_3T3_PEG_200_4cycles,2355,1471
GACAAGGTGAAAGTAC-fresh_3T3_PEG_200_4cycles,2160,1442
TATTCAGCTGCATGAG-fresh_3T3_PEG_200_4cycles,2582,1683
TGCTCGACTGGCCTGT-fresh_3T3_PEG_200_4cycles,2140,1360
GCACTGTCTGGGTAGT-fresh_3T3_PEG_200_4cycles,2184,1418
GATGAATGAATCACAC-fresh_3T3_PEG_200_4cycles,2757,1887
GAGCATTTGCTTCACC-fresh_3T3_PEG_200_4cycles,2165,1305
AAGACAAACCTCACGG-fresh_3T3_PEG_200_4cycles,2513,1694
GACACATTGTTCTGAG-fresh_3T3_PEG_200_4cycles,1757,1245
GCTTGTCACCTATCTT-fresh_3T3_PEG_200_4cycles,2571,1687
GAACAACCTGACAAAT-fresh_3T3_PEG_200_4cycles,1543,956
CGATCGGTGAGGTCCC-fresh_3T3_PEG_200_4cycles,1826,1198
AGAGGGACTGGACAGT-fresh_3T3_PEG_200_4cycles,782,503
GCAGTCGACTACGATC-fresh_3T3_PEG_200_4cycles,1919,1256
GTTTCAGGAGCGTATT-frozen_3T3_noPEG_200_4cycles,19118,10378
GGGTTGCTGAATCCGT-frozen_3T3_noPEG_200_4cycles,23692,13253
CTTGCGGGATGCGTGC-frozen_3T3_noPEG_200_4cycles,23619,13001
GCCATAATGATCATGC-frozen_3T3_noPEG_200_4cycles,14473,8418
GGTCTGGACAGGCGTA-frozen_3T3_noPEG_200_4cycles,23855,12604
TGCCGTGGAGTCAATC-frozen_3T3_noPEG_200_4cycles,19727,11225
TAGGTAAGACAGTCCG-frozen_3T3_noPEG_200_4cycles,19358,11463
TTCGTCCGATCCAGCG-frozen_3T3_noPEG_200_4cycles,19491,11048
GCTGGAAGAGTTTACG-frozen_3T3_noPEG_200_4cycles,16074,9574
CCATAAGTGTCAATGC-frozen_3T3_noPEG_200_4cycles,18113,10441
CGGAATTTGAGGTGAC-frozen_3T3_noPEG_200_4cycles,14193,8380
CCGCAAGTGCAGATTC-frozen_3T3_noPEG_200_4cycles,18858,10730
TGTATTCACCATGCGC-frozen_3T3_noPEG_200_4cycles,16153,9334
CTGCTGGGATTCTCGC-frozen_3T3_noPEG_200_4cycles,18822,10531
CATTTCCCTAAGTTCC-frozen_3T3_noPEG_200_4cycles,12021,7017
TTCGACCACTCATGCA-frozen_3T3_noPEG_200_4cycles,13672,8171
ACACGTTGATTGTACG-frozen_3T3_noPEG_200_4cycles,15966,9278
TATTCAGCTGGCCAAA-frozen_3T3_noPEG_200_4cycles,12200,7435
AATAAGGACTCGCAGC-frozen_3T3_noPEG_200_4cycles,15359,8778
TGAATGGCTGTTGACT-frozen_3T3_noPEG_200_4cycles,15390,8764
TTGTATCTGTTGCGTA-frozen_3T3_noPEG_200_4cycles,16481,9230
GGTAGCCTGTTGCGTA-frozen_3T3_noPEG_200_4cycles,16109,9032
CTATTGGGATGATGAA-frozen_3T3_noPEG_200_4cycles,15836,9320
CCCATTTCTAGTCTAC-frozen_3T3_noPEG_200_4cycles,16535,9268
CACTCTGACGCGCACT-frozen_3T3_noPEG_200_4cycles,16068,9242
AACTACGACGGCAGTA-frozen_3T3_noPEG_200_4cycles,14996,8689
CAATCGCCTTCTATCT-frozen_3T3_noPEG_200_4cycles,12114,7309
TGTACTGGACCAGCAC-frozen_3T3_noPEG_200_4cycles,16176,9314
TTACGTTACGAACAGC-frozen_3T3_noPEG_200_4cycles,15170,8504
AGTTTCACTAATAGCA-frozen_3T3_noPEG_200_4cycles,13894,8220
TCCGTGTTGTCTGGAT-frozen_3T3_noPEG_200_4cycles,14907,8835
AGGGCGTCTATTAAGG-frozen_3T3_noPEG_200_4cycles,14729,8350
GGACGCTTGGTTAGTC-frozen_3T3_noPEG_200_4cycles,17255,9780
TTACTGGGATCTTTGT-frozen_3T3_noPEG_200_4cycles,13631,8369
GGGAAAGCTTCAATGC-frozen_3T3_noPEG_200_4cycles,13399,8073
TACCACCTGTCAGGTT-frozen_3T3_noPEG_200_4cycles,13911,8241
TGCGCAGACAGACTTC-frozen_3T3_noPEG_200_4cycles,12414,7532
CGCCCTTCTAAGCTAA-frozen_3T3_noPEG_200_4cycles,16138,8918
CAGTGGAGACAGGTGA-frozen_3T3_noPEG_200_4cycles,13119,7963
AGTGTGACTGCGCAAA-frozen_3T3_noPEG_200_4cycles,12213,7158
CCAAGGAGACCAGCAC-frozen_3T3_noPEG_200_4cycles,14639,8481
CACACCACTCCACTTC-frozen_3T3_noPEG_200_4cycles,11811,6934
CTATGTTACCGAGGAT-frozen_3T3_noPEG_200_4cycles,12759,7358
CTACCTCGAGCTTACA-frozen_3T3_noPEG_200_4cycles,14084,8230
TAGAGCGGAGTTTACG-frozen_3T3_noPEG_200_4cycles,12841,7738
TAGGATAGACTCACTC-frozen_3T3_noPEG_200_4cycles,12653,7316
AAAGCGGACGTTTGGT-frozen_3T3_noPEG_200_4cycles,12533,7250
GTCCGTTACTCGTCAA-frozen_3T3_noPEG_200_4cycles,13186,7704
CATCAGAACTCTATCT-frozen_3T3_noPEG_200_4cycles,12687,7359
TCCCACATGTTTCGCC-frozen_3T3_noPEG_200_4cycles,12389,7385
CGCTTAAGAGTTAGTC-frozen_3T3_noPEG_200_4cycles,13976,8041
TTAAGGAGACCCGCAA-frozen_3T3_noPEG_200_4cycles,13159,7887
ACAGCCGACTACCTGA-frozen_3T3_noPEG_200_4cycles,12117,7082
AATGGGTCTGGTGCAA-frozen_3T3_noPEG_200_4cycles,12016,7235
ACTAGTGTGTACTTTC-frozen_3T3_noPEG_200_4cycles,11820,6968
TGCAGTATGGCGCAAA-frozen_3T3_noPEG_200_4cycles,11956,7123
GTTTCATTGCGTAGAG-frozen_3T3_noPEG_200_4cycles,11457,6579
CATGTTACTATACGCT-frozen_3T3_noPEG_200_4cycles,11655,7024
GTTCGGCGACGATTCA-frozen_3T3_noPEG_200_4cycles,12045,6995
AGTCGCGTGTTCCATT-frozen_3T3_noPEG_200_4cycles,11940,6889
TATTCCTGACAGCACC-frozen_3T3_noPEG_200_4cycles,12449,7384
GTGCATTGAGCGAGTA-frozen_3T3_noPEG_200_4cycles,10326,6220
GGGATTGGAGCGCACT-frozen_3T3_noPEG_200_4cycles,12303,7241
CCAGAATACGGGTTCC-frozen_3T3_noPEG_200_4cycles,11520,6834
CTCTATATGTCGGGCT-frozen_3T3_noPEG_200_4cycles,12588,7054
CCACTCTGAGCGCTGT-frozen_3T3_noPEG_200_4cycles,10929,6429
CTTGCTGACGCCCAAC-frozen_3T3_noPEG_200_4cycles,12121,7090
TTCAAGCGAATCCGTA-frozen_3T3_noPEG_200_4cycles,7241,4280
GCGCGAACTGGCCTGT-frozen_3T3_noPEG_200_4cycles,12940,7550
TCGACTCACACTCGAT-frozen_3T3_noPEG_200_4cycles,11894,6643
CCTTGGTACGTTAGGG-frozen_3T3_noPEG_200_4cycles,11962,7022
CTGTTGCACTCCAGCG-frozen_3T3_noPEG_200_4cycles,9640,5728
AAGCGTGGACGATGTT-frozen_3T3_noPEG_200_4cycles,12715,7290
ACGGCTTCTGATAGCG-frozen_3T3_noPEG_200_4cycles,12440,7212
CAACACCCTTTCGCAA-frozen_3T3_noPEG_200_4cycles,8681,5313
TGGACATACCAGGTGA-frozen_3T3_noPEG_200_4cycles,9372,5767
TACCACCTGCTGGGTC-frozen_3T3_noPEG_200_4cycles,9380,5520
CTACTTTGACCACATA-frozen_3T3_noPEG_200_4cycles,11580,6731
CCGACAGTGTTGGCGC-frozen_3T3_noPEG_200_4cycles,11903,6954
GACGCGACTCGACTAT-frozen_3T3_noPEG_200_4cycles,10201,6381
TTCGCCAACGAGCTGA-frozen_3T3_noPEG_200_4cycles,12174,7012
CTAAGTCGAGTTTACG-frozen_3T3_noPEG_200_4cycles,10968,6497
AGGACAGACTTTCTTG-frozen_3T3_noPEG_200_4cycles,10590,6218
ACGTCCACTAGCTGAG-frozen_3T3_noPEG_200_4cycles,12406,7202
ATTTCTGACAACGTTC-frozen_3T3_noPEG_200_4cycles,9477,5760
ATTGTGCGACGGGTAA-frozen_3T3_noPEG_200_4cycles,10530,6283
CGTGCTGGACGATCGC-frozen_3T3_noPEG_200_4cycles,10986,6478
TGTACTGGACCGTTAA-frozen_3T3_noPEG_200_4cycles,10991,6520
TAGCTGATGTAAGCAA-frozen_3T3_noPEG_200_4cycles,11174,6632
CCATGATGAGCCCTAG-frozen_3T3_noPEG_200_4cycles,10258,6040
CCATCTGTGGTTAGAA-frozen_3T3_noPEG_200_4cycles,10482,6220
AAACATGGAAGCGCTC-frozen_3T3_noPEG_200_4cycles,11788,6891
CCTCATGACTCGTAAC-frozen_3T3_noPEG_200_4cycles,10182,6162
GCGGTTCGAACACCTA-frozen_3T3_noPEG_200_4cycles,11567,6730
CTGTAACGAGAACAGC-frozen_3T3_noPEG_200_4cycles,10751,6316
TAATGGGCTCTCACTC-frozen_3T3_noPEG_200_4cycles,10473,6146
CGTACAAACGAACAGC-frozen_3T3_noPEG_200_4cycles,11775,6818
GGGTTGCTGGATGGAC-frozen_3T3_noPEG_200_4cycles,12315,7063
CGTTCTCGAGAACATA-frozen_3T3_noPEG_200_4cycles,10670,6302
AAACGCTACAAGTCTC-frozen_3T3_noPEG_200_4cycles,10614,6389
CTCATAACTCGGCTCA-frozen_3T3_noPEG_200_4cycles,9714,5783
GTAGCATACGCCCAAC-frozen_3T3_noPEG_200_4cycles,10980,6295
GCAACTTGATGATCAC-frozen_3T3_noPEG_200_4cycles,10978,6499
ACGCCCAGAAATGCTC-frozen_3T3_noPEG_200_4cycles,10656,6240
CATTCAACTCATACTG-frozen_3T3_noPEG_200_4cycles,10557,6295
AGATGGGTGTCGTAAC-frozen_3T3_noPEG_200_4cycles,10331,5984
CTTGCGTACCGTTAGT-frozen_3T3_noPEG_200_4cycles,10524,6307
TCTCAGAGATACCAAC-frozen_3T3_noPEG_200_4cycles,11426,6687
GCTCCTAACACCAGTT-frozen_3T3_noPEG_200_4cycles,6510,4057
ACACTCCACGGCATTT-frozen_3T3_noPEG_200_4cycles,10143,6223
CCTCATGACAATCCAC-frozen_3T3_noPEG_200_4cycles,11061,6467
ACGGTTAACGCACTTA-frozen_3T3_noPEG_200_4cycles,11043,6413
ATCTGCCTGAGGCGTA-frozen_3T3_noPEG_200_4cycles,10167,6218
TACATTGCTGCTGAGA-frozen_3T3_noPEG_200_4cycles,10177,5993
CAAGATAGATGCCACG-frozen_3T3_noPEG_200_4cycles,9563,5729
TTGGAGACTGACAAAT-frozen_3T3_noPEG_200_4cycles,9352,5676
CTTTCGTCTAAGGTGC-frozen_3T3_noPEG_200_4cycles,10768,6258
ATGTCCGCTTGGGCCT-frozen_3T3_noPEG_200_4cycles,8318,5264
GTCTGGCGATCGCAGC-frozen_3T3_noPEG_200_4cycles,10477,6101
ATGCGCGTGATTGCCA-frozen_3T3_noPEG_200_4cycles,11206,6550
CCCATGTACGTTAGGG-frozen_3T3_noPEG_200_4cycles,8959,5524
CAGGGCACTGGCATTT-frozen_3T3_noPEG_200_4cycles,8855,5474
ACGACGCTGAGACTTC-frozen_3T3_noPEG_200_4cycles,11037,6468
AAGGTGCGACTGTGCG-frozen_3T3_noPEG_200_4cycles,10490,6143
CTATTCAACCAGATTC-frozen_3T3_noPEG_200_4cycles,10216,5993
TACAACCGACGACTAT-frozen_3T3_noPEG_200_4cycles,10955,6360
GCGACAAGATAGCTTG-frozen_3T3_noPEG_200_4cycles,10830,6346
TACAACGTGATCATCG-frozen_3T3_noPEG_200_4cycles,7253,4416
TCAAGCAACCCTGCGA-frozen_3T3_noPEG_200_4cycles,9425,5805
TTGACAGTGATCTGTG-frozen_3T3_noPEG_200_4cycles,10264,6118
AGCGTATACGGCCTTG-frozen_3T3_noPEG_200_4cycles,10511,6033
CTATGTTACTACGTTG-frozen_3T3_noPEG_200_4cycles,6436,4115
CACTTAGGATGTTGTG-frozen_3T3_noPEG_200_4cycles,10540,6248
CCGGGTATGGTTGTCA-frozen_3T3_noPEG_200_4cycles,9591,5740
GTCTGGCGACGAGTGA-frozen_3T3_noPEG_200_4cycles,10158,5904
CGTTGCTTGTAGCGAG-frozen_3T3_noPEG_200_4cycles,9001,5359
AGGTATAGAACCAAGG-frozen_3T3_noPEG_200_4cycles,9489,5568
CAGAGGCCTCCAGAGA-frozen_3T3_noPEG_200_4cycles,8839,5371
GGCTGACTGAGGGAGG-frozen_3T3_noPEG_200_4cycles,9570,5715
TACCACCTGAGGCGTA-frozen_3T3_noPEG_200_4cycles,11867,6689
GGTGTAACTTTACGAC-frozen_3T3_noPEG_200_4cycles,9400,5676
ATGCGCGTGGAAATCA-frozen_3T3_noPEG_200_4cycles,10369,6094
CCCGACAGACCTAACA-frozen_3T3_noPEG_200_4cycles,10734,6274
GGCTCAGACCAGATTC-frozen_3T3_noPEG_200_4cycles,9631,5766
GTCGTGGTGCCTGTGG-frozen_3T3_noPEG_200_4cycles,9202,5447
TCGAAGTACCTGATCA-frozen_3T3_noPEG_200_4cycles,9069,5500
TGGTTTGGAGTCGGTC-frozen_3T3_noPEG_200_4cycles,8996,5321
CTGCTAGCTTACCTGA-frozen_3T3_noPEG_200_4cycles,9500,5733
GCACGACACCGTTAGT-frozen_3T3_noPEG_200_4cycles,9118,5494
AAACTCCGAGCTCAGC-frozen_3T3_noPEG_200_4cycles,9442,5568
ACCTCCAACCCTCCTA-frozen_3T3_noPEG_200_4cycles,9605,5813
CATCGCGGATTATGGC-frozen_3T3_noPEG_200_4cycles,9941,5874
ACACACTGAGAGCTGA-frozen_3T3_noPEG_200_4cycles,10529,6176
CACCCATACGTTAGAA-frozen_3T3_noPEG_200_4cycles,9907,5837
CCCTCCTTGTGCGCCA-frozen_3T3_noPEG_200_4cycles,9468,5537
CCTCCCTTGAAGGCCA-frozen_3T3_noPEG_200_4cycles,9784,5676
ACTAACGTGGCCGCTA-frozen_3T3_noPEG_200_4cycles,9745,5729
ATGTGTGTGGTCTTGA-frozen_3T3_noPEG_200_4cycles,9269,5590
CAAGGGATGCCGGCTA-frozen_3T3_noPEG_200_4cycles,9058,5537
TACCACCACCAGCTGC-frozen_3T3_noPEG_200_4cycles,8741,5224
CATTGGCCTACACCTA-frozen_3T3_noPEG_200_4cycles,7690,4792
CCGTACGGATGAGCAG-frozen_3T3_noPEG_200_4cycles,9608,5691
TGAGGCCACCTGGGTC-frozen_3T3_noPEG_200_4cycles,9030,5543
TAGGATAGAGCTTACA-frozen_3T3_noPEG_200_4cycles,8201,4986
AAATGCGCTAGTTGAA-frozen_3T3_noPEG_200_4cycles,8427,5062
CTTCGCCCTTCGCTAA-frozen_3T3_noPEG_200_4cycles,8994,5348
TTGTGCGCTGCAGGAT-frozen_3T3_noPEG_200_4cycles,8960,5452
TTTCTCGCTTATCTGG-frozen_3T3_noPEG_200_4cycles,8339,5115
CCCTCCTTGTTACGCA-frozen_3T3_noPEG_200_4cycles,9272,5535
TTGTGCCTGAATGCGG-frozen_3T3_noPEG_200_4cycles,9919,5843
GCCTAAATGTCTATCT-frozen_3T3_noPEG_200_4cycles,11003,6540
ATTTCGACTGGGATTG-frozen_3T3_noPEG_200_4cycles,8483,5231
TAGACCTGACGAATCT-frozen_3T3_noPEG_200_4cycles,9368,5647
CACATCCTGCGCAAAG-frozen_3T3_noPEG_200_4cycles,9767,5752
TCAGCTAGAATGGCCC-frozen_3T3_noPEG_200_4cycles,8462,5145
TCGACGGACCCTAGCG-frozen_3T3_noPEG_200_4cycles,10016,5977
CTCTTTCTGTTCTCGC-frozen_3T3_noPEG_200_4cycles,8764,5243
CTTACATTGCGACTAT-frozen_3T3_noPEG_200_4cycles,10094,5870
CAAGTGGGATCGACAT-frozen_3T3_noPEG_200_4cycles,8651,5265
GACGCGACTCGATGTT-frozen_3T3_noPEG_200_4cycles,9022,5603
ACAGCGGCTGCTTACA-frozen_3T3_noPEG_200_4cycles,8938,5266
ATACAGGCTTCTATCT-frozen_3T3_noPEG_200_4cycles,8947,5376
ACAGTTGACAACGAAT-frozen_3T3_noPEG_200_4cycles,9494,5587
CACATCCTGGACATAA-frozen_3T3_noPEG_200_4cycles,9355,5665
CAGTTGATGTAACGGG-frozen_3T3_noPEG_200_4cycles,8479,5137
AACTGTGACTCGTAGT-frozen_3T3_noPEG_200_4cycles,8584,5273
GCTGTGGTGGTTAGGG-frozen_3T3_noPEG_200_4cycles,8192,4891
ACACTCCACGCGAGTA-frozen_3T3_noPEG_200_4cycles,10470,6103
TAATGGGCTGTGGTGA-frozen_3T3_noPEG_200_4cycles,8725,5261
AACACACACGCCACGT-frozen_3T3_noPEG_200_4cycles,8096,5080
ACACATCGAGTTAGAA-frozen_3T3_noPEG_200_4cycles,8830,5225
CATTTCCCTAGCTGAG-frozen_3T3_noPEG_200_4cycles,8586,5185
ACGGCTTCTGCTGTTA-frozen_3T3_noPEG_200_4cycles,7898,4780
CCTATCGACCAGACCC-frozen_3T3_noPEG_200_4cycles,10258,5938
TGGTTTGGACTTGTGA-frozen_3T3_noPEG_200_4cycles,8455,5023
CTACGTGCTCACAGTT-frozen_3T3_noPEG_200_4cycles,8666,5180
TTCAAGTCTGCGTATT-frozen_3T3_noPEG_200_4cycles,7628,4573
TGTGGCTCTTAATGCC-frozen_3T3_noPEG_200_4cycles,7828,4751
CACATTACTCCAACGC-frozen_3T3_noPEG_200_4cycles,8915,5248
AGCTGCTCTGGCCTTG-frozen_3T3_noPEG_200_4cycles,8962,5268
GACGCACACCGAATCT-frozen_3T3_noPEG_200_4cycles,7518,4709
CCTACTGTGGGTTGAG-frozen_3T3_noPEG_200_4cycles,7230,4509
GTTCGCTTGGAGTGAC-frozen_3T3_noPEG_200_4cycles,9397,5409
GCACAATACGCCGCTA-frozen_3T3_noPEG_200_4cycles,8238,4933
CAGTCGTCTCTTCAAG-frozen_3T3_noPEG_200_4cycles,8100,4744
TGCTAAGACCCCGCAA-frozen_3T3_noPEG_200_4cycles,9208,5543
GAATTCTCTTTTCCGC-frozen_3T3_noPEG_200_4cycles,9872,5782
TCCGTTGTGATCAGCT-frozen_3T3_noPEG_200_4cycles,8040,4889
CTTCCTTTGTTTGTCT-frozen_3T3_noPEG_200_4cycles,8068,4858
GGCAACGCTGACACCC-frozen_3T3_noPEG_200_4cycles,8698,5197
GGATCCCGACTGCCAG-frozen_3T3_noPEG_200_4cycles,7589,4672
AACGAACCTGCTCAGC-frozen_3T3_noPEG_200_4cycles,7660,4570
CGCTTACTGAGGCATG-frozen_3T3_noPEG_200_4cycles,9683,5625
TTTGCGGCTTTTCTGT-frozen_3T3_noPEG_200_4cycles,7725,4692
ATCGGGCACGGAATAT-frozen_3T3_noPEG_200_4cycles,7065,4414
CCTCTTGGACTGCCAG-frozen_3T3_noPEG_200_4cycles,8363,5089
CGATCGGTGAGCGCTC-frozen_3T3_noPEG_200_4cycles,7817,4661
TAATAGGGAGACACCC-frozen_3T3_noPEG_200_4cycles,7815,4788
CCACTTGTGCGACATT-frozen_3T3_noPEG_200_4cycles,8327,5077
ATCCCGACTCGAATCT-frozen_3T3_noPEG_200_4cycles,8745,5088
TCCATATACTCGGGCT-frozen_3T3_noPEG_200_4cycles,8479,5238
GGTCGCATGAGACTTC-frozen_3T3_noPEG_200_4cycles,8834,5271
CACACCACTCGTAGAG-frozen_3T3_noPEG_200_4cycles,8214,4973
AATAGGAACCCAAGTT-frozen_3T3_noPEG_200_4cycles,7261,4576
ACGAACTTGTCATTGG-frozen_3T3_noPEG_200_4cycles,8100,5010
CTACTCTCTGTACTAC-frozen_3T3_noPEG_200_4cycles,7927,4881
GCTACTGCTCAGGCCT-frozen_3T3_noPEG_200_4cycles,7795,4889
ACGTGTTGATGCGCCA-frozen_3T3_noPEG_200_4cycles,8137,4832
CCCATGTACCGGCACT-frozen_3T3_noPEG_200_4cycles,8256,4806
GGTGCGTTGGCCGCTA-frozen_3T3_noPEG_200_4cycles,9347,5412
TGGTAGGGACCGCTAG-frozen_3T3_noPEG_200_4cycles,6081,3794
CATCGAAACGACCGAA-frozen_3T3_noPEG_200_4cycles,7083,4442
GAGCATACTCGAACAG-frozen_3T3_noPEG_200_4cycles,7200,4482
CCGCTATTGAATACAG-frozen_3T3_noPEG_200_4cycles,7546,4674
CCGTTCTGAGGCCAAA-frozen_3T3_noPEG_200_4cycles,7238,4479
AGCTTGCCTCATGCTA-frozen_3T3_noPEG_200_4cycles,7782,4726
TAGTGAAGACAGTCCG-frozen_3T3_noPEG_200_4cycles,7295,4426
CCCAGGATGCTGCCAG-frozen_3T3_noPEG_200_4cycles,6529,4026
TGCGAATACGTTGACT-frozen_3T3_noPEG_200_4cycles,8559,5051
CCAGTTGCTTCGGGCT-frozen_3T3_noPEG_200_4cycles,7301,4471
CCGGGTATGAGACAAT-frozen_3T3_noPEG_200_4cycles,8648,5097
ACACGTTGAGGAGTCA-frozen_3T3_noPEG_200_4cycles,7677,4703
GTAAGGCGATAGGCGA-frozen_3T3_noPEG_200_4cycles,8854,5056
GGTACCTCTGATGGAC-frozen_3T3_noPEG_200_4cycles,7494,4592
ATCGCAAACCCAGCAC-frozen_3T3_noPEG_200_4cycles,7605,4640
CTCTCTTTGGGTGCAA-frozen_3T3_noPEG_200_4cycles,7549,4588
ATGGGTACTAGCGCTC-frozen_3T3_noPEG_200_4cycles,7134,4187
AAGATCAGATGGTCCG-frozen_3T3_noPEG_200_4cycles,5943,3749
TCGTTGCTGTTCAGTG-frozen_3T3_noPEG_200_4cycles,8463,4914
CCAGTTGCTTGCGTGC-frozen_3T3_noPEG_200_4cycles,8493,5163
GTAGGTTTGCTCGAGC-frozen_3T3_noPEG_200_4cycles,7996,4871
AGCCGAGCTACCGTGC-frozen_3T3_noPEG_200_4cycles,6936,4340
GCATCACCTGACACCC-frozen_3T3_noPEG_200_4cycles,6747,4157
TCTCTCTACCGGTACC-frozen_3T3_noPEG_200_4cycles,6881,4312
GTCGTTCTGCGCCACA-frozen_3T3_noPEG_200_4cycles,8781,5083
TGCGAATACGTTTGGT-frozen_3T3_noPEG_200_4cycles,8010,4854
ATACCACGACGACATT-frozen_3T3_noPEG_200_4cycles,4986,3088
ATTCAGGTGCCCGAGT-frozen_3T3_noPEG_200_4cycles,6908,4270
AATGTGCTGGAGAGGG-frozen_3T3_noPEG_200_4cycles,7565,4628
GTCCGAGTGGAGTGAC-frozen_3T3_noPEG_200_4cycles,6576,3998
CCAGGACTGGGATGGT-frozen_3T3_noPEG_200_4cycles,7531,4536
GGGTAGTGAGAGTAAT-frozen_3T3_noPEG_200_4cycles,7647,4672
TTGCGTCACCCAGGCT-frozen_3T3_noPEG_200_4cycles,6891,4294
TCGACTAGAGCGCTGT-frozen_3T3_noPEG_200_4cycles,7233,4366
CAAAGACCTGTTGGTT-frozen_3T3_noPEG_200_4cycles,7157,4448
ATAGAACGAACAGGTG-frozen_3T3_noPEG_200_4cycles,8041,4850
TCTACGAGAATCACAC-frozen_3T3_noPEG_200_4cycles,7661,4730
CCCGACAGATAATAGG-frozen_3T3_noPEG_200_4cycles,7211,4425
CATGGAGGAACCAAGG-frozen_3T3_noPEG_200_4cycles,7528,4655
TAACGAAGAAAGGCCA-frozen_3T3_noPEG_200_4cycles,7926,4731
TCCCAGACTCATTCAG-frozen_3T3_noPEG_200_4cycles,6792,4235
GTCGCATCTTTCGTTT-frozen_3T3_noPEG_200_4cycles,8175,4860
AGCCCAGACTGGCTGC-frozen_3T3_noPEG_200_4cycles,7542,4537
ACGCTCTTGATAACCC-frozen_3T3_noPEG_200_4cycles,7273,4502
CACATCCTGCGGTACC-frozen_3T3_noPEG_200_4cycles,8172,4830
TCCCACATGAGGACAC-frozen_3T3_noPEG_200_4cycles,7098,4274
CCGCAAGTGGCCCAAC-frozen_3T3_noPEG_200_4cycles,5255,3427
CCAACACCTAGCTGAG-frozen_3T3_noPEG_200_4cycles,6652,4163
TGGCATCCTTATGACC-frozen_3T3_noPEG_200_4cycles,8160,4785
TTTCGGCTGCGGTTTA-frozen_3T3_noPEG_200_4cycles,7558,4569
AATAAGGACAGCAATA-frozen_3T3_noPEG_200_4cycles,5998,3703
CCCGGAAACGGCCAAA-frozen_3T3_noPEG_200_4cycles,7629,4501
TGAGGAGTGGGCAGTA-frozen_3T3_noPEG_200_4cycles,7682,4664
CATCAGAACCCGGCTA-frozen_3T3_noPEG_200_4cycles,7453,4478
GTGAGATCTCATGATC-frozen_3T3_noPEG_200_4cycles,6965,4330
TCGACGGACGGACTGA-frozen_3T3_noPEG_200_4cycles,7198,4395
AGCCGGTACTGGGCCT-frozen_3T3_noPEG_200_4cycles,7799,4882
CTTATTGTGTACTTTC-frozen_3T3_noPEG_200_4cycles,8196,4975
ACTGGGCACCCACATA-frozen_3T3_noPEG_200_4cycles,8927,5131
GGCGTAGCTAATGCTC-frozen_3T3_noPEG_200_4cycles,7551,4498
GGATCCCGACGGCTCA-frozen_3T3_noPEG_200_4cycles,6555,4038
AGGAAGAGAAATCGCT-frozen_3T3_noPEG_200_4cycles,8087,4872
TCCGAGTCTATGTCCA-frozen_3T3_noPEG_200_4cycles,7324,4507
TACAACCGAGAGTGAC-frozen_3T3_noPEG_200_4cycles,7954,4752
CGAACATACGCACCCA-frozen_3T3_noPEG_200_4cycles,6444,4024
GGAAGCCCTCCGATTA-frozen_3T3_noPEG_200_4cycles,7705,4683
CCAGGCAACGATTAAG-frozen_3T3_noPEG_200_4cycles,7705,4687
CTACGTGCTCCTATCC-frozen_3T3_noPEG_200_4cycles,7176,4316
TGGCAATTGTTGGTTG-frozen_3T3_noPEG_200_4cycles,7622,4656
ACTCGGGACGTACACT-frozen_3T3_noPEG_200_4cycles,7142,4384
CCTTCAGTGCTTCAAG-frozen_3T3_noPEG_200_4cycles,7428,4487
TTCCCATCTAAACTGA-frozen_3T3_noPEG_200_4cycles,5223,3349
CATCGAAACGCTGAGA-frozen_3T3_noPEG_200_4cycles,7513,4543
AGCCGGTACGAAGGTC-frozen_3T3_noPEG_200_4cycles,6802,4175
GAGAGGTTGCTCGATA-frozen_3T3_noPEG_200_4cycles,7729,4722
CATAGGTACAGATTCC-frozen_3T3_noPEG_200_4cycles,7186,4307
GGAAGCCCTTTTCTTG-frozen_3T3_noPEG_200_4cycles,6887,4199
CAAGAATGAGAAGGCT-frozen_3T3_noPEG_200_4cycles,7584,4609
GTACCGGACAATCGCT-frozen_3T3_noPEG_200_4cycles,7925,4697
CATCAGTGATACGATC-frozen_3T3_noPEG_200_4cycles,6891,4196
ACCTCAGCTATCGGTT-frozen_3T3_noPEG_200_4cycles,6889,4271
GCTATGATGGACAAAT-frozen_3T3_noPEG_200_4cycles,6296,3968
AAATAGGTGTGCATGT-frozen_3T3_noPEG_200_4cycles,7523,4490
CCTATCGACGTCCCAG-frozen_3T3_noPEG_200_4cycles,6635,3994
CCTCCTGCTTGGCATT-frozen_3T3_noPEG_200_4cycles,7404,4536
TGGACCTCTCCTAGCG-frozen_3T3_noPEG_200_4cycles,7120,4395
TCACACAGAATAACCC-frozen_3T3_noPEG_200_4cycles,7164,4414
CGTTACCTGACCTTGA-frozen_3T3_noPEG_200_4cycles,6223,3797
GTTGAAGCTCAATAGA-frozen_3T3_noPEG_200_4cycles,6566,4131
TAACGTTCTTGTGCTA-frozen_3T3_noPEG_200_4cycles,7273,4471
CTGCACGGACCTAGCG-frozen_3T3_noPEG_200_4cycles,6580,4026
TCCATTTGACTGCGGT-frozen_3T3_noPEG_200_4cycles,7045,4302
CTCTCTTTGACAGGTG-frozen_3T3_noPEG_200_4cycles,7095,4333
AACACTCGAATGTCCA-frozen_3T3_noPEG_200_4cycles,7664,4554
ATGCATCGATAGGTTC-frozen_3T3_noPEG_200_4cycles,6560,3959
ATAACCGTGTTGGTTG-frozen_3T3_noPEG_200_4cycles,5154,3343
TTCGCCAACCGCACTG-frozen_3T3_noPEG_200_4cycles,6952,4213
GGACGCTTGGGCCTTG-frozen_3T3_noPEG_200_4cycles,7059,4180
GCAATCATGTCGTAAC-frozen_3T3_noPEG_200_4cycles,7618,4476
AGTCGCGTGGGCCTTG-frozen_3T3_noPEG_200_4cycles,6812,4199
GTGGTTAACATAGGTA-frozen_3T3_noPEG_200_4cycles,6641,4081
TAATGAGGAGGACCAA-frozen_3T3_noPEG_200_4cycles,7411,4453
AGCCCAGACCCTCCTA-frozen_3T3_noPEG_200_4cycles,7181,4367
CCGCAAGTGATCATGC-frozen_3T3_noPEG_200_4cycles,7136,4315
GGGAGAACTCTGGAAG-frozen_3T3_noPEG_200_4cycles,6630,4154
TTGTCAACTCGTTAGT-frozen_3T3_noPEG_200_4cycles,6916,4332
GTATGAAGACAATGAA-frozen_3T3_noPEG_200_4cycles,6708,4148
AGTACGTTGTTCAGTG-frozen_3T3_noPEG_200_4cycles,4621,2964
GTTGAAGCTTTTGGGT-frozen_3T3_noPEG_200_4cycles,6500,4032
GTAAGGCGATCGTCAA-frozen_3T3_noPEG_200_4cycles,7785,4644
GTAGCATACGGGACTA-frozen_3T3_noPEG_200_4cycles,6124,3691
GACCTTAGATTCTGAG-frozen_3T3_noPEG_200_4cycles,6627,4114
CCATGCTACCCTAGTA-frozen_3T3_noPEG_200_4cycles,5058,3225
CGTACAAACAATCCAC-frozen_3T3_noPEG_200_4cycles,6612,3988
TCGTCCAACTGCTGTA-frozen_3T3_noPEG_200_4cycles,6663,4134
GCGTATATGTGATCAC-frozen_3T3_noPEG_200_4cycles,6772,4162
GGTGTAACTGGATGGT-frozen_3T3_noPEG_200_4cycles,7114,4453
TACCGCTACAACGAAT-frozen_3T3_noPEG_200_4cycles,6907,4298
GGAACATCTTGTTGTG-frozen_3T3_noPEG_200_4cycles,5970,3621
TCACGGGACCGACACC-frozen_3T3_noPEG_200_4cycles,7334,4328
ATACCACGACCTATCC-frozen_3T3_noPEG_200_4cycles,6842,4089
AGCCAGCACTTCCATT-frozen_3T3_noPEG_200_4cycles,7411,4433
CAGGCGACTGCCGTTG-frozen_3T3_noPEG_200_4cycles,6874,4150
ACCTGCTACAGTAGGC-frozen_3T3_noPEG_200_4cycles,6685,4142
TATTCCTGACCTAGGC-frozen_3T3_noPEG_200_4cycles,6440,3971
TTACCATTGTCGTAAC-frozen_3T3_noPEG_200_4cycles,7636,4490
ATTGTGTCTAAGTCTC-frozen_3T3_noPEG_200_4cycles,7008,4266
CGTGAATACCTCACGG-frozen_3T3_noPEG_200_4cycles,6778,4246
GGACCACTGTACAGCT-frozen_3T3_noPEG_200_4cycles,7740,4604
AGCCAATTGATAGGTA-frozen_3T3_noPEG_200_4cycles,6207,3802
AGTACAAGAACTAGTC-frozen_3T3_noPEG_200_4cycles,7227,4453
CTATGCCACCCTACGG-frozen_3T3_noPEG_200_4cycles,5629,3563
ACCTGCTACCCGTGAC-frozen_3T3_noPEG_200_4cycles,6080,3771
ACTGCTAGACCGCAGT-frozen_3T3_noPEG_200_4cycles,5897,3653
GGATGGAACCTCACGG-frozen_3T3_noPEG_200_4cycles,7095,4311
TGTGACTGAGGGACTA-frozen_3T3_noPEG_200_4cycles,6243,3904
CTAGTGCCTAGGGCTA-frozen_3T3_noPEG_200_4cycles,6953,4300
TAACAGAGATGAAAGT-frozen_3T3_noPEG_200_4cycles,6180,3809
TTCTAGTACGAATTGA-frozen_3T3_noPEG_200_4cycles,7089,4360
TATCAGCGACGACTAT-frozen_3T3_noPEG_200_4cycles,6061,3646
CAAAGAATGATAGGTA-frozen_3T3_noPEG_200_4cycles,6883,4145
TGCAGATACTAAGTAG-frozen_3T3_noPEG_200_4cycles,6166,3860
CAGCCGATGCCGGACT-frozen_3T3_noPEG_200_4cycles,6837,4173
CTGATTACTCATGCGC-frozen_3T3_noPEG_200_4cycles,5705,3611
GGCACAAGATCTGGGC-frozen_3T3_noPEG_200_4cycles,5694,3559
CATTTGTACAGGACCA-frozen_3T3_noPEG_200_4cycles,6398,3788
CATGGATTGGCCCAAC-frozen_3T3_noPEG_200_4cycles,6670,4116
CAATGTGTGTATGACC-frozen_3T3_noPEG_200_4cycles,5911,3668
ACACATCGACGGTTGC-frozen_3T3_noPEG_200_4cycles,6459,3843
TTTGGGAACGCAGGAT-frozen_3T3_noPEG_200_4cycles,6172,3942
GAAGTATGAATCAGGG-frozen_3T3_noPEG_200_4cycles,6591,4107
TGACTTGGACGATCGC-frozen_3T3_noPEG_200_4cycles,5915,3744
TGTTCTCCTTTTGTCT-frozen_3T3_noPEG_200_4cycles,5481,3454
TGTGGCTCTGCGTATT-frozen_3T3_noPEG_200_4cycles,6447,3831
CGACATCCTACTCGAT-frozen_3T3_noPEG_200_4cycles,6379,3858
TCGGGTCGACGACATT-frozen_3T3_noPEG_200_4cycles,7449,4494
GGATTTGACGATAGCG-frozen_3T3_noPEG_200_4cycles,6389,3896
CACAGCGTGTCATTTC-frozen_3T3_noPEG_200_4cycles,6495,3947
CTCTATATGTAGCGAG-frozen_3T3_noPEG_200_4cycles,6811,4035
GCGACAAGAATCATGC-frozen_3T3_noPEG_200_4cycles,6647,4116
CGTAATCGAATGAATG-frozen_3T3_noPEG_200_4cycles,6341,3884
CCTTACTCTTTCTGAG-frozen_3T3_noPEG_200_4cycles,5307,3363
GAAGCCCTGATGTGGG-frozen_3T3_noPEG_200_4cycles,6394,3948
CTACTTTGATACTTTC-frozen_3T3_noPEG_200_4cycles,5597,3534
GGTCGTTCTCCTGAGC-frozen_3T3_noPEG_200_4cycles,4718,2834
CTATGTTACCCTGAGC-frozen_3T3_noPEG_200_4cycles,5270,3308
TATAGCCGACTCGATA-frozen_3T3_noPEG_200_4cycles,5993,3668
TTCAGTTACCGATCGC-frozen_3T3_noPEG_200_4cycles,6034,3714
TGCATGCCTTGACCTA-frozen_3T3_noPEG_200_4cycles,6229,3832
CCGAGACACTGAGGCA-frozen_3T3_noPEG_200_4cycles,5096,3159
CCTGCCTCTAGGACCA-frozen_3T3_noPEG_200_4cycles,6438,3913
CGATCGGTGGCCGTTG-frozen_3T3_noPEG_200_4cycles,5909,3725
CGGATGAGAGGCATTT-frozen_3T3_noPEG_200_4cycles,6071,3741
TTGTCCCGACGAACAG-frozen_3T3_noPEG_200_4cycles,6085,3791
AATCTGCGAAATCCAC-frozen_3T3_noPEG_200_4cycles,5944,3716
AGCTCTGCTAAGTAAC-frozen_3T3_noPEG_200_4cycles,6330,3848
TTCAGTTACACAGATA-frozen_3T3_noPEG_200_4cycles,5606,3538
CAATAGAGATCCAATG-frozen_3T3_noPEG_200_4cycles,7009,4019
ATTCCAGGACATTCAG-frozen_3T3_noPEG_200_4cycles,5599,3496
ATCGAGTTGATCAGCT-frozen_3T3_noPEG_200_4cycles,5677,3521
ATACCACGAAACCCGC-frozen_3T3_noPEG_200_4cycles,5343,3350
AAGACAAACCGATCGC-frozen_3T3_noPEG_200_4cycles,5509,3412
CCTAACGCTGCTGAGA-frozen_3T3_noPEG_200_4cycles,6049,3721
CCCAGGATGCCAAGTT-frozen_3T3_noPEG_200_4cycles,6350,3772
TCTTCAAACTGTTCCC-frozen_3T3_noPEG_200_4cycles,6168,3788
GGATGCCTGGTCTTGA-frozen_3T3_noPEG_200_4cycles,5953,3625
GAAGTCTTGGCATGAG-frozen_3T3_noPEG_200_4cycles,5763,3614
CAGAAACCTTGGGCCT-frozen_3T3_noPEG_200_4cycles,5931,3643
AGGCATTACCGGTTTA-frozen_3T3_noPEG_200_4cycles,4907,3166
ATAGAACGATGCGCCA-frozen_3T3_noPEG_200_4cycles,6784,4002
CAACACCCTCGGTTGC-frozen_3T3_noPEG_200_4cycles,6253,3846
GACCGCTGATGCCACG-frozen_3T3_noPEG_200_4cycles,5988,3724
GGCAGTAGAGAACAGC-frozen_3T3_noPEG_200_4cycles,5618,3455
CCAACACCTCAAGTAA-frozen_3T3_noPEG_200_4cycles,6455,3977
TGCTGCTACAGGTGCA-frozen_3T3_noPEG_200_4cycles,6470,4024
ACGCCCAGATGGTCCG-frozen_3T3_noPEG_200_4cycles,5411,3417
TGCTGAAACTGGTCCG-frozen_3T3_noPEG_200_4cycles,5724,3520
TCACGGGACTGGGCAA-frozen_3T3_noPEG_200_4cycles,4652,3050
TGTCAATCTCGAGTTT-frozen_3T3_noPEG_200_4cycles,4448,2926
ACTTATCTGATCCGTA-frozen_3T3_noPEG_200_4cycles,6386,3907
GTTGTTGGACCACTTC-frozen_3T3_noPEG_200_4cycles,5412,3368
GGCTTGCGAGCTCCTT-frozen_3T3_noPEG_200_4cycles,5673,3601
CCTGATCACTCGTACA-frozen_3T3_noPEG_200_4cycles,6440,3979
TGTCCGTTGATTGGTC-frozen_3T3_noPEG_200_4cycles,5622,3484
AAGTGCTTGAAGACAT-frozen_3T3_noPEG_200_4cycles,6056,3703
CAAGGCCACTGGCATT-frozen_3T3_noPEG_200_4cycles,5646,3530
GCTATGATGCCCGAGT-frozen_3T3_noPEG_200_4cycles,4740,2903
GAACAAATGAATCCAC-frozen_3T3_noPEG_200_4cycles,5421,3474
CACAGCGTGCGATTGT-frozen_3T3_noPEG_200_4cycles,6381,3910
CGTAGTAACTTCTGAG-frozen_3T3_noPEG_200_4cycles,5716,3624
CCTTACTCTGTTAGTC-frozen_3T3_noPEG_200_4cycles,5894,3698
GTCCGTTACTCGCAGC-frozen_3T3_noPEG_200_4cycles,6345,3767
CGGTCTACTTCGAGAG-frozen_3T3_noPEG_200_4cycles,5598,3469
CCTACTGTGCACAGTT-frozen_3T3_noPEG_200_4cycles,6113,3772
ACTGGAGGATGCGCCA-frozen_3T3_noPEG_200_4cycles,5999,3729
TGGACAACTCCCGAGT-frozen_3T3_noPEG_200_4cycles,4587,2854
ATCTTACTGAGAGGCT-frozen_3T3_noPEG_200_4cycles,5593,3461
CGTTATGGATGCTTGA-frozen_3T3_noPEG_200_4cycles,6482,4072
CTTCTAAACAAGTTCC-frozen_3T3_noPEG_200_4cycles,6137,3881
TGTTCTCCTCGGGTAA-frozen_3T3_noPEG_200_4cycles,6338,3907
TCGGGTGACAGGTAAT-frozen_3T3_noPEG_200_4cycles,5372,3387
AATTCGGTGCAATGAA-frozen_3T3_noPEG_200_4cycles,4753,3032
TGAACTGTGTGGGCCT-frozen_3T3_noPEG_200_4cycles,5782,3544
TGTGGCTCTTAGGCGA-frozen_3T3_noPEG_200_4cycles,5909,3653
TCTTATGACGCCCAAC-frozen_3T3_noPEG_200_4cycles,5075,3198
CCCATGTACCGATTCA-frozen_3T3_noPEG_200_4cycles,5508,3412
GAATCGGGAGGGATTG-frozen_3T3_noPEG_200_4cycles,5113,3307
TACACTACTTCGTAGT-frozen_3T3_noPEG_200_4cycles,5594,3522
CGTTCTCGAACAGGCA-frozen_3T3_noPEG_200_4cycles,5976,3616
GGTCGTTCTCTCACGG-frozen_3T3_noPEG_200_4cycles,3600,2304
CTTGCTGACCCGCAGT-frozen_3T3_noPEG_200_4cycles,5558,3447
AGTTTGCGACGATTGT-frozen_3T3_noPEG_200_4cycles,6496,3817
GTACATCGAGTCCCGA-frozen_3T3_noPEG_200_4cycles,4876,3066
GGCGCAACTACCAGTT-frozen_3T3_noPEG_200_4cycles,4505,2853
GGCACAAGAATAGCAA-frozen_3T3_noPEG_200_4cycles,5182,3229
ACCTCACACTCTGCAA-frozen_3T3_noPEG_200_4cycles,4809,3099
GGTATACTGAGGACAC-frozen_3T3_noPEG_200_4cycles,5046,3226
GCTGAATTGTAAGCAA-frozen_3T3_noPEG_200_4cycles,5732,3589
CAACTGAACAGTAGGC-frozen_3T3_noPEG_200_4cycles,4664,2904
TGGTTTGGATGAGCAG-frozen_3T3_noPEG_200_4cycles,6703,4081
TACTGGAACAGGGAGG-frozen_3T3_noPEG_200_4cycles,7027,4256
GAGTCATTGATCCGTA-frozen_3T3_noPEG_200_4cycles,5354,3442
TGGAACACTCCTCGTT-frozen_3T3_noPEG_200_4cycles,5873,3624
TAGTCGCCTATCCTCC-frozen_3T3_noPEG_200_4cycles,6328,3901
CTGGGACACTGGCATT-frozen_3T3_noPEG_200_4cycles,6011,3745
TCGCCGAGAAGCCATT-frozen_3T3_noPEG_200_4cycles,5617,3448
ACTACCCACTCTGGAT-frozen_3T3_noPEG_200_4cycles,4812,3018
GTCGCATCTTACGATC-frozen_3T3_noPEG_200_4cycles,6230,3764
GTCCTACACGCTAGAG-frozen_3T3_noPEG_200_4cycles,5895,3573
GAGCGATGAGGACCAA-frozen_3T3_noPEG_200_4cycles,5585,3544
AAACGCTACAACGTAA-frozen_3T3_noPEG_200_4cycles,5986,3676
CATCCGTACCTTTGTT-frozen_3T3_noPEG_200_4cycles,5725,3527
AGTGGAGTGGTACACT-frozen_3T3_noPEG_200_4cycles,5529,3483
TGCCTACTGCCTGTGG-frozen_3T3_noPEG_200_4cycles,5369,3429
GGGCTTCGACCTTCCA-frozen_3T3_noPEG_200_4cycles,5180,3280
CAGGCCATGGAGTGAC-frozen_3T3_noPEG_200_4cycles,5226,3273
TTCCTACCTTTGGTTG-frozen_3T3_noPEG_200_4cycles,5951,3737
AGCTTCCACCAGTCCG-frozen_3T3_noPEG_200_4cycles,6076,3762
TCCTTAATGACGTGCC-frozen_3T3_noPEG_200_4cycles,5559,3451
TGATATCCTGCTTCGG-frozen_3T3_noPEG_200_4cycles,5745,3555
AATTACCCTGCTGTTA-frozen_3T3_noPEG_200_4cycles,3859,2516
TGAAAGAACCGATGTT-frozen_3T3_noPEG_200_4cycles,5332,3321
AGGGTTTACACCATGT-frozen_3T3_noPEG_200_4cycles,5700,3592
CCATGATGACAGTCTA-frozen_3T3_noPEG_200_4cycles,6516,4014
GAAGCACGAAAGTTCC-frozen_3T3_noPEG_200_4cycles,5305,3336
GTTGTGATGTACTTTC-frozen_3T3_noPEG_200_4cycles,5259,3341
GAATCGGGACTCTGGG-frozen_3T3_noPEG_200_4cycles,4613,3017
AAATAGGTGATCACAC-frozen_3T3_noPEG_200_4cycles,5460,3431
ATCGCAATGTATCTGG-frozen_3T3_noPEG_200_4cycles,5314,3352
CACATCCTGCGCAACC-frozen_3T3_noPEG_200_4cycles,5808,3519
GGATGGAACTGCACCG-frozen_3T3_noPEG_200_4cycles,5782,3640
GCTGTTCTGCCACATA-frozen_3T3_noPEG_200_4cycles,5091,3294
TCAGCCGGACCAGCTG-frozen_3T3_noPEG_200_4cycles,5540,3513
GAACAAATGCAGGGTA-frozen_3T3_noPEG_200_4cycles,5062,3259
TATGCTTTGCGTTCTC-frozen_3T3_noPEG_200_4cycles,5167,3068
GGTGGAAACCTTAAGC-frozen_3T3_noPEG_200_4cycles,4706,2962
GTCATATCTGGACCTC-frozen_3T3_noPEG_200_4cycles,5313,3404
TGGATTGACCGATGGA-frozen_3T3_noPEG_200_4cycles,5447,3376
TGATATCCTCCTAGGC-frozen_3T3_noPEG_200_4cycles,5555,3482
GCACTTCTGGCTGTTA-frozen_3T3_noPEG_200_4cycles,4877,3066
TGGCGTTCTCAATGAA-frozen_3T3_noPEG_200_4cycles,5975,3638
TATCATGCTTCTATCT-frozen_3T3_noPEG_200_4cycles,5306,3350
GAGAAGAGATTCAGTG-frozen_3T3_noPEG_200_4cycles,5269,3329
CAGCTCACTAGCTTTG-frozen_3T3_noPEG_200_4cycles,5481,3434
AGCTATCGATTCTGAG-frozen_3T3_noPEG_200_4cycles,5449,3328
TCCATGGCTAGTGAGC-frozen_3T3_noPEG_200_4cycles,5430,3417
TCCAAAGTGCATACTG-frozen_3T3_noPEG_200_4cycles,5877,3651
TTATCGACTATCATCG-frozen_3T3_noPEG_200_4cycles,5049,3232
CTGTTGCTGGAAGGTC-frozen_3T3_noPEG_200_4cycles,5805,3563
ATCTTACTGGCACCCA-frozen_3T3_noPEG_200_4cycles,5340,3375
GTTGTTGGATCTGCAA-frozen_3T3_noPEG_200_4cycles,4336,2784
AGGTGTGGATGACCTA-frozen_3T3_noPEG_200_4cycles,5801,3647
GGACACCTGAGGCGTA-frozen_3T3_noPEG_200_4cycles,4739,2972
GGGCGATCTTAGGTTC-frozen_3T3_noPEG_200_4cycles,5283,3342
TCGGTGCGATGGTCCG-frozen_3T3_noPEG_200_4cycles,5783,3543
TGTCTTCCTGTTGGTT-frozen_3T3_noPEG_200_4cycles,3740,2388
TGTACTGGAGTCTGGC-frozen_3T3_noPEG_200_4cycles,5628,3411
TGGCCGATGTCAATGC-frozen_3T3_noPEG_200_4cycles,5264,3220
TCAACAGACTTGCGTA-frozen_3T3_noPEG_200_4cycles,4984,3172
TTGCTAACTTGCTACA-frozen_3T3_noPEG_200_4cycles,5219,3261
TTCCCAGACACAACAA-frozen_3T3_noPEG_200_4cycles,4641,2916
CTTTAGGGATTCAGTG-frozen_3T3_noPEG_200_4cycles,5088,3159
ATCAATCCTCTCACGG-frozen_3T3_noPEG_200_4cycles,5579,3527
ATTGCTACTGGGTAGT-frozen_3T3_noPEG_200_4cycles,5083,3237
CATTCCCGAAAAGGTT-frozen_3T3_noPEG_200_4cycles,5256,3240
CTGGGACACGTTGTCA-frozen_3T3_noPEG_200_4cycles,5149,3195
GTGCAGAGAGGACTGA-frozen_3T3_noPEG_200_4cycles,6051,3637
TATCCATACAGCTTGT-frozen_3T3_noPEG_200_4cycles,5767,3561
GTGAAGGACCTCTGGG-frozen_3T3_noPEG_200_4cycles,5414,3290
GTCCTACACGTACGTT-frozen_3T3_noPEG_200_4cycles,5314,3238
GCTCGTGGATTAGCTG-frozen_3T3_noPEG_200_4cycles,5348,3104
AGAACCTTGTTGACAC-frozen_3T3_noPEG_200_4cycles,5444,3381
ATGATGCACCTCGATA-frozen_3T3_noPEG_200_4cycles,5180,3285
ATGTGTGTGCATCTTT-frozen_3T3_noPEG_200_4cycles,4321,2675
CTTAGGCCTCATGCTA-frozen_3T3_noPEG_200_4cycles,5152,3150
GAAGAATACCCTTTGC-frozen_3T3_noPEG_200_4cycles,4553,2930
GAATCGGGAAATGCTC-frozen_3T3_noPEG_200_4cycles,4559,2915
CAGGGCACTCCAGCTG-frozen_3T3_noPEG_200_4cycles,5921,3605
TGAGCGCACGCTGAGA-frozen_3T3_noPEG_200_4cycles,3565,2276
GAAGGCATGCCTGTGG-frozen_3T3_noPEG_200_4cycles,5369,3401
TGGGTGCACTTCTCGC-frozen_3T3_noPEG_200_4cycles,5348,3348
CGAGGACCTCGACAAG-frozen_3T3_noPEG_200_4cycles,5127,3178
ATAACCGTGTACGTTG-frozen_3T3_noPEG_200_4cycles,5390,3353
AACCACTGAGTTAGGG-frozen_3T3_noPEG_200_4cycles,5617,3418
CCCATTTCTCGAACGA-frozen_3T3_noPEG_200_4cycles,5286,3269
TCGTGAATGTAACTCG-frozen_3T3_noPEG_200_4cycles,4887,3134
GGCGTTTCTCGCCACA-frozen_3T3_noPEG_200_4cycles,4783,2966
TCCGACACTTCGACAT-frozen_3T3_noPEG_200_4cycles,5695,3490
GGTGAGATGTCGCTAA-frozen_3T3_noPEG_200_4cycles,5041,3112
CTCAAACGATAACGAA-frozen_3T3_noPEG_200_4cycles,5473,3415
GCTGGACACCTTTGTT-frozen_3T3_noPEG_200_4cycles,5123,3214
ATTTAGCCTATTGGTC-frozen_3T3_noPEG_200_4cycles,4867,3070
CGCTTGTACCTAACGT-frozen_3T3_noPEG_200_4cycles,5077,3186
GCAGATACTAATAGCA-frozen_3T3_noPEG_200_4cycles,4827,3079
AAAGCCTTGCTGGCAC-frozen_3T3_noPEG_200_4cycles,4760,2996
ATTTCGACTTCATTGG-frozen_3T3_noPEG_200_4cycles,4656,2977
GTTAGTTCTTACGTTG-frozen_3T3_noPEG_200_4cycles,4926,3042
AGGAACCGAGTACTAC-frozen_3T3_noPEG_200_4cycles,4881,3010
CAAACCTGATTGTGAC-frozen_3T3_noPEG_200_4cycles,5218,3199
GGTTCACCTGCCCAAC-frozen_3T3_noPEG_200_4cycles,4653,2886
TTCTAGTTGTGCGCCA-frozen_3T3_noPEG_200_4cycles,4846,3049
TCTTGAACTTTAGAAG-frozen_3T3_noPEG_200_4cycles,4433,2822
GCCTCTTGAAAGGCTG-frozen_3T3_noPEG_200_4cycles,4730,2953
TGGCCGATGTACGATC-frozen_3T3_noPEG_200_4cycles,5223,3246
TTCAGTTACCTGCCAG-frozen_3T3_noPEG_200_4cycles,4644,2992
CACATGATGCTGGAAG-frozen_3T3_noPEG_200_4cycles,5471,3389
CATTTCCCTCTTCAAG-frozen_3T3_noPEG_200_4cycles,5269,3274
CCCATTTCTTTGGGAG-frozen_3T3_noPEG_200_4cycles,4643,2989
AAACAACGAAGTACGG-frozen_3T3_noPEG_200_4cycles,5286,3289
GGTTGAACTGCCCAAC-frozen_3T3_noPEG_200_4cycles,3716,2336
TCCCTGTGAAGCAATA-frozen_3T3_noPEG_200_4cycles,4897,3100
CCTACGTACGGGTAGT-frozen_3T3_noPEG_200_4cycles,5310,3332
GGGCTGACTTCGTAAC-frozen_3T3_noPEG_200_4cycles,5076,3166
TTTCTGAACAGGACAC-frozen_3T3_noPEG_200_4cycles,4373,2796
CTACAACGATTCGGGC-frozen_3T3_noPEG_200_4cycles,4844,3140
TCCGTTGACCTGGAAG-frozen_3T3_noPEG_200_4cycles,4588,2910
GACCCGTGAGACATAA-frozen_3T3_noPEG_200_4cycles,5390,3266
AAGCGTGGATGAGCAG-frozen_3T3_noPEG_200_4cycles,3962,2484
CCTCATGACCTCGAGC-frozen_3T3_noPEG_200_4cycles,3419,2163
CAGTATTCTCCATAAC-frozen_3T3_noPEG_200_4cycles,5350,3244
ACCGTGTCTCGAAGCA-frozen_3T3_noPEG_200_4cycles,5074,3102
GAACTACTGCGACTAT-frozen_3T3_noPEG_200_4cycles,4823,3102
CTGAGATACATCACAC-frozen_3T3_noPEG_200_4cycles,5455,3403
AACTCACGATCTTTGT-frozen_3T3_noPEG_200_4cycles,5042,3107
TGGGAGTGAGACTGTT-frozen_3T3_noPEG_200_4cycles,5226,3244
AATCCAGACAGCAGGT-frozen_3T3_noPEG_200_4cycles,5115,3218
GAGCATTTGAATCGAA-frozen_3T3_noPEG_200_4cycles,4042,2636
TTACGTTACTACAGCT-frozen_3T3_noPEG_200_4cycles,2731,1743
AACTTACCTCCTGAGC-frozen_3T3_noPEG_200_4cycles,5259,3226
TGGGCCATGCCATAAC-frozen_3T3_noPEG_200_4cycles,4538,2841
GGCGCAACTTGGGCAA-frozen_3T3_noPEG_200_4cycles,4826,3025
GGAAGCCCTACAGGCA-frozen_3T3_noPEG_200_4cycles,4393,2818
CCGACTACTATCAGCT-frozen_3T3_noPEG_200_4cycles,5115,3209
CCATGCTACAATAGCA-frozen_3T3_noPEG_200_4cycles,5271,3258
ACACATCGAACAACAA-frozen_3T3_noPEG_200_4cycles,5212,3197
GTCACAATGAGGGAGG-frozen_3T3_noPEG_200_4cycles,5038,3195
TTAGACCGATCTGGGC-frozen_3T3_noPEG_200_4cycles,3952,2548
TCAGGAGGAACTAGGG-frozen_3T3_noPEG_200_4cycles,4739,3010
TCAGCTAGACAGACCC-frozen_3T3_noPEG_200_4cycles,4606,2861
CTTAGAGACAAGACAT-frozen_3T3_noPEG_200_4cycles,5455,3236
TGTTACTACGCTTACA-frozen_3T3_noPEG_200_4cycles,4694,2918
GAATTCTCTGTCGGTC-frozen_3T3_noPEG_200_4cycles,5383,3270
CTTGCGTACGTCCCAG-frozen_3T3_noPEG_200_4cycles,4486,2815
AGCACATTGGGAATAT-frozen_3T3_noPEG_200_4cycles,4644,2964
GAAGCAGTGAGAGGCT-frozen_3T3_noPEG_200_4cycles,4595,2984
TGACCCTACTCTGTAG-frozen_3T3_noPEG_200_4cycles,4984,3113
CACCCATACCAATGAA-frozen_3T3_noPEG_200_4cycles,4331,2669
TTACTGGGAAAGCTAA-frozen_3T3_noPEG_200_4cycles,5043,3072
AGGTGATCTTCATGTG-frozen_3T3_noPEG_200_4cycles,4313,2715
GGACACCTGAGGTCCC-frozen_3T3_noPEG_200_4cycles,4728,3020
GAAGGACACCGTTAGT-frozen_3T3_noPEG_200_4cycles,5120,3164
GTCGTGGTGCGAATCT-frozen_3T3_noPEG_200_4cycles,5377,3259
GATACCATGCAGATTC-frozen_3T3_noPEG_200_4cycles,4221,2726
GGACGAATGGACGCCT-frozen_3T3_noPEG_200_4cycles,4457,2751
ATCAAAGGAGGTGCAA-frozen_3T3_noPEG_200_4cycles,4586,2859
CGCTAGTCTCACTCAA-frozen_3T3_noPEG_200_4cycles,4964,3178
AGTGGAGTGTCTGGGC-frozen_3T3_noPEG_200_4cycles,3922,2382
GGTTTAGTGCAGGCCT-frozen_3T3_noPEG_200_4cycles,4582,2925
TGAGCTAACCTTCAAG-frozen_3T3_noPEG_200_4cycles,4816,3032
GAACCATACTTGTACG-frozen_3T3_noPEG_200_4cycles,4123,2662
AGGAATTGAGATCATC-frozen_3T3_noPEG_200_4cycles,4616,2922
CGAGCACTGGTACGTT-frozen_3T3_noPEG_200_4cycles,3837,2472
ATAGGCGGACAGCAAG-frozen_3T3_noPEG_200_4cycles,3873,2438
TAAGCACACCCTTTGC-frozen_3T3_noPEG_200_4cycles,4676,2963
TTGTACTACAGCAGGT-frozen_3T3_noPEG_200_4cycles,4688,2945
TCGGGTGACCGCCACA-frozen_3T3_noPEG_200_4cycles,3649,2256
GACGAGTGACGCCACA-frozen_3T3_noPEG_200_4cycles,4413,2930
GTATCAGTGTAACCCA-frozen_3T3_noPEG_200_4cycles,3856,2496
CTTGACGCTTACAGCT-frozen_3T3_noPEG_200_4cycles,4542,2860
TCAAATCCTTTGTTTC-frozen_3T3_noPEG_200_4cycles,3885,2496
TTGTTAGCTTGCATGT-frozen_3T3_noPEG_200_4cycles,4577,2870
GCCATTCACACACCTA-frozen_3T3_noPEG_200_4cycles,4948,3098
TCGAAGTACAGTAGGC-frozen_3T3_noPEG_200_4cycles,4591,2950
ACGGCCATGCAGGGAT-frozen_3T3_noPEG_200_4cycles,4411,2847
GTCACAAACTCATTGG-frozen_3T3_noPEG_200_4cycles,4209,2675
GGGTAGAACCCAACGC-frozen_3T3_noPEG_200_4cycles,4710,2979
CGATCAAACTGTCACA-frozen_3T3_noPEG_200_4cycles,4947,3081
TTCTATGACTGCTACA-frozen_3T3_noPEG_200_4cycles,4742,2954
TGTGGTAACCTCGAGC-frozen_3T3_noPEG_200_4cycles,4771,2911
TAGACCTGATCCAGCG-frozen_3T3_noPEG_200_4cycles,4382,2718
TATTGGTCTGATTAAG-frozen_3T3_noPEG_200_4cycles,5459,3277
GTGGTTAACTAATCGC-frozen_3T3_noPEG_200_4cycles,4827,2990
CTAAGTCGAGTCGGTC-frozen_3T3_noPEG_200_4cycles,3328,2124
CCTGCTATGCATGCTA-frozen_3T3_noPEG_200_4cycles,4727,2897
TGGATTGACTTGCAGT-frozen_3T3_noPEG_200_4cycles,4542,2857
GCTTTGCACCACTCAA-frozen_3T3_noPEG_200_4cycles,4628,2916
GCGTCTTTGTTGGTTG-frozen_3T3_noPEG_200_4cycles,4341,2733
GGAGTTACTTGGTCCG-frozen_3T3_noPEG_200_4cycles,3916,2535
ATTTAGCCTCATAGCT-frozen_3T3_noPEG_200_4cycles,4502,2863
GTCTACCACGAATAGT-frozen_3T3_noPEG_200_4cycles,5199,3216
TAAGCACACCCAACGC-frozen_3T3_noPEG_200_4cycles,3966,2496
ACAAAGAACTGCGGCT-frozen_3T3_noPEG_200_4cycles,3516,2273
GGGATGTGATACAGAA-frozen_3T3_noPEG_200_4cycles,4528,2811
TACCTCTCTGAAATCA-frozen_3T3_noPEG_200_4cycles,4667,2897
CAACAACACGTCCCAG-frozen_3T3_noPEG_200_4cycles,4663,2833
AACTAGCACATCCTAG-frozen_3T3_noPEG_200_4cycles,3952,2521
ACTACGCCTACTAGTC-frozen_3T3_noPEG_200_4cycles,4769,3009
TCAGCTAGAAAGTAAC-frozen_3T3_noPEG_200_4cycles,4555,2842
GGTTCAATGGACTGTT-frozen_3T3_noPEG_200_4cycles,4877,3047
AACTCGATGGACGCCT-frozen_3T3_noPEG_200_4cycles,4679,2942
GTATTCTACTTTCGCC-frozen_3T3_noPEG_200_4cycles,3956,2474
TGCATGCCTCAGCAAG-frozen_3T3_noPEG_200_4cycles,4390,2734
CGTAGCGACGGAATTA-frozen_3T3_noPEG_200_4cycles,4502,2796
CATGCAAACTAATAGG-frozen_3T3_noPEG_200_4cycles,3897,2442
CCTAAGAACAAGGCTG-frozen_3T3_noPEG_200_4cycles,3960,2505
CTTAATCTGAAGTAAC-frozen_3T3_noPEG_200_4cycles,4273,2644
TCTAGACGATGGCTGC-frozen_3T3_noPEG_200_4cycles,3951,2571
CTAGAGACTGCTCCTT-frozen_3T3_noPEG_200_4cycles,4999,3086
GGGTTCTCTCCAAACT-frozen_3T3_noPEG_200_4cycles,4282,2755
TGTCGCTTGTCGCAGC-frozen_3T3_noPEG_200_4cycles,4366,2746
GACCCATCTTTCTCGC-frozen_3T3_noPEG_200_4cycles,4307,2686
CTATCTATGAACGCAG-frozen_3T3_noPEG_200_4cycles,4293,2738
GACCGCTGATAATCGC-frozen_3T3_noPEG_200_4cycles,3757,2423
GGTTGGAGAGTGGTGA-frozen_3T3_noPEG_200_4cycles,4059,2559
GTGCTCACTTAATGCC-frozen_3T3_noPEG_200_4cycles,4598,2956
GTCAAGTACGTCCCAG-frozen_3T3_noPEG_200_4cycles,4036,2582
TTCTAACACTCATGTG-frozen_3T3_noPEG_200_4cycles,4573,2934
AATGGCTACAGCCATT-frozen_3T3_noPEG_200_4cycles,4086,2612
AGCGCAAGACTGCGGT-frozen_3T3_noPEG_200_4cycles,4482,2782
GCCCATACTTCTGTAG-frozen_3T3_noPEG_200_4cycles,4112,2632
CCGACTACTTAAGCAA-frozen_3T3_noPEG_200_4cycles,4238,2668
GTTATGCGAACACAAA-frozen_3T3_noPEG_200_4cycles,4311,2707
GTTCAGAACGGCCTGT-frozen_3T3_noPEG_200_4cycles,4006,2579
TGCGCATCTCCTTCCA-frozen_3T3_noPEG_200_4cycles,3224,2050
TCCGTTGACCTTTAGG-frozen_3T3_noPEG_200_4cycles,3497,2327
TTGTTAGCTTAGCGAG-frozen_3T3_noPEG_200_4cycles,4067,2597
ATTTCTGACGCAGGAT-frozen_3T3_noPEG_200_4cycles,3795,2418
AACTGTGACCCGATTA-frozen_3T3_noPEG_200_4cycles,4746,2861
GTGAAGCGATACCAAC-frozen_3T3_noPEG_200_4cycles,3909,2464
GAAGCAGTGGCTACGC-frozen_3T3_noPEG_200_4cycles,3465,2242
ATCAATCCTTCTGGAT-frozen_3T3_noPEG_200_4cycles,4162,2655
TTTAAGCCTTGCGTGC-frozen_3T3_noPEG_200_4cycles,4173,2655
TATCTCCCTCCATGTA-frozen_3T3_noPEG_200_4cycles,3577,2334
TGTTATCACGTTGGTT-frozen_3T3_noPEG_200_4cycles,3873,2483
TTGATTCACCCTCCTA-frozen_3T3_noPEG_200_4cycles,4331,2720
GACAATCTGTGACCTA-frozen_3T3_noPEG_200_4cycles,4052,2633
CGATATTCTCAGGGAT-frozen_3T3_noPEG_200_4cycles,4126,2633
ATATTCGCTGTTGGTT-frozen_3T3_noPEG_200_4cycles,3140,1999
CCATCCATGTAGCTTG-frozen_3T3_noPEG_200_4cycles,3627,2292
TCGCGGAACAAGGTGC-frozen_3T3_noPEG_200_4cycles,4468,2873
TCAGTCCACTACAGAA-frozen_3T3_noPEG_200_4cycles,3222,2118
GACCTATGACTTAGTG-frozen_3T3_noPEG_200_4cycles,3797,2496
CAAAGCTTGTAATGCC-frozen_3T3_noPEG_200_4cycles,4702,2922
TTCAGTTACAGCCCTG-frozen_3T3_noPEG_200_4cycles,3632,2334
TCGGCTTACGCCCTGA-frozen_3T3_noPEG_200_4cycles,3522,2248
CGTGAATACAATCTGC-frozen_3T3_noPEG_200_4cycles,3647,2341
GTAGGTTTGCCTAGCG-frozen_3T3_noPEG_200_4cycles,4121,2570
GATCGCGTGAATCGAA-frozen_3T3_noPEG_200_4cycles,4177,2658
CGATACAACGGTGTCC-frozen_3T3_noPEG_200_4cycles,4107,2641
TGCGCAGACATCGGTT-frozen_3T3_noPEG_200_4cycles,3939,2455
GTTCTTCCTTTGGGAG-frozen_3T3_noPEG_200_4cycles,4246,2673
TGGACAACTATCTGTG-frozen_3T3_noPEG_200_4cycles,3771,2285
AGGCCAAGATTCGCAA-frozen_3T3_noPEG_200_4cycles,3693,2350
TAAGTGCACCTCACGG-frozen_3T3_noPEG_200_4cycles,4397,2754
AGAGACCGACCATGTA-frozen_3T3_noPEG_200_4cycles,4265,2676
AAAGCGGACCTCGATA-frozen_3T3_noPEG_200_4cycles,4314,2701
ACAAGACCTGCTCCTT-frozen_3T3_noPEG_200_4cycles,3822,2463
TCCGTTGTGTGTTCCC-frozen_3T3_noPEG_200_4cycles,3224,2131
ACAAGACCTAGGCGTA-frozen_3T3_noPEG_200_4cycles,3684,2358
TGTACTGGAGAGCCTC-frozen_3T3_noPEG_200_4cycles,4167,2607
ATCGTTTACCCTTTGC-frozen_3T3_noPEG_200_4cycles,4174,2675
GTAGGTTTGCGAAGCA-frozen_3T3_noPEG_200_4cycles,4315,2738
GGGCTTCGAGGGTTCC-frozen_3T3_noPEG_200_4cycles,3466,2208
TGCCGTGGAGACACCC-frozen_3T3_noPEG_200_4cycles,3907,2518
TTGTTTGACAAAGTAC-frozen_3T3_noPEG_200_4cycles,4341,2736
GGGAGCTCTCCTCAAA-frozen_3T3_noPEG_200_4cycles,3877,2449
CACGGAAGAAGGACCA-frozen_3T3_noPEG_200_4cycles,4469,2794
GGTAGCAGAAAACTGA-frozen_3T3_noPEG_200_4cycles,3610,2240
TTTCGCTCTCAAGTAA-frozen_3T3_noPEG_200_4cycles,3589,2262
TCCTCATCTACACAAA-frozen_3T3_noPEG_200_4cycles,3993,2529
CTGTAAGTGAGTTGAA-frozen_3T3_noPEG_200_4cycles,3459,2158
ACGTGGCTGTGATCAC-frozen_3T3_noPEG_200_4cycles,3093,2032
CGCAATCCTGGTTGAG-frozen_3T3_noPEG_200_4cycles,4038,2553
AATCCAGACTCATGCA-frozen_3T3_noPEG_200_4cycles,3924,2538
AACGAGGTGCCTGAGC-frozen_3T3_noPEG_200_4cycles,3275,2049
GACTACCCTAGACTTC-frozen_3T3_noPEG_200_4cycles,3792,2466
GTGTTGTGACGGTTGC-frozen_3T3_noPEG_200_4cycles,2605,1643
GACCAGGCTATAGCAA-frozen_3T3_noPEG_200_4cycles,4009,2645
GGTCTGGACATAGCAA-frozen_3T3_noPEG_200_4cycles,4044,2600
TCCATATACTCCAATG-frozen_3T3_noPEG_200_4cycles,4431,2774
GAGTTACTGAAGTCTC-frozen_3T3_noPEG_200_4cycles,4040,2576
ACACATCGACCTGTGG-frozen_3T3_noPEG_200_4cycles,2855,1855
GGACTTAACGTGGTGA-frozen_3T3_noPEG_200_4cycles,3844,2432
CAGTGATTGCTGTACA-frozen_3T3_noPEG_200_4cycles,3658,2317
GGTTCAATGTCCCGTT-frozen_3T3_noPEG_200_4cycles,3459,2216
TCGTCTGACCTGAGAG-frozen_3T3_noPEG_200_4cycles,3841,2466
TCAAAGCACTGAGCAG-frozen_3T3_noPEG_200_4cycles,3927,2515
TGCAGATACATGAATG-frozen_3T3_noPEG_200_4cycles,4391,2770
GATATCGTGGGAATAT-frozen_3T3_noPEG_200_4cycles,3686,2376
GATCGCGTGGATCATC-frozen_3T3_noPEG_200_4cycles,3343,2238
GATGCATTGGCTTACA-frozen_3T3_noPEG_200_4cycles,3651,2405
GGACCACTGACGTGCC-frozen_3T3_noPEG_200_4cycles,3929,2550
GCTCGATCTTTTGTCT-frozen_3T3_noPEG_200_4cycles,3145,2022
TCCGGGTGAAGGTGCA-frozen_3T3_noPEG_200_4cycles,3273,2063
AGGCCAAGAGAACGTG-frozen_3T3_noPEG_200_4cycles,4290,2686
GAAGTGTCTAATCCAC-frozen_3T3_noPEG_200_4cycles,3349,2195
CGTGTAATGCCAGCAC-frozen_3T3_noPEG_200_4cycles,3763,2410
ATCAAGCACTAGCGAG-frozen_3T3_noPEG_200_4cycles,3451,2249
GATAGCGGACGGAAGT-frozen_3T3_noPEG_200_4cycles,3920,2565
TTCTAGTTGCCACAAT-frozen_3T3_noPEG_200_4cycles,4074,2614
TACTAACCTTAAGCAA-frozen_3T3_noPEG_200_4cycles,3774,2473
CAAAGACCTAACGCAG-frozen_3T3_noPEG_200_4cycles,2573,1694
TTTCGCTCTCCTGTGG-frozen_3T3_noPEG_200_4cycles,3354,2124
CACATTACTGGAATGC-frozen_3T3_noPEG_200_4cycles,3504,2244
CAAAGACCTTATTGCG-frozen_3T3_noPEG_200_4cycles,4061,2596
TCCTCATCTGTCAATC-frozen_3T3_noPEG_200_4cycles,3340,2159
TGCTACGCTCACTCAA-frozen_3T3_noPEG_200_4cycles,3792,2434
ATCGGCGTGCATAGCT-frozen_3T3_noPEG_200_4cycles,3727,2383
GTGTACTGAGCTGAGA-frozen_3T3_noPEG_200_4cycles,2680,1690
ATCGTTTACTTGACCA-frozen_3T3_noPEG_200_4cycles,3868,2447
TGCTACCTGGTCCCAG-frozen_3T3_noPEG_200_4cycles,3220,2094
AATGGTGCTAGCAGGT-frozen_3T3_noPEG_200_4cycles,3693,2312
TTTGACGGACTTAGTG-frozen_3T3_noPEG_200_4cycles,3264,2138
TGGATAGCTCGGTACC-frozen_3T3_noPEG_200_4cycles,2702,1746
GCTTCGGGAGGCCAAA-frozen_3T3_noPEG_200_4cycles,4023,2563
GCGTAAACTTTCGCAA-frozen_3T3_noPEG_200_4cycles,3845,2429
TCTGAGCCTGAAACAT-frozen_3T3_noPEG_200_4cycles,3825,2395
GGAGTTACTGCTCAGC-frozen_3T3_noPEG_200_4cycles,3256,1990
GGTAGCAGAGCTACGC-frozen_3T3_noPEG_200_4cycles,2712,1647
GTTACCCTGGCGAGTA-frozen_3T3_noPEG_200_4cycles,3683,2351
GACCCATCTAAGGCTG-frozen_3T3_noPEG_200_4cycles,2710,1772
TCATTGGGACGATTGT-frozen_3T3_noPEG_200_4cycles,3629,2237
CAGTGCTCTTTCCATT-frozen_3T3_noPEG_200_4cycles,3658,2355
GAACGTTTGTTTGGGT-frozen_3T3_noPEG_200_4cycles,3706,2312
AATCAGCTGTGGGCCT-frozen_3T3_noPEG_200_4cycles,3007,1898
CCTAGCACTTAGACAA-frozen_3T3_noPEG_200_4cycles,3589,2276
AGAGAATTGATCTGTG-frozen_3T3_noPEG_200_4cycles,3797,2410
TTTCGGCTGCGTTATG-frozen_3T3_noPEG_200_4cycles,3723,2344
AACTAGCACTACCAAC-frozen_3T3_noPEG_200_4cycles,3371,2174
GAGTTGTTGGTTTACG-frozen_3T3_noPEG_200_4cycles,3518,2310
GGCAACAGAGGGACTA-frozen_3T3_noPEG_200_4cycles,3360,2172
GACCCACGATGGTGAG-frozen_3T3_noPEG_200_4cycles,3161,2051
GAGTCATTGGCCCAAC-frozen_3T3_noPEG_200_4cycles,3914,2434
GAACCATACGTGAGCA-frozen_3T3_noPEG_200_4cycles,3427,2197
GCTCCTAACTTTCGCC-frozen_3T3_noPEG_200_4cycles,3331,2221
AGCGCCTGAGCTACGC-frozen_3T3_noPEG_200_4cycles,3984,2435
TACGTGAACGAGCTGA-frozen_3T3_noPEG_200_4cycles,3556,2147
GTTTCATTGTGCATGT-frozen_3T3_noPEG_200_4cycles,2178,1450
AGGTAGGTGGGACCAA-frozen_3T3_noPEG_200_4cycles,3404,2105
AGGACAGACCTGGGTC-frozen_3T3_noPEG_200_4cycles,3760,2338
GGGTAGAACTTGGGAG-frozen_3T3_noPEG_200_4cycles,3238,2069
AGGTCAGGATTGTTTC-frozen_3T3_noPEG_200_4cycles,4416,2705
GTGAAGGACCAACGCC-frozen_3T3_noPEG_200_4cycles,4052,2525
GTGGTAACTAACGTTC-frozen_3T3_noPEG_200_4cycles,2637,1741
GATCGCGTGAGACTTC-frozen_3T3_noPEG_200_4cycles,3418,2216
GCACTTCTGACGCCAC-frozen_3T3_noPEG_200_4cycles,3179,2048
TACGCCTTGCGCAACC-frozen_3T3_noPEG_200_4cycles,3876,2323
GAAGCAGTGTGCTACA-frozen_3T3_noPEG_200_4cycles,3496,2271
CATTTCCCTTGCAAGG-frozen_3T3_noPEG_200_4cycles,3061,1976
ACTTCATACCTGGAAG-frozen_3T3_noPEG_200_4cycles,2920,1898
CCGTCTATGCCTATCC-frozen_3T3_noPEG_200_4cycles,3141,1997
GCTAGATACGATGGAC-frozen_3T3_noPEG_200_4cycles,2574,1709
CGTGTCTTGTTGTTTC-frozen_3T3_noPEG_200_4cycles,3915,2381
GAATTCTCTGTGAGCA-frozen_3T3_noPEG_200_4cycles,3181,1998
GCCTATAGAGCATGAG-frozen_3T3_noPEG_200_4cycles,3643,2349
ATCTGCCTGCCAGCAC-frozen_3T3_noPEG_200_4cycles,2869,1843
AATCACCGACCTCAAA-frozen_3T3_noPEG_200_4cycles,3187,2021
AAGACCTACGCCCTAG-frozen_3T3_noPEG_200_4cycles,3276,2081
ACTGTGATGGCTTACA-frozen_3T3_noPEG_200_4cycles,2895,1872
GTATAGGCTACCTGCG-frozen_3T3_noPEG_200_4cycles,3385,2174
TCAATCGGATCATTTC-frozen_3T3_noPEG_200_4cycles,2511,1604
GTTCGGCGAGCATGAG-frozen_3T3_noPEG_200_4cycles,4101,2483
AATTCGGTGATTGCCA-frozen_3T3_noPEG_200_4cycles,3260,2071
TTGTGCCTGACAGATA-frozen_3T3_noPEG_200_4cycles,3223,2094
AAACGACCTTCATGTG-frozen_3T3_noPEG_200_4cycles,3382,2166
AACTTGGACAACCCGC-frozen_3T3_noPEG_200_4cycles,2833,1819
CAAGATAGAATCAGCT-frozen_3T3_noPEG_200_4cycles,2275,1495
AAGAAACACCTGCCAG-frozen_3T3_noPEG_200_4cycles,2624,1736
ACGTGTTGAATAACCC-frozen_3T3_noPEG_200_4cycles,3540,2250
AGTTCACGACATAGCT-frozen_3T3_noPEG_200_4cycles,3688,2352
TCCTGTTCTCGATCGC-frozen_3T3_noPEG_200_4cycles,3259,1994
GTATTCACTGGCCTGT-frozen_3T3_noPEG_200_4cycles,3107,1976
GCGACGTTGCAGCTGC-frozen_3T3_noPEG_200_4cycles,3193,2032
GCTTGTCACTAAGCAA-frozen_3T3_noPEG_200_4cycles,2856,1797
TCTACGCACACCGTGC-frozen_3T3_noPEG_200_4cycles,2953,1899
TCCAAAGTGCCATAAC-frozen_3T3_noPEG_200_4cycles,2545,1694
GTATCAGTGGGATGGT-frozen_3T3_noPEG_200_4cycles,3315,2126
TGCTGCTACCCGTTAA-frozen_3T3_noPEG_200_4cycles,3134,2049
GTTCCCATGTTGGGAG-frozen_3T3_noPEG_200_4cycles,3017,1946
ATCTGCCTGTTATGGC-frozen_3T3_noPEG_200_4cycles,3038,1944
TGATAGAGATTTGGGT-frozen_3T3_noPEG_200_4cycles,3764,2370
CAATCGCCTGTTTGGT-frozen_3T3_noPEG_200_4cycles,2496,1571
GGTGAGATGCCTAACA-frozen_3T3_noPEG_200_4cycles,3161,1997
CGTGGGTACGGTAGAC-frozen_3T3_noPEG_200_4cycles,3162,2043
TCGACCTTGTCTGCAA-frozen_3T3_noPEG_200_4cycles,3047,1947
CTTTCCGGAGTACACT-frozen_3T3_noPEG_200_4cycles,2171,1350
GACGAGTGAAATGCTC-frozen_3T3_noPEG_200_4cycles,2885,1862
TACCCGTTGACCTGCG-frozen_3T3_noPEG_200_4cycles,3133,1995
CTTGCGTTGAAGGCCA-frozen_3T3_noPEG_200_4cycles,2715,1701
GACCTTGCTATCACAC-frozen_3T3_noPEG_200_4cycles,2784,1825
TGCAATGTGTGCCACG-frozen_3T3_noPEG_200_4cycles,2684,1759
GGACCACTGTCGTCAA-frozen_3T3_noPEG_200_4cycles,3251,2041
CCTCCTGCTTGGGCAA-frozen_3T3_noPEG_200_4cycles,3006,1952
CAACGAACTCAGATTC-frozen_3T3_noPEG_200_4cycles,2859,1785
AGCACATTGGCGGTTC-frozen_3T3_noPEG_200_4cycles,2439,1583
GGATTTGACGTTGTCA-frozen_3T3_noPEG_200_4cycles,2390,1609
GGTACTCCTCCTAGGC-frozen_3T3_noPEG_200_4cycles,2951,1819
TTACTGGGAGATAGCG-frozen_3T3_noPEG_200_4cycles,2785,1792
GATCCAAACGACGCCT-frozen_3T3_noPEG_200_4cycles,3121,1964
TTGTCCCGATGAGTAA-frozen_3T3_noPEG_200_4cycles,2868,1834
GCGTGCTGACGAACAG-frozen_3T3_noPEG_200_4cycles,3072,1942
CTGTTGCTGGGACACA-frozen_3T3_noPEG_200_4cycles,2892,1865
TTGTTAGCTTCAATGC-frozen_3T3_noPEG_200_4cycles,3337,2115
GCATCACCTTCTGTAG-frozen_3T3_noPEG_200_4cycles,1948,1288
ATCATCTACGAATCTC-frozen_3T3_noPEG_200_4cycles,2881,1853
GAGCATTTGGTTGACT-frozen_3T3_noPEG_200_4cycles,3163,2027
GTCCGAGTGATGTCCA-frozen_3T3_noPEG_200_4cycles,3264,2058
TGGACAACTCCAAGTT-frozen_3T3_noPEG_200_4cycles,3639,2270
TTCGATGGACAGGTGA-frozen_3T3_noPEG_200_4cycles,2732,1727
CCTACGTACATCCGTA-frozen_3T3_noPEG_200_4cycles,1820,1222
CAGGAGCCTGTACGTT-frozen_3T3_noPEG_200_4cycles,1969,1269
GTACTGAACTACCTGA-frozen_3T3_noPEG_200_4cycles,3265,2066
GCACTGTCTAAGGTGC-frozen_3T3_noPEG_200_4cycles,2815,1842
TTGGCGCGAGTTCTCC-frozen_3T3_noPEG_200_4cycles,3033,1879
TATCCATACACAGGCA-frozen_3T3_noPEG_200_4cycles,2978,1961
CTGGTGGACATCCTTT-frozen_3T3_noPEG_200_4cycles,1891,1183
GTCTTGCACCGAGTTT-frozen_3T3_noPEG_200_4cycles,2527,1608
TGCCACTTGATCAGGG-frozen_3T3_noPEG_200_4cycles,2885,1783
TCCGTAAGACGCAAAG-frozen_3T3_noPEG_200_4cycles,2684,1753
GCCATAATGCCACAAT-frozen_3T3_noPEG_200_4cycles,3007,1912
CCGGGAACTGGTATGG-frozen_3T3_noPEG_200_4cycles,2139,1403
GCTAAGACTACACCGC-frozen_3T3_noPEG_200_4cycles,1879,1228
GGTAGCAGAGCATGAG-frozen_3T3_noPEG_200_4cycles,2893,1834
TAACAGAGAGAGCCTC-frozen_3T3_noPEG_200_4cycles,2703,1763
CCCAGAGACCGAAAGC-frozen_3T3_noPEG_200_4cycles,3015,1889
TAGAGCGGACTTGAAC-frozen_3T3_noPEG_200_4cycles,2490,1588
TCGGACTCTCAACGCC-frozen_3T3_noPEG_200_4cycles,2705,1752
GATCCAAACTACTTTC-frozen_3T3_noPEG_200_4cycles,2045,1362
AGATCCTGAAGCTGAG-frozen_3T3_noPEG_200_4cycles,2557,1673
CGATATGTGTTCTGGA-frozen_3T3_noPEG_200_4cycles,2654,1695
GACTACCCTCAGACCC-frozen_3T3_noPEG_200_4cycles,2616,1732
CATTACACTTGCTTGA-frozen_3T3_noPEG_200_4cycles,2506,1632
GACCCACGAACCGTGC-frozen_3T3_noPEG_200_4cycles,2604,1765
GCATGGGCTACAACAA-frozen_3T3_noPEG_200_4cycles,2859,1937
ATCGTCCACCAACGCC-frozen_3T3_noPEG_200_4cycles,2757,1806
CTCTATATGCCTATCC-frozen_3T3_noPEG_200_4cycles,1767,1148
GACAATAGACTGGAAG-frozen_3T3_noPEG_200_4cycles,2613,1705
GACGAGTGAAGCAAGC-frozen_3T3_noPEG_200_4cycles,2667,1746
GCTTTAGGACCTAGTA-frozen_3T3_noPEG_200_4cycles,2945,1877
GTCGTTCTGGAGCCTC-frozen_3T3_noPEG_200_4cycles,2748,1740
TCGCGTACTCCATGTA-frozen_3T3_noPEG_200_4cycles,2607,1635
GCTATACGATAATCGC-frozen_3T3_noPEG_200_4cycles,2372,1527
TGGGTTTGATTGGGAG-frozen_3T3_noPEG_200_4cycles,2587,1656
AAAGATCGATAATGCC-frozen_3T3_noPEG_200_4cycles,2301,1507
CTACATTACTCTTTGT-frozen_3T3_noPEG_200_4cycles,2485,1627
GTTCTCGACCCTCGTT-frozen_3T3_noPEG_200_4cycles,2686,1738
TGCCATCTGAGTGAGC-frozen_3T3_noPEG_200_4cycles,2485,1551
TCCAAAGTGCCATGTA-frozen_3T3_noPEG_200_4cycles,2217,1448
AACCAACACTACCAAC-frozen_3T3_noPEG_200_4cycles,2659,1686
TTGGCAAACCCAGCAC-frozen_3T3_noPEG_200_4cycles,2499,1584
ATGGCATTGCGGTACC-frozen_3T3_noPEG_200_4cycles,2570,1689
ATGCAAAGACACCTAA-frozen_3T3_noPEG_200_4cycles,2737,1710
ACAATGCACATCAGGG-frozen_3T3_noPEG_200_4cycles,2590,1678
TTCCAAACTCAATGAA-frozen_3T3_noPEG_200_4cycles,2069,1367
AACTAGCACTCCAATG-frozen_3T3_noPEG_200_4cycles,2621,1699
ATGGGACGAAACTAGA-frozen_3T3_noPEG_200_4cycles,1673,1105
TCGGACCGAACTAGGG-frozen_3T3_noPEG_200_4cycles,2447,1567
GGCTTCTACCTGTGCG-frozen_3T3_noPEG_200_4cycles,2634,1711
GGTCTGGACTGAGGCA-frozen_3T3_noPEG_200_4cycles,2271,1503
ATCCTCGACCCTATCC-frozen_3T3_noPEG_200_4cycles,1763,1129
GACGACAGATAACTCG-frozen_3T3_noPEG_200_4cycles,2439,1611
TATGGGTACGTTGGTT-frozen_3T3_noPEG_200_4cycles,2576,1670
ATGTTTCACCGGCTCA-frozen_3T3_noPEG_200_4cycles,2364,1496
TTCTCTCTGGCATGAG-frozen_3T3_noPEG_200_4cycles,2120,1374
GCGAGCACTAGGGAGG-frozen_3T3_noPEG_200_4cycles,2420,1507
AATGTGCACACGCCAC-frozen_3T3_noPEG_200_4cycles,1544,1007
GACAGGAACTAAGTAG-frozen_3T3_noPEG_200_4cycles,2520,1678
ACAAGACCTCTTGAAC-frozen_3T3_noPEG_200_4cycles,1239,821
TTTGGGAACCTGAGAG-frozen_3T3_noPEG_200_4cycles,2110,1391
GTGGCAGCTGCCAGCT-frozen_3T3_noPEG_200_4cycles,2585,1629
GACACGCACCGTACAT-frozen_3T3_noPEG_200_4cycles,2467,1511
CTCTATATGCCAACGC-frozen_3T3_noPEG_200_4cycles,1953,1290
CATAGGTACTGGCTGC-frozen_3T3_noPEG_200_4cycles,1547,956
GAGAGTGACAGGACAC-frozen_3T3_noPEG_200_4cycles,2743,1760
TTGTCAACTCAGGGAT-frozen_3T3_noPEG_200_4cycles,2283,1486
GTATCACGACCTAGTA-frozen_3T3_noPEG_200_4cycles,2191,1424
ATCTATCACAGCTTGT-frozen_3T3_noPEG_200_4cycles,1832,1235
GCTTCTGACTGGAACG-frozen_3T3_noPEG_200_4cycles,2142,1412
ATAAGACGATCTGTAG-frozen_3T3_noPEG_200_4cycles,2054,1280
ATCATCTACCCAACGC-frozen_3T3_noPEG_200_4cycles,1458,959
ACACGTTGAAAGGTGC-frozen_3T3_noPEG_200_4cycles,1832,1184
TACATTCACGGGTTCC-frozen_3T3_noPEG_200_4cycles,1112,738
GGACGAATGGACAAAT-frozen_3T3_noPEG_200_4cycles,2415,1508
GGGTAGAACTGCTGTA-frozen_3T3_noPEG_200_4cycles,2511,1581
TGAGGAGTGCATTCAG-frozen_3T3_noPEG_200_4cycles,1607,1044
TCAACAGACGCTAGAG-frozen_3T3_noPEG_200_4cycles,2407,1525
ATCATCTACCGCACTG-frozen_3T3_noPEG_200_4cycles,1859,1246
ATCGGGCACTCAATGC-frozen_3T3_noPEG_200_4cycles,1871,1220
TCGGGTGACCGGAATG-frozen_3T3_noPEG_200_4cycles,2033,1329
GAGACTTACGTTTACG-frozen_3T3_noPEG_200_4cycles,2044,1378
GACAATAGAAATAGCA-frozen_3T3_noPEG_200_4cycles,2110,1418
GCCATAATGGATCATC-frozen_3T3_noPEG_200_4cycles,1185,778
GCTTCTCGATTGGTTG-frozen_3T3_noPEG_200_4cycles,1885,1187
ATCGCAAACTAGGAGC-frozen_3T3_noPEG_200_4cycles,1783,1162
CGCATCGGAGATGGAC-frozen_3T3_noPEG_200_4cycles,1917,1228
CTCATAACTGCCGTTG-frozen_3T3_noPEG_200_4cycles,1841,1195
GACCCACGAGGACTGA-frozen_3T3_noPEG_200_4cycles,1812,1386
GCATCTCTGCCTAGGC-frozen_3T3_noPEG_200_4cycles,2302,1524
TTCTAGACTCTGAGAG-frozen_3T3_noPEG_200_4cycles,1763,1159
GAGTTGTTGACCTTGA-frozen_3T3_noPEG_200_4cycles,1773,1179
GCACAATACAGCAGGT-frozen_3T3_noPEG_200_4cycles,1698,1112
AACCGGCACTGCATGT-frozen_3T3_noPEG_200_4cycles,1806,1167
AACACTCGAAATCTGC-frozen_3T3_noPEG_200_4cycles,1926,1224
ACGAGGATGGCACGCT-frozen_3T3_noPEG_200_4cycles,1908,1259
TACTGTACTGTTCTCC-frozen_3T3_noPEG_200_4cycles,1519,1039
CGTGTCTACTGTCACA-frozen_3T3_noPEG_200_4cycles,1659,1055
TCCGGGAACTGGCTTA-frozen_3T3_noPEG_200_4cycles,1582,1050
CACCCATACCGGCACT-frozen_3T3_noPEG_200_4cycles,2137,1304
GCTCATAGAGAAGGCT-frozen_3T3_noPEG_200_4cycles,1948,1248
GCACTGTCTTGCGTGC-frozen_3T3_noPEG_200_4cycles,1638,1070
CCAGTTGCTAAGTTAG-frozen_3T3_noPEG_200_4cycles,1833,1159
GACAAGGTGAAGTAAC-frozen_3T3_noPEG_200_4cycles,1778,1169
GGCACTGACGCTGTTA-frozen_3T3_noPEG_200_4cycles,1803,1134
CAAGATAGATGAAAGT-frozen_3T3_noPEG_200_4cycles,1683,1086
CAGCTGTCTTCGTACA-frozen_3T3_noPEG_200_4cycles,1719,1100
GCACGACACTTGTTTC-frozen_3T3_noPEG_200_4cycles,2012,1282
AAGTACCACAAACTGA-frozen_3T3_noPEG_200_4cycles,1647,1066
GGAACTACTGCTCAGC-frozen_3T3_noPEG_200_4cycles,1975,1263
GGATTTGACTTTGGGT-frozen_3T3_noPEG_200_4cycles,1538,1004
CAGTGATTGGCAGTTT-frozen_3T3_noPEG_200_4cycles,1713,1135
GTCGGCTGAGCTGGCT-frozen_3T3_noPEG_200_4cycles,1486,984
CGAGCAGCTAGCTGAG-frozen_3T3_noPEG_200_4cycles,1807,1154
AAGGTAATGCACCTAA-frozen_3T3_noPEG_200_4cycles,1274,824
GACACGCACCCAACGC-frozen_3T3_noPEG_200_4cycles,1272,851
TAGTGCATGAGTTGAA-frozen_3T3_noPEG_200_4cycles,1937,1241
GTTCGCTTGGAACCTT-frozen_3T3_noPEG_200_4cycles,1690,1092
GGGCGATCTACGCGAA-frozen_3T3_noPEG_200_4cycles,1740,1114
GTGCATTGAGTACTAC-frozen_3T3_noPEG_200_4cycles,1749,1163
AACCGGCACTAACCCA-frozen_3T3_noPEG_200_4cycles,1887,1182
GACACATTGTAACGGG-frozen_3T3_noPEG_200_4cycles,1639,1112
ATGCTCCTGGGAATTA-frozen_3T3_noPEG_200_4cycles,1194,784
GCCGAACTGGGATGGT-frozen_3T3_noPEG_200_4cycles,1574,1054
GCGTCTTTGTACAGCT-frozen_3T3_noPEG_200_4cycles,1650,1071
TATGGAGCTCGTTATG-frozen_3T3_noPEG_200_4cycles,1347,885
GTATCACGAAGTGGTG-frozen_3T3_noPEG_200_4cycles,1741,1173
GTGAAGGACCCTCGTT-frozen_3T3_noPEG_200_4cycles,1251,822
ACTAACGTGCGCAACC-frozen_3T3_noPEG_200_4cycles,1474,922
TTCCAAACTCATTCAG-frozen_3T3_noPEG_200_4cycles,1298,860
AGCCAATTGCGCACTG-frozen_3T3_noPEG_200_4cycles,1591,998
AGGAAGCACATGTCCA-frozen_3T3_noPEG_200_4cycles,1548,971
GACGCACACTGACTCA-frozen_3T3_noPEG_200_4cycles,1357,927
GTCTACAGACAGGGAT-frozen_3T3_noPEG_200_4cycles,1629,1120
GCCCTTAACGCGGTTC-frozen_3T3_noPEG_200_4cycles,1133,780
GGACCACTGCATGCGC-frozen_3T3_noPEG_200_4cycles,1581,981
TAAACGCACAAATGCA-frozen_3T3_noPEG_200_4cycles,1515,955
TCGACTCTGCAGCACC-frozen_3T3_noPEG_200_4cycles,1475,987
AAGCATCACCAGTCCG-frozen_3T3_noPEG_200_4cycles,1500,948
GAAGGACACTACTTTC-frozen_3T3_noPEG_200_4cycles,1262,837
CACTATACTGAATCTC-frozen_3T3_noPEG_200_4cycles,867,570
ACTAACCGACTGAGAG-frozen_3T3_noPEG_200_4cycles,1232,827
GTTCTTCCTATTAAGG-frozen_3T3_noPEG_200_4cycles,1135,799
CGGATGAGAATCAGCT-frozen_3T3_noPEG_200_4cycles,1791,1124
TGTGGCTCTGTTAGGG-frozen_3T3_noPEG_200_4cycles,1158,733
TTGCATTACCAGTCCG-frozen_3T3_noPEG_200_4cycles,1092,723
GGATTAAGAAATCCTG-frozen_3T3_noPEG_200_4cycles,941,660
GAAATCCACGTTGACT-frozen_3T3_noPEG_200_4cycles,1122,729
CTATGGATGACTAGGG-frozen_3T3_noPEG_200_4cycles,1211,792
TCAGACCCTTGCCACG-frozen_3T3_noPEG_200_4cycles,1441,957
AGTGGAGTGGCACTTA-frozen_3T3_noPEG_200_4cycles,630,407
TTAGACCGACGCAACC-frozen_3T3_noPEG_200_4cycles,1045,658
GACTCTCACAATCTGC-frozen_3T3_noPEG_200_4cycles,1211,811
CAGAAACCTTCGTAAC-frozen_3T3_noPEG_200_4cycles,839,539
CGATACATGGTCCCAG-frozen_3T3_noPEG_200_4cycles,1060,703
AGAATCCACGAAGGCT-frozen_3T3_noPEG_200_4cycles,784,533
TTCGCACTGCAAGGTG-frozen_3T3_noPEG_200_4cycles,807,540
TTATGGTCTAAACTGA-frozen_3T3_noPEG_200_4cycles,1051,698
GACTCCTTGCATGCGC-frozen_3T3_noPEG_200_4cycles,910,628
AGGAGGTTGCAGATTC-frozen_3T3_noPEG_200_4cycles,1264,804
CGTAGCTCTGGTGCAA-frozen_3T3_noPEG_200_4cycles,760,489
AGAACAATGAACCAAA-frozen_3T3_noPEG_200_4cycles,641,441
GACCTTAGACATAGCT-frozen_3T3_noPEG_200_4cycles,996,673
GCGCAGTTGACGCGAA-frozen_3T3_noPEG_200_4cycles,751,502
ATTGTGCGACCGATTA-frozen_3T3_noPEG_200_4cycles,963,608
ATGCCGCGATTCGTTT-frozen_3T3_noPEG_200_4cycles,437,279
CGTTACCTGCATGCTA-frozen_3T3_noPEG_200_4cycles,735,471
AGGTATGCTTCGTAGT-frozen_3T3_PEG_100_4cycles,37434,19750
TAAGCCAACCCCGCAA-frozen_3T3_PEG_100_4cycles,24461,13541
TACCAGTGAAACTAGA-frozen_3T3_PEG_100_4cycles,23242,12955
GCAACTTGATACGATC-frozen_3T3_PEG_100_4cycles,20107,11584
CTCAGCACTCCTCCTA-frozen_3T3_PEG_100_4cycles,19637,11421
GCTATGATGGCGTATT-frozen_3T3_PEG_100_4cycles,19262,11115
CACGGAAGACGAATCT-frozen_3T3_PEG_100_4cycles,20365,11623
CATTCAACTACCAAGG-frozen_3T3_PEG_100_4cycles,16855,10214
AGCTGCTCTTTAGAAG-frozen_3T3_PEG_100_4cycles,20443,11224
GTTGTTGGAGCTTCGG-frozen_3T3_PEG_100_4cycles,21011,11718
CTTTAGGGAGAATAGT-frozen_3T3_PEG_100_4cycles,20523,11380
CGTAATCGATTTCCGC-frozen_3T3_PEG_100_4cycles,19935,11453
GCGGTTCGAACACCTA-frozen_3T3_PEG_100_4cycles,17545,9890
TGGCAATTGGGATGGT-frozen_3T3_PEG_100_4cycles,16483,9745
ATAGGCGGAATACGCT-frozen_3T3_PEG_100_4cycles,13548,8293
CCTCCCTTGATAACCC-frozen_3T3_PEG_100_4cycles,16152,9365
AGGAGGTTGTAGGAGC-frozen_3T3_PEG_100_4cycles,15983,8951
CTCCTAGTGAGGGAGG-frozen_3T3_PEG_100_4cycles,18290,9938
AGCGCCTGAGCTACGC-frozen_3T3_PEG_100_4cycles,17218,9948
AACCACTGAGTTAGGG-frozen_3T3_PEG_100_4cycles,14697,8775
TAGCGCGACTTCTGGA-frozen_3T3_PEG_100_4cycles,15142,8760
AGTGCATTGTCTTTGT-frozen_3T3_PEG_100_4cycles,15479,8929
CGTTGCTTGAGTACGG-frozen_3T3_PEG_100_4cycles,14482,8191
CGACCTTTGTAGCTTG-frozen_3T3_PEG_100_4cycles,14855,8474
ATCGTCCACTCCCGTT-frozen_3T3_PEG_100_4cycles,13846,8281
GGTGTAACTCGAAAGC-frozen_3T3_PEG_100_4cycles,15263,8621
GCGTTAATGTAAGCAA-frozen_3T3_PEG_100_4cycles,14020,7970
GCGTCTTTGCATGCAT-frozen_3T3_PEG_100_4cycles,12647,7651
TTGCGGTCTCTTAGTG-frozen_3T3_PEG_100_4cycles,12325,7475
ATCGGGCACACTCGAT-frozen_3T3_PEG_100_4cycles,13025,7958
GTGCCATCTAATCGCT-frozen_3T3_PEG_100_4cycles,4809,3049
CCTGCCTCTCCAAACT-frozen_3T3_PEG_100_4cycles,12673,7415
TCGCACGGAAGTGGTG-frozen_3T3_PEG_100_4cycles,14482,8601
GTAGGTGGAGCTTTGA-frozen_3T3_PEG_100_4cycles,15365,8731
TTGTCAACTGCTTTGA-frozen_3T3_PEG_100_4cycles,15500,8584
CGACCAGACATGAATG-frozen_3T3_PEG_100_4cycles,13341,7866
GTCTTGCACGCGTATT-frozen_3T3_PEG_100_4cycles,12778,7519
ATTAGCGTGTTATGGC-frozen_3T3_PEG_100_4cycles,13293,7671
GGAATGGTGCGACACC-frozen_3T3_PEG_100_4cycles,12467,7077
GGTACCTCTAAGGCCA-frozen_3T3_PEG_100_4cycles,15651,8887
GTGAAGGACCCTCGTT-frozen_3T3_PEG_100_4cycles,12917,7705
ACTTGAGTGACAGGTG-frozen_3T3_PEG_100_4cycles,12368,7558
GGGTAGAACCGATTCA-frozen_3T3_PEG_100_4cycles,10558,6487
CGGTCGATGGCCGCTA-frozen_3T3_PEG_100_4cycles,13099,7697
AGACGCAGAACCTGCG-frozen_3T3_PEG_100_4cycles,12033,7459
CTATGCCACTACGATC-frozen_3T3_PEG_100_4cycles,12367,7321
AGGTAGCGACCGTGAC-frozen_3T3_PEG_100_4cycles,9457,5709
TTCCAAACTCGATTAC-frozen_3T3_PEG_100_4cycles,11041,6635
CTTTCCGGAATAGCAA-frozen_3T3_PEG_100_4cycles,11950,7029
CATGGAGGAAGTACGG-frozen_3T3_PEG_100_4cycles,9421,5787
AGGAAGCACGAAGGCT-frozen_3T3_PEG_100_4cycles,12504,7418
CGCACACGAAACTAGA-frozen_3T3_PEG_100_4cycles,12069,6935
GGCGCAACTTACCAAC-frozen_3T3_PEG_100_4cycles,12056,6975
CTATGTTACCCTCAAA-frozen_3T3_PEG_100_4cycles,12581,7428
AAGTTTCCTTGCTGGC-frozen_3T3_PEG_100_4cycles,12010,7132
GTGTGATACTGGTGAG-frozen_3T3_PEG_100_4cycles,11235,6839
GTACATCGACCACATA-frozen_3T3_PEG_100_4cycles,11963,6832
GTAATCGTGGTTTGGT-frozen_3T3_PEG_100_4cycles,10534,6356
GAGAGAAGATGCGGCT-frozen_3T3_PEG_100_4cycles,13195,7524
GTGCCATCTTTTCGCC-frozen_3T3_PEG_100_4cycles,11611,6723
GAGAGGTTGCTCGATA-frozen_3T3_PEG_100_4cycles,10795,6596
GCAACTTGAGAAGGCT-frozen_3T3_PEG_100_4cycles,10833,6527
GTCACGCGAGAATTGA-frozen_3T3_PEG_100_4cycles,10786,6701
AGGTAGGTGTGCGGCT-frozen_3T3_PEG_100_4cycles,11150,6510
CACTCTTCTGAACATA-frozen_3T3_PEG_100_4cycles,11224,6760
CTACCTGTGGAATCTC-frozen_3T3_PEG_100_4cycles,11718,6925
CATTCCCGATCCGTAA-frozen_3T3_PEG_100_4cycles,10502,6268
GAACAACCTGAGCTGA-frozen_3T3_PEG_100_4cycles,10902,6626
CCACATCACAATGCGG-frozen_3T3_PEG_100_4cycles,11370,6766
AGCTGCTCTCAATAGA-frozen_3T3_PEG_100_4cycles,12275,7132
AATCGGACTATCATGC-frozen_3T3_PEG_100_4cycles,9998,6050
GGTATCTGAGAACAGC-frozen_3T3_PEG_100_4cycles,11404,6647
CTCACGACTTGGGCAA-frozen_3T3_PEG_100_4cycles,11385,6777
CTGTTGCACTCCAGCG-frozen_3T3_PEG_100_4cycles,11161,6740
ACTGGAGGAAGTCTGT-frozen_3T3_PEG_100_4cycles,10495,6446
GAGCATTTGCGTAACT-frozen_3T3_PEG_100_4cycles,10580,6610
AGGTGTGGACTTAGTG-frozen_3T3_PEG_100_4cycles,10136,6182
TTCGATGGACAGGTGA-frozen_3T3_PEG_100_4cycles,11081,6598
TCCTGTTCTCGATCGC-frozen_3T3_PEG_100_4cycles,11103,6473
AGGCCAAGAGGGTTCC-frozen_3T3_PEG_100_4cycles,9494,5892
CGTAATCGAGAAGTTA-frozen_3T3_PEG_100_4cycles,10632,6379
CTGCGAGTGGAACAGC-frozen_3T3_PEG_100_4cycles,10284,6107
TCTCAGAGATCTATCT-frozen_3T3_PEG_100_4cycles,11058,6628
CTGCTGGGATTCTCGC-frozen_3T3_PEG_100_4cycles,11071,6590
CCCTTGCCTGAACCTT-frozen_3T3_PEG_100_4cycles,9049,5578
CCAGGACTGTCTATCT-frozen_3T3_PEG_100_4cycles,10083,6136
CCGGGTATGAGTCTGT-frozen_3T3_PEG_100_4cycles,9465,5839
CCTGATCACGCTTCGG-frozen_3T3_PEG_100_4cycles,10857,6625
GTAGGTTTGCGACAAG-frozen_3T3_PEG_100_4cycles,10027,5969
CTCTCTTTGACAGGTG-frozen_3T3_PEG_100_4cycles,10050,6246
GGCTTAAACAGCGCTC-frozen_3T3_PEG_100_4cycles,10357,6230
ATTTCAGCTTGGCTTA-frozen_3T3_PEG_100_4cycles,10982,6426
CCCATGTACCGGCACT-frozen_3T3_PEG_100_4cycles,10796,6333
TCGTGAATGCAGGTGA-frozen_3T3_PEG_100_4cycles,10109,6219
GTACATCGAGCCAGCT-frozen_3T3_PEG_100_4cycles,10153,5852
TTTCGCTCTCGCTCGA-frozen_3T3_PEG_100_4cycles,9045,5681
CTTAGAGACTGCACCG-frozen_3T3_PEG_100_4cycles,9916,6048
CCCATTTCTAGTCTAC-frozen_3T3_PEG_100_4cycles,10153,5886
AGCTTGTGATAACGGG-frozen_3T3_PEG_100_4cycles,9888,5961
TGTGGCTCTCTTGTGA-frozen_3T3_PEG_100_4cycles,10853,6381
ACGGTTCCTGTTAGAA-frozen_3T3_PEG_100_4cycles,8924,5540
AGGTAGCGAAACTAGA-frozen_3T3_PEG_100_4cycles,10395,6216
CAACTGAACGGCCATC-frozen_3T3_PEG_100_4cycles,10863,6296
TTGGCGCGAGTCTTGA-frozen_3T3_PEG_100_4cycles,10165,6044
CGACCTGGATGACTCA-frozen_3T3_PEG_100_4cycles,10951,6564
TGTGGTAACCTCGAGC-frozen_3T3_PEG_100_4cycles,9646,5821
TGGACCTCTGGTGCAA-frozen_3T3_PEG_100_4cycles,9996,6178
AGATGTAGATAACGGG-frozen_3T3_PEG_100_4cycles,9106,5577
TCGGACTCTTGCACCG-frozen_3T3_PEG_100_4cycles,9834,5936
CTTGCGTACGACTCGC-frozen_3T3_PEG_100_4cycles,9425,5608
CAGGCCATGTGAACAA-frozen_3T3_PEG_100_4cycles,9174,5733
AATAAGGACTCGCAGC-frozen_3T3_PEG_100_4cycles,7598,4721
CGTTGCACTACAGGCA-frozen_3T3_PEG_100_4cycles,9154,5658
AGGTCAGGAGCTGTTA-frozen_3T3_PEG_100_4cycles,10280,6002
CCTACGTACGGCCATC-frozen_3T3_PEG_100_4cycles,9390,5762
AGCTCTGCTTGGGCCT-frozen_3T3_PEG_100_4cycles,9532,5790
TACTGGCCTCCCGCAA-frozen_3T3_PEG_100_4cycles,9558,5668
CATCTGAGAGTCTTGA-frozen_3T3_PEG_100_4cycles,9001,5439
GTTCTCGACTCGTACA-frozen_3T3_PEG_100_4cycles,9137,5669
CGTTTGCTGGTGAGCA-frozen_3T3_PEG_100_4cycles,9160,5550
TACGTGAACGAGCTGA-frozen_3T3_PEG_100_4cycles,10435,6257
GGTACTCCTAGCAATA-frozen_3T3_PEG_100_4cycles,8668,5418
AGTGAAATGGGTAGAC-frozen_3T3_PEG_100_4cycles,9272,5703
CAGTCGTCTCTTCAAG-frozen_3T3_PEG_100_4cycles,9711,5635
CCTACTGTGGGTTGAG-frozen_3T3_PEG_100_4cycles,6511,4055
CGGAATTTGGAAATCA-frozen_3T3_PEG_100_4cycles,9873,5935
TAACAGAGATTCAGTG-frozen_3T3_PEG_100_4cycles,9489,5862
CTTAGAGACCCGGACT-frozen_3T3_PEG_100_4cycles,10252,6039
AATCGGACTACCGTGC-frozen_3T3_PEG_100_4cycles,9401,5659
GTTATTGCTAGGTAAT-frozen_3T3_PEG_100_4cycles,9592,5765
CCGGGTATGATCAGGG-frozen_3T3_PEG_100_4cycles,9485,5742
ACTGATTCTGATTAAG-frozen_3T3_PEG_100_4cycles,9127,5592
ATGTGTGTGCTTCACC-frozen_3T3_PEG_100_4cycles,8349,4951
CTCTGGACTGTTGGTT-frozen_3T3_PEG_100_4cycles,8134,5063
CTATGTTACCGAGGAT-frozen_3T3_PEG_100_4cycles,9785,5782
TCTTTAGACTTGACCA-frozen_3T3_PEG_100_4cycles,10934,6602
CCAGGCAACGAGTGAC-frozen_3T3_PEG_100_4cycles,9538,5794
CATTACACTCGACACC-frozen_3T3_PEG_100_4cycles,9075,5585
CATCGCGGAATCCGTA-frozen_3T3_PEG_100_4cycles,9052,5495
AAGGATCCTCTGGAAG-frozen_3T3_PEG_100_4cycles,8926,5462
CCATCTGTGGTTAGAA-frozen_3T3_PEG_100_4cycles,8183,4970
TTGTGGTGATACGATC-frozen_3T3_PEG_100_4cycles,7573,4671
ACGGTTCCTGCCAGCT-frozen_3T3_PEG_100_4cycles,7983,4936
TCCGCCTCTGAATCTC-frozen_3T3_PEG_100_4cycles,8716,5373
AAGGCTTACCGAATCT-frozen_3T3_PEG_100_4cycles,8997,5419
CGTAGCGACCTTTAGG-frozen_3T3_PEG_100_4cycles,9616,5684
TCCTTAATGCCTTCCA-frozen_3T3_PEG_100_4cycles,9772,5830
GTCTTGCACCGAGTTT-frozen_3T3_PEG_100_4cycles,8021,4993
TTCGACCACCCACTTC-frozen_3T3_PEG_100_4cycles,9838,5900
ACCTACCTGTAATCGC-frozen_3T3_PEG_100_4cycles,9148,5533
GCAACTTGACGGTTTA-frozen_3T3_PEG_100_4cycles,9250,5648
TAAGGCTTGCTTAGTG-frozen_3T3_PEG_100_4cycles,9862,5750
ATAGGAAACTGACTCA-frozen_3T3_PEG_100_4cycles,8049,5021
CAGGCCATGCGTGCAC-frozen_3T3_PEG_100_4cycles,10239,5747
AGATATGGAATTCTGG-frozen_3T3_PEG_100_4cycles,7979,4905
CCCAGGATGCCAAGTT-frozen_3T3_PEG_100_4cycles,9594,5394
GCGCTACGATGAAAGT-frozen_3T3_PEG_100_4cycles,8225,5174
TCTTATGACGCCCAAC-frozen_3T3_PEG_100_4cycles,8586,5219
CTTAGATCTCCTCAAA-frozen_3T3_PEG_100_4cycles,8624,5238
CGTATCGCTGTCTTGA-frozen_3T3_PEG_100_4cycles,9273,5500
AAGCGTGGAATCATGC-frozen_3T3_PEG_100_4cycles,9199,5560
AGCGTATACATGTGGG-frozen_3T3_PEG_100_4cycles,9060,5362
AGAACAATGTCGTAAC-frozen_3T3_PEG_100_4cycles,6707,4140
GTAATCGACAGTAGGC-frozen_3T3_PEG_100_4cycles,6475,3991
CCGTTAAGAGCTTCGG-frozen_3T3_PEG_100_4cycles,7795,4715
GAGTTGTTGACCTTGA-frozen_3T3_PEG_100_4cycles,9335,5725
CTGTTGCACCTCGAGC-frozen_3T3_PEG_100_4cycles,8970,5384
CAGCCGATGGACTCGC-frozen_3T3_PEG_100_4cycles,8073,4868
TGGGAGTGAGTTTGGT-frozen_3T3_PEG_100_4cycles,9279,5683
GTTATTGCTTCGAGAG-frozen_3T3_PEG_100_4cycles,7798,4871
TCTAGACGAGGCCAAA-frozen_3T3_PEG_100_4cycles,8074,4939
AGTTTCACTAGCAAGC-frozen_3T3_PEG_100_4cycles,9764,5885
GCACAATTGGCCCTGA-frozen_3T3_PEG_100_4cycles,8446,5210
TAAGCTGTGGATGGAC-frozen_3T3_PEG_100_4cycles,8688,4850
ACCTGCTACCGAGGAT-frozen_3T3_PEG_100_4cycles,9339,5647
AGAACGCGATGAGGCA-frozen_3T3_PEG_100_4cycles,9075,5443
AGCGTATACGGTTGAG-frozen_3T3_PEG_100_4cycles,8545,5149
TCTTATGACGTACACT-frozen_3T3_PEG_100_4cycles,7616,4836
GTTATGCGACTGGAAG-frozen_3T3_PEG_100_4cycles,8959,5368
ACTCCAGCTCATACTG-frozen_3T3_PEG_100_4cycles,9351,5555
CCTCCTGCTTGGCATT-frozen_3T3_PEG_100_4cycles,8911,5442
GAATCAGCTCTCATCC-frozen_3T3_PEG_100_4cycles,8575,5205
AAGCCATTGGCAGGAT-frozen_3T3_PEG_100_4cycles,8465,5136
ACTCAGAACTGCATCA-frozen_3T3_PEG_100_4cycles,8487,5265
TATTCCTGACTTAGTG-frozen_3T3_PEG_100_4cycles,8029,5089
GCTAAGACTCGTGCAC-frozen_3T3_PEG_100_4cycles,9299,5423
CAGTATTCTCGAGGAT-frozen_3T3_PEG_100_4cycles,8255,5023
ATAACCGTGTCTGTGA-frozen_3T3_PEG_100_4cycles,8274,5104
ACTACCCACCGATTCA-frozen_3T3_PEG_100_4cycles,8134,5015
TGGTCCTTGGGCAGTA-frozen_3T3_PEG_100_4cycles,9309,5458
TTTGCGGCTCCTAGGC-frozen_3T3_PEG_100_4cycles,8605,5087
TTGGTCCACCTCGAGC-frozen_3T3_PEG_100_4cycles,7383,4524
CTTATTGTGGCCACGT-frozen_3T3_PEG_100_4cycles,8676,5119
ATGACAAGATTTCTGT-frozen_3T3_PEG_100_4cycles,6208,4015
TATCATGCTCCTGCGA-frozen_3T3_PEG_100_4cycles,7244,4531
TGGGCGTACCACCTAA-frozen_3T3_PEG_100_4cycles,8187,4880
AGCTGATACGCCAGCT-frozen_3T3_PEG_100_4cycles,8333,4911
TCTGGTCACCCAAACT-frozen_3T3_PEG_100_4cycles,8771,5169
TTCTAGACTCGATTCA-frozen_3T3_PEG_100_4cycles,6753,4207
ACCTGCTACTCTGGAT-frozen_3T3_PEG_100_4cycles,7048,4468
CAATAGAGATGATGAA-frozen_3T3_PEG_100_4cycles,7796,4809
CAATAGAGACGGTTTA-frozen_3T3_PEG_100_4cycles,8250,4941
GGATTAAGATGCTGGC-frozen_3T3_PEG_100_4cycles,7647,4688
CGACCTTACGGCCTGT-frozen_3T3_PEG_100_4cycles,8424,4986
CGTTACCTGGTCTGGC-frozen_3T3_PEG_100_4cycles,8442,4964
CCGCTAACTGCGTATT-frozen_3T3_PEG_100_4cycles,7407,4553
AAGTCTTCTTCATGCA-frozen_3T3_PEG_100_4cycles,8256,4992
GTGCAGAGATCAATGC-frozen_3T3_PEG_100_4cycles,7707,4660
TTCAAGTCTAGGGAGG-frozen_3T3_PEG_100_4cycles,7633,4757
GAGCGATGACGTAGAG-frozen_3T3_PEG_100_4cycles,8747,5433
GGAGTTACTTGGTCCG-frozen_3T3_PEG_100_4cycles,7138,4483
GTACCGGACGTCTTGA-frozen_3T3_PEG_100_4cycles,7989,4740
CGTCTTGACCAATGAA-frozen_3T3_PEG_100_4cycles,7482,4767
TGTTGACGAACCGTTA-frozen_3T3_PEG_100_4cycles,7769,4840
CCAACACCTTTGCAGT-frozen_3T3_PEG_100_4cycles,6629,4175
TCGCCTATGATAACCC-frozen_3T3_PEG_100_4cycles,8661,5152
AGGCCAAGATGAGGCA-frozen_3T3_PEG_100_4cycles,8219,5044
GGCGTTTCTCGATGGA-frozen_3T3_PEG_100_4cycles,8727,5253
TTAGTCTTGGCTAGAG-frozen_3T3_PEG_100_4cycles,7665,4665
CAACCCTACACGCCAC-frozen_3T3_PEG_100_4cycles,8432,4876
GTCAAGTACGGCAGTA-frozen_3T3_PEG_100_4cycles,8354,5021
AAAGCATGATACCAAC-frozen_3T3_PEG_100_4cycles,7260,4481
ATAGGGTCTAATCCGT-frozen_3T3_PEG_100_4cycles,7950,4627
CTACAACGAAGGTGAC-frozen_3T3_PEG_100_4cycles,7310,4631
TGCTAGTGACCAGAGA-frozen_3T3_PEG_100_4cycles,7229,4467
TAACAGAGACTGATCA-frozen_3T3_PEG_100_4cycles,6497,4147
TCGTTCGTGAAGGTGC-frozen_3T3_PEG_100_4cycles,7302,4556
TAAGGGCGACGATGGA-frozen_3T3_PEG_100_4cycles,8177,4821
GAAGCAGTGAGTCTAC-frozen_3T3_PEG_100_4cycles,7799,4743
ACTTGCCTGTAGGTTC-frozen_3T3_PEG_100_4cycles,7356,4544
CGTGCCAGACGAATCT-frozen_3T3_PEG_100_4cycles,7419,4496
ACGGTTCCTAATGCTC-frozen_3T3_PEG_100_4cycles,7714,4672
GTTATTGCTAGCTGAG-frozen_3T3_PEG_100_4cycles,7753,4847
TCGGGTGACCCACTTC-frozen_3T3_PEG_100_4cycles,7052,4474
TTGCGGTCTCGAGGTA-frozen_3T3_PEG_100_4cycles,8045,4804
GTAAACAGATGCTACA-frozen_3T3_PEG_100_4cycles,7158,4412
TTCGACCACAGGGAGG-frozen_3T3_PEG_100_4cycles,8459,5035
TCTTTAGACAGCAATA-frozen_3T3_PEG_100_4cycles,8214,5002
TGCTGCTACAGGCATG-frozen_3T3_PEG_100_4cycles,8204,5039
TTCCACTCTCGATCGC-frozen_3T3_PEG_100_4cycles,7969,4756
CCACGAGTGCGCAACC-frozen_3T3_PEG_100_4cycles,7671,4658
ACCGGAGCTGTTAGAA-frozen_3T3_PEG_100_4cycles,7530,4661
TGTGGTAACTCGTAGT-frozen_3T3_PEG_100_4cycles,6856,4292
CATAGCATGTGGCTTA-frozen_3T3_PEG_100_4cycles,5432,3471
GGAAGCCCTAATAGCA-frozen_3T3_PEG_100_4cycles,7473,4723
CTTATTGTGTCCAGCG-frozen_3T3_PEG_100_4cycles,6364,3883
GTTAAGAGACAGGGTA-frozen_3T3_PEG_100_4cycles,8052,4917
CCTATCCGATAGACAA-frozen_3T3_PEG_100_4cycles,8077,4729
CTTCCACGAATGGCCC-frozen_3T3_PEG_100_4cycles,6407,4090
CTGCGACGACTGATCA-frozen_3T3_PEG_100_4cycles,6973,4265
GTGAAGGACAACGTAA-frozen_3T3_PEG_100_4cycles,8776,5249
CGCAATCCTTAATAGG-frozen_3T3_PEG_100_4cycles,5993,3667
AGTTTCTTGTATCTGG-frozen_3T3_PEG_100_4cycles,6507,4012
TTGGCAAACGGTTGAG-frozen_3T3_PEG_100_4cycles,8064,4660
GGTGGAAACGGTTGAG-frozen_3T3_PEG_100_4cycles,7474,4629
GTCAAGTACCATACTG-frozen_3T3_PEG_100_4cycles,5716,3814
CCAACTCACACCTAGT-frozen_3T3_PEG_100_4cycles,6986,4282
GATATCGTGGATAGCG-frozen_3T3_PEG_100_4cycles,6678,4215
ATTTCTGACATTAAGG-frozen_3T3_PEG_100_4cycles,6561,4159
CCAGAATACTGTCACA-frozen_3T3_PEG_100_4cycles,7720,4704
GGAACATCTTAATCGC-frozen_3T3_PEG_100_4cycles,8114,4961
GTAATCGTGTAGCGAG-frozen_3T3_PEG_100_4cycles,7371,4345
GCCTCTTGAGCGTATT-frozen_3T3_PEG_100_4cycles,6317,3705
GCACGGACTCATCCTC-frozen_3T3_PEG_100_4cycles,7192,4378
TCTTGAGGATGGCTGC-frozen_3T3_PEG_100_4cycles,6677,4141
TCGTCCAACTGCTCAA-frozen_3T3_PEG_100_4cycles,6826,4274
TCGGTGCGACTGGAAG-frozen_3T3_PEG_100_4cycles,7634,4626
CAATCAGTGTAGCTTG-frozen_3T3_PEG_100_4cycles,6862,4288
AACTGTGACTGAGGCA-frozen_3T3_PEG_100_4cycles,7129,4431
ACACGTTGATTTCCGC-frozen_3T3_PEG_100_4cycles,6936,4248
CACTATTTGGTTAGGG-frozen_3T3_PEG_100_4cycles,6070,3838
TTTCGTAACCTTAAGC-frozen_3T3_PEG_100_4cycles,6830,4287
ACTGGGCACCATGCGC-frozen_3T3_PEG_100_4cycles,6730,4231
TGCTGAAACACCGTGC-frozen_3T3_PEG_100_4cycles,6559,4140
TAGGATAGATTGTACG-frozen_3T3_PEG_100_4cycles,7406,4699
TTGGCTCTGCCAGCTG-frozen_3T3_PEG_100_4cycles,7808,4684
AGTGAAATGGGAATAT-frozen_3T3_PEG_100_4cycles,7917,4727
TCTGAACGAAACGCAG-frozen_3T3_PEG_100_4cycles,6286,3958
TCGCGGTGAGCAGGAT-frozen_3T3_PEG_100_4cycles,7137,4416
TCCGGGTGAAGCAGGT-frozen_3T3_PEG_100_4cycles,7665,4638
TGGACATACCGGCTCA-frozen_3T3_PEG_100_4cycles,6575,4231
ATGGGACGAACGTAAA-frozen_3T3_PEG_100_4cycles,7458,4557
CCCTATCGACATACTG-frozen_3T3_PEG_100_4cycles,7234,4451
CATTTGTACATAACCC-frozen_3T3_PEG_100_4cycles,6321,4043
CCTCATGACTGGGCCT-frozen_3T3_PEG_100_4cycles,7202,4443
GTAGAGCGAAGGTGAC-frozen_3T3_PEG_100_4cycles,7248,4470
CCTACGTTGCGTACAT-frozen_3T3_PEG_100_4cycles,5990,3736
TATTCAGCTGTACACT-frozen_3T3_PEG_100_4cycles,6908,4396
CAAGAGTCTATGGCCC-frozen_3T3_PEG_100_4cycles,7058,4186
GCCTAGTCTCGGAATG-frozen_3T3_PEG_100_4cycles,6514,4137
TTCGATGGACGTAACT-frozen_3T3_PEG_100_4cycles,6336,3947
ACTCCGTACACACCTA-frozen_3T3_PEG_100_4cycles,6878,4278
GCGTAAACTCGTAACT-frozen_3T3_PEG_100_4cycles,7063,4367
CGTGTCTTGTCAATGC-frozen_3T3_PEG_100_4cycles,6801,4153
AAATGCGCTAGTTGAA-frozen_3T3_PEG_100_4cycles,6098,3831
CATTGGAACAGTGGTG-frozen_3T3_PEG_100_4cycles,6517,4071
TGGAAGTCTTAAGCAA-frozen_3T3_PEG_100_4cycles,6556,4017
TCAAGCAACCCTGCGA-frozen_3T3_PEG_100_4cycles,6835,4215
CCTAGCACTTAGACAA-frozen_3T3_PEG_100_4cycles,6149,3944
TCAATGGACGGGTAGT-frozen_3T3_PEG_100_4cycles,6393,3986
TTTCATCGAACCGTTA-frozen_3T3_PEG_100_4cycles,5823,3698
CAACACCCTTTCGCAA-frozen_3T3_PEG_100_4cycles,6262,3949
ATGGCCGTGAACGTAA-frozen_3T3_PEG_100_4cycles,6710,4112
CAGTGTAACACCCGGT-frozen_3T3_PEG_100_4cycles,6477,3974
CTATGCCACTTAGAAG-frozen_3T3_PEG_100_4cycles,6830,4168
CCGATTCACATTCTGG-frozen_3T3_PEG_100_4cycles,6998,4238
TGGGCCATGACCTAGT-frozen_3T3_PEG_100_4cycles,6820,4252
GGCTGACTGTGCTTGA-frozen_3T3_PEG_100_4cycles,6998,4370
TACCTCTCTGGATGGT-frozen_3T3_PEG_100_4cycles,6806,4205
CTCATAACTACAGGCA-frozen_3T3_PEG_100_4cycles,6997,4381
GTCACAATGATCATGC-frozen_3T3_PEG_100_4cycles,7008,4272
AGCCGGTACGTACTAC-frozen_3T3_PEG_100_4cycles,6467,4014
CATGTTACTCACAGTT-frozen_3T3_PEG_100_4cycles,5758,3669
GTCAACTGACGACATT-frozen_3T3_PEG_100_4cycles,5638,3604
CTGGGACACTGGCATT-frozen_3T3_PEG_100_4cycles,5499,3492
GGGCTTCGAGGGTTCC-frozen_3T3_PEG_100_4cycles,5686,3582
ATAGCCAACGAATTGA-frozen_3T3_PEG_100_4cycles,7059,4352
CGAGAGATGACACCTA-frozen_3T3_PEG_100_4cycles,5950,3769
TCTTATGACGATCCAT-frozen_3T3_PEG_100_4cycles,5466,3505
CAGTCCGGATAATAGG-frozen_3T3_PEG_100_4cycles,6873,4211
CCGGGAACTTTTGGGT-frozen_3T3_PEG_100_4cycles,5695,3622
ACCTCAGCTTTTCCGC-frozen_3T3_PEG_100_4cycles,5086,3245
AGCTTGCCTCGGTACC-frozen_3T3_PEG_100_4cycles,4937,3161
GTGCTAATGGTTGTCA-frozen_3T3_PEG_100_4cycles,5701,3554
CAATCGTGAAACCAAA-frozen_3T3_PEG_100_4cycles,5934,3728
TGGAGTTACCTGTGCG-frozen_3T3_PEG_100_4cycles,5836,3806
CACACCACTTGCTGTA-frozen_3T3_PEG_100_4cycles,6078,3593
GGTGGAAACGTTAGTC-frozen_3T3_PEG_100_4cycles,5943,3715
AGAGCAGTGCAGGGAT-frozen_3T3_PEG_100_4cycles,6997,4344
TGCCAAATGATTAAGG-frozen_3T3_PEG_100_4cycles,6245,3973
AGCCCAGTGCCAGGCT-frozen_3T3_PEG_100_4cycles,6184,3875
AATTACCCTCGTAACT-frozen_3T3_PEG_100_4cycles,6266,3959
CAGTGTAACTTACGCA-frozen_3T3_PEG_100_4cycles,5892,3753
TGAGCTAACAAACTGA-frozen_3T3_PEG_100_4cycles,5922,3782
CCAACTCACATTGGTC-frozen_3T3_PEG_100_4cycles,5697,3591
CCATCCATGTAATAGG-frozen_3T3_PEG_100_4cycles,5016,3181
CCTTCTTTGATCCTTT-frozen_3T3_PEG_100_4cycles,6668,4124
ACTACGCCTGAAATCA-frozen_3T3_PEG_100_4cycles,6370,4070
CGAAATAGAGTACGTT-frozen_3T3_PEG_100_4cycles,6132,3866
CTGTTGCTGGAAGGTC-frozen_3T3_PEG_100_4cycles,6894,4142
GGTAGCAGAAATCGAA-frozen_3T3_PEG_100_4cycles,5530,3522
CAGTGGAGACGTAGAG-frozen_3T3_PEG_100_4cycles,6331,3810
CCGACAGTGTTCGTTT-frozen_3T3_PEG_100_4cycles,6276,3903
TGAGCTAACGAGAGGG-frozen_3T3_PEG_100_4cycles,5979,3835
ATTACCTACCCGTTAA-frozen_3T3_PEG_100_4cycles,5826,3651
AATTCGGTGACACCGC-frozen_3T3_PEG_100_4cycles,5402,3291
TCGACGGACGTCCCAG-frozen_3T3_PEG_100_4cycles,6226,3943
CGAGTTAACGAATCTC-frozen_3T3_PEG_100_4cycles,6071,3769
GGTAAGCGATGGTCCG-frozen_3T3_PEG_100_4cycles,5271,3305
ACCTATGGACATCTTT-frozen_3T3_PEG_100_4cycles,6436,4046
TGTACCAGAGAATCTC-frozen_3T3_PEG_100_4cycles,5616,3457
ATCGAAAGAGCCCAAC-frozen_3T3_PEG_100_4cycles,6334,3981
ACGTAGGGACGATTGT-frozen_3T3_PEG_100_4cycles,5518,3569
ACATGTGTGTAATAGG-frozen_3T3_PEG_100_4cycles,5646,3580
ACTCTAGGACTTCAAG-frozen_3T3_PEG_100_4cycles,5733,3662
TCCGTTGTGCGTACAT-frozen_3T3_PEG_100_4cycles,5916,3785
GCATCACCTAACGTTC-frozen_3T3_PEG_100_4cycles,5738,3580
CAAGATAGAATCAGCT-frozen_3T3_PEG_100_4cycles,6782,4288
ACGTTCAGATCTGGGC-frozen_3T3_PEG_100_4cycles,6091,3843
AACCGCTCTCACCTAA-frozen_3T3_PEG_100_4cycles,5611,3513
TCAAAGCACAAGGTGC-frozen_3T3_PEG_100_4cycles,6051,3756
TACCGCTTGACCAAGG-frozen_3T3_PEG_100_4cycles,6386,3834
CGCACTTACCCTAGTA-frozen_3T3_PEG_100_4cycles,5742,3597
GGTTCCTTGGCATGAG-frozen_3T3_PEG_100_4cycles,5598,3469
ACGTCCACTTGCGCCA-frozen_3T3_PEG_100_4cycles,5170,3291
TGGACCTCTGCACTTA-frozen_3T3_PEG_100_4cycles,5789,3708
CTCTTGGACTACCTGA-frozen_3T3_PEG_100_4cycles,6143,3774
GCATCACCTAGCCTAT-frozen_3T3_PEG_100_4cycles,6100,3771
TACCTCGACTCATTGG-frozen_3T3_PEG_100_4cycles,5951,3750
TCGTTGCTGAAACTGA-frozen_3T3_PEG_100_4cycles,6493,4027
GTTGAAGCTTAACGAA-frozen_3T3_PEG_100_4cycles,5553,3461
GTGCCATCTAGACTTC-frozen_3T3_PEG_100_4cycles,5730,3569
TGCCGTGGATTTCTTG-frozen_3T3_PEG_100_4cycles,5848,3718
TTCGTCCGATACAGCT-frozen_3T3_PEG_100_4cycles,5912,3596
TGGGAGTGAGACTGTT-frozen_3T3_PEG_100_4cycles,5980,3784
CGCTTCAACTGCTTGA-frozen_3T3_PEG_100_4cycles,5196,3297
TCCCTGTGAGTTTGGT-frozen_3T3_PEG_100_4cycles,5092,3333
CATCGCGGACCATGTA-frozen_3T3_PEG_100_4cycles,3775,2449
TCTGAACGAAAGACAT-frozen_3T3_PEG_100_4cycles,5023,3271
CCTACGTACTGGAACG-frozen_3T3_PEG_100_4cycles,4987,3120
CGGTCTACTCCACATA-frozen_3T3_PEG_100_4cycles,5951,3719
TCTTTAGACGCTGTTA-frozen_3T3_PEG_100_4cycles,5680,3532
TCCGAGTCTTCGTACA-frozen_3T3_PEG_100_4cycles,6044,3818
ATCCCGACTGAACATA-frozen_3T3_PEG_100_4cycles,5679,3521
ATACATCCTTTTCGCC-frozen_3T3_PEG_100_4cycles,5668,3604
GGTTCACCTCATCTTT-frozen_3T3_PEG_100_4cycles,5980,3751
TCTCTCGGACCAACGC-frozen_3T3_PEG_100_4cycles,6115,3774
AAAGTCAGAGGGACTA-frozen_3T3_PEG_100_4cycles,5994,3553
CTCTATAACTAGGTTC-frozen_3T3_PEG_100_4cycles,5310,3417
TGACCCTACTGGCTGC-frozen_3T3_PEG_100_4cycles,5513,3420
TGGATTGACTTGCAGT-frozen_3T3_PEG_100_4cycles,5235,3337
GGAGTTACTGACACCC-frozen_3T3_PEG_100_4cycles,5334,3447
TACCCGTTGTGTTCCC-frozen_3T3_PEG_100_4cycles,5893,3763
GGATACTACATCAGCT-frozen_3T3_PEG_100_4cycles,5718,3736
GTACACTGATTTGGGT-frozen_3T3_PEG_100_4cycles,5112,3329
GTTGTGATGTACAGAA-frozen_3T3_PEG_100_4cycles,5888,3782
CAATGCCCTCTGAGAG-frozen_3T3_PEG_100_4cycles,5535,3516
TGCGAATACGCAGGAT-frozen_3T3_PEG_100_4cycles,4813,3103
GAAGGACACCATACTG-frozen_3T3_PEG_100_4cycles,5343,3412
TTCTAGACTGATCATC-frozen_3T3_PEG_100_4cycles,4876,3140
AGGTAGGTGCCTAGGC-frozen_3T3_PEG_100_4cycles,5858,3671
TGTCATGGATCCAATG-frozen_3T3_PEG_100_4cycles,5219,3348
TCCCACATGCGGTTTA-frozen_3T3_PEG_100_4cycles,5442,3443
AACGTCCCTCGACAAG-frozen_3T3_PEG_100_4cycles,5473,3487
CTGTTGCACGTTGACT-frozen_3T3_PEG_100_4cycles,5498,3457
GGGTGAATGCTGTACA-frozen_3T3_PEG_100_4cycles,5778,3666
TCTAGTGGATAGGAGC-frozen_3T3_PEG_100_4cycles,5640,3496
CAAGGGATGTAGCAGG-frozen_3T3_PEG_100_4cycles,4735,3083
GGCTGCAACTAGCAGG-frozen_3T3_PEG_100_4cycles,5942,3722
CCATAAGTGAGCTGAG-frozen_3T3_PEG_100_4cycles,5503,3347
ACCAAGTTGTTCGTTT-frozen_3T3_PEG_100_4cycles,5205,3253
GACGCGACTGCTAGAG-frozen_3T3_PEG_100_4cycles,5139,3268
GGACTTAACGTTAGAA-frozen_3T3_PEG_100_4cycles,5715,3576
CAAGATAGATGAAAGT-frozen_3T3_PEG_100_4cycles,4769,3037
GAAGTGTCTCGGTACC-frozen_3T3_PEG_100_4cycles,5142,3299
GGGTATACTAGGTCCC-frozen_3T3_PEG_100_4cycles,5146,3306
ACCTAGTGAGAGCTGA-frozen_3T3_PEG_100_4cycles,5214,3265
TGAGCCCGAATAGGTA-frozen_3T3_PEG_100_4cycles,5770,3650
TCTACGCTGTACCTGA-frozen_3T3_PEG_100_4cycles,5712,3519
TCAGCCGGATAGCGAG-frozen_3T3_PEG_100_4cycles,5585,3390
GGAAGCCCTTTGGGAG-frozen_3T3_PEG_100_4cycles,5076,3288
CCTGCTATGCCCGAGT-frozen_3T3_PEG_100_4cycles,5099,3290
TGGCAATTGTAATCGC-frozen_3T3_PEG_100_4cycles,5146,3269
TCCTTAATGCAGATTC-frozen_3T3_PEG_100_4cycles,5613,3570
TTAGCGATGAGGTGAC-frozen_3T3_PEG_100_4cycles,5965,3778
CTAACTGGATTGACAC-frozen_3T3_PEG_100_4cycles,5707,3513
CATCCGTACCTTTGTT-frozen_3T3_PEG_100_4cycles,6061,3720
CTAATCTACCCGATTA-frozen_3T3_PEG_100_4cycles,5414,3465
CCTACGGGAGGACAGT-frozen_3T3_PEG_100_4cycles,5563,3409
TGTTGTACTTAGCAGG-frozen_3T3_PEG_100_4cycles,5435,3448
CCAAGTTGAACTAGTC-frozen_3T3_PEG_100_4cycles,5651,3561
TCCTCATCTCGACTAT-frozen_3T3_PEG_100_4cycles,5515,3462
CGACGTTCTATCCGTA-frozen_3T3_PEG_100_4cycles,5434,3397
TGGGCCATGGTTTACG-frozen_3T3_PEG_100_4cycles,5669,3507
GTGAAGGACGTTAGAA-frozen_3T3_PEG_100_4cycles,5691,3610
TTGTTTGACGTTCTCC-frozen_3T3_PEG_100_4cycles,5469,3521
GCGAGAATGAGGTGCA-frozen_3T3_PEG_100_4cycles,5465,3416
TTCCTACCTCCAGAGA-frozen_3T3_PEG_100_4cycles,5500,3504
ACAGACTACGAGCCTC-frozen_3T3_PEG_100_4cycles,4836,3097
TTATGGTCTCGATGTT-frozen_3T3_PEG_100_4cycles,4931,3131
ATAACCGTGTTGGTTG-frozen_3T3_PEG_100_4cycles,4463,2933
AAACGAAACGGACAGT-frozen_3T3_PEG_100_4cycles,5249,3216
CCGAGTCGAAGCGCTC-frozen_3T3_PEG_100_4cycles,4962,3132
TCCCTGTGAACCTTGA-frozen_3T3_PEG_100_4cycles,4967,3155
TGCCAAATGCTCATCC-frozen_3T3_PEG_100_4cycles,4481,2898
GAAGCAGTGTGCTACA-frozen_3T3_PEG_100_4cycles,4119,2764
GTACCGGACCAGGGTA-frozen_3T3_PEG_100_4cycles,4679,3001
TGTCGAAACTCGAGAG-frozen_3T3_PEG_100_4cycles,3822,2452
CAGATGACTGAAACAT-frozen_3T3_PEG_100_4cycles,5458,3409
TAGACCTGATTTCCGC-frozen_3T3_PEG_100_4cycles,5034,3072
CGCTAGTCTCGTGCAC-frozen_3T3_PEG_100_4cycles,5007,3113
TTCTAACACGCCCTAG-frozen_3T3_PEG_100_4cycles,5910,3726
GTGTGATACTTGCAGT-frozen_3T3_PEG_100_4cycles,4447,2816
TCGGACTCTAGGTGCA-frozen_3T3_PEG_100_4cycles,4854,3196
TGTATTCACCATGCGC-frozen_3T3_PEG_100_4cycles,4953,3104
CCTGCCTCTCGGTACC-frozen_3T3_PEG_100_4cycles,5334,3409
TGTTACTTGCGAGTTT-frozen_3T3_PEG_100_4cycles,4915,3078
GGGCTTCGATGTCACA-frozen_3T3_PEG_100_4cycles,4352,2798
CATGGATTGCTGGGTC-frozen_3T3_PEG_100_4cycles,5403,3246
TTCCTCGGAATGTCCA-frozen_3T3_PEG_100_4cycles,4736,2949
GGACTTAACTTCTGAG-frozen_3T3_PEG_100_4cycles,4721,3032
GTAAGGCGAATACGCT-frozen_3T3_PEG_100_4cycles,5512,3555
AGTGAAATGCCCGCAA-frozen_3T3_PEG_100_4cycles,4173,2689
AACTACGACAGGACAC-frozen_3T3_PEG_100_4cycles,4614,3018
CAACCCTACGTCAATC-frozen_3T3_PEG_100_4cycles,5079,3218
TGCTACGCTGAAATCA-frozen_3T3_PEG_100_4cycles,4516,3009
TTCCACTCTCCTAGCG-frozen_3T3_PEG_100_4cycles,5172,3312
GCCATAATGTCGTAGT-frozen_3T3_PEG_100_4cycles,4833,3068
GTCACGCGATACAGCT-frozen_3T3_PEG_100_4cycles,5563,3378
TTCCAAACTACCTGCG-frozen_3T3_PEG_100_4cycles,4772,3140
ACTAACGTGCGTTAGT-frozen_3T3_PEG_100_4cycles,4109,2600
GATACCATGTTTCGCC-frozen_3T3_PEG_100_4cycles,4172,2798
GGTGAGATGTCGCTAA-frozen_3T3_PEG_100_4cycles,5347,3327
TGCCACTTGTGAGTAA-frozen_3T3_PEG_100_4cycles,5260,3339
AGCCTACCTTAAAGCA-frozen_3T3_PEG_100_4cycles,4932,3184
GAATCAGCTTGCTCAA-frozen_3T3_PEG_100_4cycles,5486,3515
TTCCAAACTTAATCGC-frozen_3T3_PEG_100_4cycles,4986,3129
GCCATTCACACACCTA-frozen_3T3_PEG_100_4cycles,4965,3146
TGCAGTATGCGATTAC-frozen_3T3_PEG_100_4cycles,4939,3099
TGCCACTTGGCTGTTA-frozen_3T3_PEG_100_4cycles,4473,2843
ATTTCGACTCGATTAC-frozen_3T3_PEG_100_4cycles,5043,3219
CTTAGATCTTCAATGC-frozen_3T3_PEG_100_4cycles,4751,2999
GCATGATACATCCTCC-frozen_3T3_PEG_100_4cycles,5757,3344
TGCACGGACTAATCGC-frozen_3T3_PEG_100_4cycles,4443,2852
GCACGACACGGAATTA-frozen_3T3_PEG_100_4cycles,4364,2826
ACTAGTGTGTACGATC-frozen_3T3_PEG_100_4cycles,5519,3418
TTCCTAAACGAGAGGG-frozen_3T3_PEG_100_4cycles,3857,2528
TATTGCTTGAATCCGT-frozen_3T3_PEG_100_4cycles,5164,3238
GTAGGTTTGGAAGTTA-frozen_3T3_PEG_100_4cycles,5197,3267
ATGTTTCACACCGTGC-frozen_3T3_PEG_100_4cycles,4295,2700
AATCCAGACATCCTTT-frozen_3T3_PEG_100_4cycles,4970,3142
AACTCCCTGAGACAAT-frozen_3T3_PEG_100_4cycles,4836,3093
GGTGCGTTGAAGTTCC-frozen_3T3_PEG_100_4cycles,4953,3069
GTAGGTTTGATGAATG-frozen_3T3_PEG_100_4cycles,5392,3347
GGTTGAACTGGAGTCA-frozen_3T3_PEG_100_4cycles,4892,3050
GCACAATACCAGCACC-frozen_3T3_PEG_100_4cycles,3930,2588
AACGAGGTGTAGACAA-frozen_3T3_PEG_100_4cycles,4309,2789
CATCAGAACGCCCTGA-frozen_3T3_PEG_100_4cycles,5223,3302
TCAATCGGAACCGTTA-frozen_3T3_PEG_100_4cycles,4647,2952
GAGTTACTGGCATGAG-frozen_3T3_PEG_100_4cycles,4267,2811
CAGTCGTCTACCTAGT-frozen_3T3_PEG_100_4cycles,4713,3069
TTGGTCCACGACTCGC-frozen_3T3_PEG_100_4cycles,4345,2856
ACAAGACCTCTCGATA-frozen_3T3_PEG_100_4cycles,4201,2743
TTCTAGTTGTAACGAA-frozen_3T3_PEG_100_4cycles,5082,3175
AAACGCTACCCGGCTA-frozen_3T3_PEG_100_4cycles,4533,2815
TGAACTGTGATCAGGG-frozen_3T3_PEG_100_4cycles,4436,2815
CACCCATACCGATTAC-frozen_3T3_PEG_100_4cycles,5044,3168
GTCCGAGTGATGTCCA-frozen_3T3_PEG_100_4cycles,5266,3252
TAAGGGCGAGCACGCT-frozen_3T3_PEG_100_4cycles,5026,3076
CTCTATATGTGAACAA-frozen_3T3_PEG_100_4cycles,5556,3439
AGTCCCACTGAAGTTA-frozen_3T3_PEG_100_4cycles,4666,2984
TCAGGCTCTGCTGAGA-frozen_3T3_PEG_100_4cycles,5701,3600
GGGTATACTGGTTGAG-frozen_3T3_PEG_100_4cycles,5071,3228
TCGGACTCTAAACTGA-frozen_3T3_PEG_100_4cycles,4967,3143
ACCCTTGTGACGCCAC-frozen_3T3_PEG_100_4cycles,4902,3097
AAGGATCCTTGGAACG-frozen_3T3_PEG_100_4cycles,5196,3320
CCCATTTCTCCTAGGC-frozen_3T3_PEG_100_4cycles,4966,3108
CGGTCTACTAACGTAA-frozen_3T3_PEG_100_4cycles,4108,2653
AGGGACATGCCTAACA-frozen_3T3_PEG_100_4cycles,4614,2994
TTGGAGACTGACAAAT-frozen_3T3_PEG_100_4cycles,5081,3121
ATAACCGTGGTGGTGA-frozen_3T3_PEG_100_4cycles,5019,3175
TGCGTCTACGCCGTTG-frozen_3T3_PEG_100_4cycles,4502,2909
TTCACGAGACGGCACT-frozen_3T3_PEG_100_4cycles,4938,3109
AAAGCGGACTGATGAA-frozen_3T3_PEG_100_4cycles,4980,3151
CAACAACACGGAATGC-frozen_3T3_PEG_100_4cycles,4946,3139
TATGCTTTGCTGTACA-frozen_3T3_PEG_100_4cycles,4583,2954
CGGGACACTGGCAGTA-frozen_3T3_PEG_100_4cycles,4553,2962
GCGTGCTGAGATGGAC-frozen_3T3_PEG_100_4cycles,3905,2462
GGTAGTTTGGTTAGGG-frozen_3T3_PEG_100_4cycles,3980,2540
TGAGGGATGAGCCATT-frozen_3T3_PEG_100_4cycles,4855,3063
CGTGTAATGTGGAACG-frozen_3T3_PEG_100_4cycles,4559,2846
TGGATTGACATTGGTC-frozen_3T3_PEG_100_4cycles,4663,2922
GGATATAGATGGCTGC-frozen_3T3_PEG_100_4cycles,4680,2641
CCGTTCTGAGCATGAG-frozen_3T3_PEG_100_4cycles,4978,3186
TTTCATCGATCTGCAA-frozen_3T3_PEG_100_4cycles,4209,2701
GCACTTCTGCATCCTC-frozen_3T3_PEG_100_4cycles,4389,2823
ACGTAGGGATCCCGTT-frozen_3T3_PEG_100_4cycles,4681,2961
TCCTTAATGAAGTTCC-frozen_3T3_PEG_100_4cycles,4828,3030
TTAGACCGATCTGGGC-frozen_3T3_PEG_100_4cycles,4721,3010
GCTTGTCACGAATGTA-frozen_3T3_PEG_100_4cycles,4742,3033
AACACACACTGTGCTA-frozen_3T3_PEG_100_4cycles,4131,2696
CATAGCATGAGGTGCA-frozen_3T3_PEG_100_4cycles,4436,2863
TTGGTCCACACGCGAA-frozen_3T3_PEG_100_4cycles,4534,2938
CTGCACGGAAGATTCC-frozen_3T3_PEG_100_4cycles,4089,2674
TCGCATCACGGTATGG-frozen_3T3_PEG_100_4cycles,4505,2882
ATCGTTTACGGAATTA-frozen_3T3_PEG_100_4cycles,4571,2619
GACAATCTGCTGGCAC-frozen_3T3_PEG_100_4cycles,4272,2746
ATAGGAAACCGATGGA-frozen_3T3_PEG_100_4cycles,4574,2960
GGATGCCTGGTCTTGA-frozen_3T3_PEG_100_4cycles,5738,3453
GTAGGTTTGCGAAGCA-frozen_3T3_PEG_100_4cycles,4402,2818
TGAGGGATGTTCAGTG-frozen_3T3_PEG_100_4cycles,3874,2454
GTATAGCTGGCTCTTC-frozen_3T3_PEG_100_4cycles,4676,2979
TCCGAGTCTGCCGTTG-frozen_3T3_PEG_100_4cycles,4432,2848
ACTGGGCACCGACAAG-frozen_3T3_PEG_100_4cycles,4951,3096
TTAAGGAGAATCCTTT-frozen_3T3_PEG_100_4cycles,4094,2690
AGCCGAGCTTTGTACG-frozen_3T3_PEG_100_4cycles,4307,2824
CGAGTTAACGGTTTGT-frozen_3T3_PEG_100_4cycles,4077,2640
AGTTCACGACGAATCT-frozen_3T3_PEG_100_4cycles,4645,2990
ACAGCGGCTAAAGGTT-frozen_3T3_PEG_100_4cycles,4635,2929
GTGCTAATGGACTGTT-frozen_3T3_PEG_100_4cycles,4156,2669
CTATCTATGCAAGTTC-frozen_3T3_PEG_100_4cycles,4553,2860
GACTATCGAAATCTGC-frozen_3T3_PEG_100_4cycles,4529,2929
ATAGAACGAAATCCTG-frozen_3T3_PEG_100_4cycles,4600,2928
CCCTATCGAATCAGGG-frozen_3T3_PEG_100_4cycles,5274,3318
GTTACCCTGTAATGCC-frozen_3T3_PEG_100_4cycles,3994,2609
TCCGTTGTGTGTTCCC-frozen_3T3_PEG_100_4cycles,4167,2724
CTTCTAAACAGACAAT-frozen_3T3_PEG_100_4cycles,4267,2814
AGCTTGTGAAGAGGCT-frozen_3T3_PEG_100_4cycles,4525,2812
GTGAAGGACTAACTCG-frozen_3T3_PEG_100_4cycles,4465,2809
TCGTATGGAGCAGTTT-frozen_3T3_PEG_100_4cycles,4718,3078
CAAGATAGACGGCTCA-frozen_3T3_PEG_100_4cycles,4183,2645
CGTACAAACTCAGGTT-frozen_3T3_PEG_100_4cycles,4374,2801
TGGTCCTTGGCCCTTT-frozen_3T3_PEG_100_4cycles,4754,3083
CTGCCTTGAGCCCTGA-frozen_3T3_PEG_100_4cycles,4705,2854
GTAAACAGACAGTCTA-frozen_3T3_PEG_100_4cycles,4606,2993
CCGTACGGACATAGCT-frozen_3T3_PEG_100_4cycles,3760,2351
ACTTGCCTGTGTTCCC-frozen_3T3_PEG_100_4cycles,4437,2878
CAGGAGCCTAATCCTG-frozen_3T3_PEG_100_4cycles,4390,2827
TTCAGTTACCGATCGC-frozen_3T3_PEG_100_4cycles,4246,2693
CTCAATTTGGGCAGTA-frozen_3T3_PEG_100_4cycles,4111,2550
ACGAACTTGCCGTGAC-frozen_3T3_PEG_100_4cycles,4357,2750
GTTCCTGTGCTTTGTT-frozen_3T3_PEG_100_4cycles,4575,2939
GCGCTACGACTCATTT-frozen_3T3_PEG_100_4cycles,3896,2568
TCGGGTTCTCCTCCTA-frozen_3T3_PEG_100_4cycles,4280,2783
GAGGTTGGACAGTCTA-frozen_3T3_PEG_100_4cycles,4727,3011
TAGTACCGAACCAAGG-frozen_3T3_PEG_100_4cycles,4067,2662
TACGAGTTGTGGGCAA-frozen_3T3_PEG_100_4cycles,4099,2607
TGCAGATACCAGGGAT-frozen_3T3_PEG_100_4cycles,4424,2838
CGTCTTGACTAATAGG-frozen_3T3_PEG_100_4cycles,4979,3092
AACCACTGATGCATCA-frozen_3T3_PEG_100_4cycles,4382,2826
GTTCGGCGAAAACTGA-frozen_3T3_PEG_100_4cycles,3919,2494
CTTGACGCTTACAGCT-frozen_3T3_PEG_100_4cycles,4205,2738
TAGGGTTTGTATGACC-frozen_3T3_PEG_100_4cycles,4076,2547
GCTAGTCCTGCTACGC-frozen_3T3_PEG_100_4cycles,3954,2586
ACGCAGAGATTGACAC-frozen_3T3_PEG_100_4cycles,4478,2742
TCTAACGGACATACTG-frozen_3T3_PEG_100_4cycles,3121,2046
CGATACAACTACGATC-frozen_3T3_PEG_100_4cycles,3531,2273
ATTTCTGACCAGTCTA-frozen_3T3_PEG_100_4cycles,2989,2028
GAGTGTTACTCTGTAG-frozen_3T3_PEG_100_4cycles,4109,2707
CAAAGACCTTTTCTGT-frozen_3T3_PEG_100_4cycles,3902,2483
AGAACCTTGAGGGCTA-frozen_3T3_PEG_100_4cycles,4204,2704
TGTCATGGACCTGCGA-frozen_3T3_PEG_100_4cycles,3920,2542
ATCGCAAACCCAGCAC-frozen_3T3_PEG_100_4cycles,3852,2469
TCAGCCGGATGCTTGA-frozen_3T3_PEG_100_4cycles,4026,2525
AACTAGCACATCCTAG-frozen_3T3_PEG_100_4cycles,3715,2461
CTACTTTGATACTTTC-frozen_3T3_PEG_100_4cycles,4007,2591
ACGGAATCTGAGTAAT-frozen_3T3_PEG_100_4cycles,3993,2555
TACATTCACGCTAATC-frozen_3T3_PEG_100_4cycles,3931,2566
GTGGTTTGACGATTCA-frozen_3T3_PEG_100_4cycles,4326,2724
CACAGCGTGCGATTGT-frozen_3T3_PEG_100_4cycles,4475,2794
GTGCATAACTGGTCCG-frozen_3T3_PEG_100_4cycles,4018,2560
AGGCGATGACTGGAAG-frozen_3T3_PEG_100_4cycles,4258,2715
GGATCCCGACTGCCAG-frozen_3T3_PEG_100_4cycles,3879,2435
TGGGCGTACAGTCTAC-frozen_3T3_PEG_100_4cycles,3928,2578
ACCTAGTGACTCATCC-frozen_3T3_PEG_100_4cycles,3834,2430
GTAATCGACTTAGCTG-frozen_3T3_PEG_100_4cycles,4481,2712
GTCAAGTACAATACAG-frozen_3T3_PEG_100_4cycles,4119,2682
GAGTCATTGCGGTTGC-frozen_3T3_PEG_100_4cycles,4070,2567
CCACAGGTGCGGCACT-frozen_3T3_PEG_100_4cycles,3874,2401
AGACCATTGGGTTGAG-frozen_3T3_PEG_100_4cycles,4320,2670
AGCCAATTGCGTTATG-frozen_3T3_PEG_100_4cycles,4273,2617
CGGTTGGACCGGCACT-frozen_3T3_PEG_100_4cycles,3458,2161
CTACTCTCTGACATAA-frozen_3T3_PEG_100_4cycles,3425,2248
TTCGATGGATACCTGA-frozen_3T3_PEG_100_4cycles,3438,2169
TGGCCTTTGGACTGTT-frozen_3T3_PEG_100_4cycles,3986,2605
ATGTCCAGAATGGCCC-frozen_3T3_PEG_100_4cycles,3938,2536
GACTACTGATATCTGG-frozen_3T3_PEG_100_4cycles,3969,2544
TGCGAATACCATGATC-frozen_3T3_PEG_100_4cycles,3832,2432
GTTTCAGGAGGAATTA-frozen_3T3_PEG_100_4cycles,2932,1939
TAACGAGCTGGCCTGT-frozen_3T3_PEG_100_4cycles,3541,2270
TGCGCAGACGCGCTGT-frozen_3T3_PEG_100_4cycles,2628,1755
AGCTATCGAGAATAAC-frozen_3T3_PEG_100_4cycles,4374,2636
AAAGGGAGAGAATTGA-frozen_3T3_PEG_100_4cycles,3459,2199
TAAGCTGTGTCCCGTT-frozen_3T3_PEG_100_4cycles,4183,2687
TCCCAGACTATGTGGG-frozen_3T3_PEG_100_4cycles,3970,2633
GCTGGAAGATGCAAGG-frozen_3T3_PEG_100_4cycles,3887,2496
ACTTGCCTGTACGTTG-frozen_3T3_PEG_100_4cycles,3746,2380
ACGAGGCCTTCTATCT-frozen_3T3_PEG_100_4cycles,4094,2632
GTTGAAGCTCCGGCTA-frozen_3T3_PEG_100_4cycles,4185,2590
AACACACACTGTGGGA-frozen_3T3_PEG_100_4cycles,3945,2506
AACGAGGTGTCGCTAA-frozen_3T3_PEG_100_4cycles,3617,2311
CCGACTACTCGAGTGA-frozen_3T3_PEG_100_4cycles,3672,2342
GTCTACAGACATTCAG-frozen_3T3_PEG_100_4cycles,4021,2624
GCTTGTCACTAAGCAA-frozen_3T3_PEG_100_4cycles,3385,2170
TTCCAAACTCCAAGTT-frozen_3T3_PEG_100_4cycles,3736,2331
AGCCAGCACTTCCATT-frozen_3T3_PEG_100_4cycles,3823,2452
GAAGGACACCATCCTC-frozen_3T3_PEG_100_4cycles,3585,2314
GAGAAGAGACCGTGAC-frozen_3T3_PEG_100_4cycles,3557,2322
GGGAGCTCTCGACTAT-frozen_3T3_PEG_100_4cycles,3689,2415
GTTATGCGAGGCATTT-frozen_3T3_PEG_100_4cycles,2839,1941
TCTTTCAGAGTTAGGG-frozen_3T3_PEG_100_4cycles,3772,2451
CATAGTCGACATGATC-frozen_3T3_PEG_100_4cycles,3579,2324
TACCACCACTGCTGGC-frozen_3T3_PEG_100_4cycles,3633,2321
GCATGATACAACGTAA-frozen_3T3_PEG_100_4cycles,4664,2554
GAGTCTCCTAACGAAT-frozen_3T3_PEG_100_4cycles,3880,2557
GTTCTCGACCCTCGTT-frozen_3T3_PEG_100_4cycles,3350,2169
TGGACAACTCCAAGTT-frozen_3T3_PEG_100_4cycles,3618,2343
AATGGTGCTTCCAGCG-frozen_3T3_PEG_100_4cycles,3498,2230
GAAATCCACTCAGGTT-frozen_3T3_PEG_100_4cycles,4040,2486
CAGTATTCTCCACTTC-frozen_3T3_PEG_100_4cycles,3441,2258
GCCCATACTAAGTAAC-frozen_3T3_PEG_100_4cycles,3533,2353
GCTGTGGTGGCATGAG-frozen_3T3_PEG_100_4cycles,3916,2473
GGCGTACACCTAACGT-frozen_3T3_PEG_100_4cycles,3963,2479
GTAAAGCCTTACGATC-frozen_3T3_PEG_100_4cycles,3956,2472
CAAGGGATGTCCCGTT-frozen_3T3_PEG_100_4cycles,4230,2597
CCGTTACTGCAATGAA-frozen_3T3_PEG_100_4cycles,3751,2385
AAACGAAACATTGCCA-frozen_3T3_PEG_100_4cycles,3107,1949
GGATTTGACCGGGTAA-frozen_3T3_PEG_100_4cycles,3538,2316
TTGTCGAGACTACTCC-frozen_3T3_PEG_100_4cycles,3509,2269
TACTGTTTGCGGTTGC-frozen_3T3_PEG_100_4cycles,3821,2387
ACTAACCGACAGCTGC-frozen_3T3_PEG_100_4cycles,3450,2130
GTCACAATGCCAGAGA-frozen_3T3_PEG_100_4cycles,3298,2164
TCGTATACTAAGTCTC-frozen_3T3_PEG_100_4cycles,3590,2357
GCATAGTACGGAGTCA-frozen_3T3_PEG_100_4cycles,3451,2234
CCGCTATTGATGTCCA-frozen_3T3_PEG_100_4cycles,3635,2303
TTCTAGTTGTGCGCCA-frozen_3T3_PEG_100_4cycles,3823,2443
GACACGCACCGTACAT-frozen_3T3_PEG_100_4cycles,3470,2159
GATAGCGGATCGTAAC-frozen_3T3_PEG_100_4cycles,4007,2584
GAAATGAACCCTCAAA-frozen_3T3_PEG_100_4cycles,3454,2303
GTAAGAAACTAGCTTG-frozen_3T3_PEG_100_4cycles,2361,1500
ACGGTTAACTTGCAGT-frozen_3T3_PEG_100_4cycles,3471,2225
TGACCTCACTTGTGAC-frozen_3T3_PEG_100_4cycles,3073,1998
CCTCACATGGACCGAA-frozen_3T3_PEG_100_4cycles,3041,1991
ACACAGACTAAGTCTC-frozen_3T3_PEG_100_4cycles,3560,2305
GTCACAATGTAATCGC-frozen_3T3_PEG_100_4cycles,3624,2343
TAAGTGCACATTGCCA-frozen_3T3_PEG_100_4cycles,3475,2261
TATTCAGCTCCGTTAA-frozen_3T3_PEG_100_4cycles,3733,2288
GAGGGATACACAGGTG-frozen_3T3_PEG_100_4cycles,3113,2070
GGTTGAACTGCCCAAC-frozen_3T3_PEG_100_4cycles,3755,2367
GGTAAGCGAGCTCCTT-frozen_3T3_PEG_100_4cycles,2989,1952
GTTATCACTACCTGCG-frozen_3T3_PEG_100_4cycles,3579,2376
AATCGGACTAGGTGCA-frozen_3T3_PEG_100_4cycles,3177,2108
GGTATGACTCCAGGCT-frozen_3T3_PEG_100_4cycles,3079,2028
AAGGCTTACACGCCAC-frozen_3T3_PEG_100_4cycles,4034,2563
GACGAGTGACTTTGTT-frozen_3T3_PEG_100_4cycles,3449,2298
GCATCACCTACGTGCC-frozen_3T3_PEG_100_4cycles,3152,2058
ACGGAACGACTGTGCG-frozen_3T3_PEG_100_4cycles,3312,2113
ACGTAGGGAGAATCTC-frozen_3T3_PEG_100_4cycles,3478,2116
GGAACATCTTCATTGG-frozen_3T3_PEG_100_4cycles,3196,2047
ATAGGAAACTCGCTAA-frozen_3T3_PEG_100_4cycles,3147,2075
TGTTCTCCTCAATAGA-frozen_3T3_PEG_100_4cycles,3526,2328
CCAACGGTGGACCGAA-frozen_3T3_PEG_100_4cycles,2588,1649
GTTATCACTAGTGGTG-frozen_3T3_PEG_100_4cycles,3290,2153
CTGCACGGAGCCCAAC-frozen_3T3_PEG_100_4cycles,2747,1748
TATAGCCGAAGTGAGC-frozen_3T3_PEG_100_4cycles,3447,2219
GAATCAGCTAACGTAA-frozen_3T3_PEG_100_4cycles,3346,2208
ACTTATCACGTGGTGA-frozen_3T3_PEG_100_4cycles,3164,2105
CGTCGTTTGTCGACAT-frozen_3T3_PEG_100_4cycles,3118,2011
CTCAATTTGCCACAAT-frozen_3T3_PEG_100_4cycles,2982,1859
CATTACACTAAGACAT-frozen_3T3_PEG_100_4cycles,3358,2222
CCTCACATGACACAAA-frozen_3T3_PEG_100_4cycles,3116,1995
CAAGATAGACCACTTC-frozen_3T3_PEG_100_4cycles,3214,2041
TGTAACGTGATGTCCA-frozen_3T3_PEG_100_4cycles,2777,1811
ATCCAGCCTCAGGCCT-frozen_3T3_PEG_100_4cycles,3216,2038
TCTGGCTTGGAGCCTC-frozen_3T3_PEG_100_4cycles,3094,2045
TGTCCCATGATTAAGG-frozen_3T3_PEG_100_4cycles,2648,1768
GATGAATGAGCGCAAA-frozen_3T3_PEG_100_4cycles,3120,2066
GCGCTACGAGACGCCT-frozen_3T3_PEG_100_4cycles,2464,1848
GCACAATTGTCTGTGA-frozen_3T3_PEG_100_4cycles,3264,2169
GAAGCAGTGCCTACGG-frozen_3T3_PEG_100_4cycles,3763,2419
GATCCAAACCTTAAGC-frozen_3T3_PEG_100_4cycles,2652,1801
GCCTATAGACTCGATA-frozen_3T3_PEG_100_4cycles,2773,1806
CACATATCTTAATGCC-frozen_3T3_PEG_100_4cycles,2867,1883
CATTCCTCTCATGCGC-frozen_3T3_PEG_100_4cycles,2948,1980
TGCAGATACAACGCAG-frozen_3T3_PEG_100_4cycles,3318,2126
ACGGAACGAGGTGTCC-frozen_3T3_PEG_100_4cycles,3112,1983
TCCGACACTTGACCTA-frozen_3T3_PEG_100_4cycles,3410,2235
TTCCAAACTCAATGAA-frozen_3T3_PEG_100_4cycles,3328,2183
CGGTTGGACGGCCAAA-frozen_3T3_PEG_100_4cycles,3052,2013
GCTGTTCTGAGCTTGT-frozen_3T3_PEG_100_4cycles,3147,1996
TAGGACTTGAAGGCCA-frozen_3T3_PEG_100_4cycles,3078,2000
TCGCGGAACCCACTTC-frozen_3T3_PEG_100_4cycles,3432,2184
GCTGGACACGTCAATC-frozen_3T3_PEG_100_4cycles,2745,1881
GACACCGTGCCCGCAA-frozen_3T3_PEG_100_4cycles,2949,2007
GGCGTGACTAGGTCCC-frozen_3T3_PEG_100_4cycles,3094,1933
CCTCACATGTCCAGCG-frozen_3T3_PEG_100_4cycles,2940,1855
GCGTTAATGAGGCGTA-frozen_3T3_PEG_100_4cycles,2805,1775
CCCATTTCTGGACAGT-frozen_3T3_PEG_100_4cycles,2489,1562
AATAGGAACACACCTA-frozen_3T3_PEG_100_4cycles,3144,2026
CAGTGATTGGCAGTTT-frozen_3T3_PEG_100_4cycles,2714,1778
ATCGTTTACAAGTAAC-frozen_3T3_PEG_100_4cycles,2991,1942
TTTACCATGGCGTATT-frozen_3T3_PEG_100_4cycles,3549,2257
GATACGACTATAGCAA-frozen_3T3_PEG_100_4cycles,3263,2132
GACGCGACTAAAGGTT-frozen_3T3_PEG_100_4cycles,2963,1950
GATCCAAACTACCAAC-frozen_3T3_PEG_100_4cycles,2707,1841
GGCACACACTCGTAGT-frozen_3T3_PEG_100_4cycles,3025,1980
AAGACCTACATCAGGG-frozen_3T3_PEG_100_4cycles,2524,1590
TCAAGCAACGCACGCT-frozen_3T3_PEG_100_4cycles,2919,1888
GACGACAGAGCTTACA-frozen_3T3_PEG_100_4cycles,2762,1838
GATAAGAACAGCTGAG-frozen_3T3_PEG_100_4cycles,2365,1648
TGAGGAGTGCCCGCAA-frozen_3T3_PEG_100_4cycles,2493,1669
TCTACGCACCGACACC-frozen_3T3_PEG_100_4cycles,2992,1945
GTCTTGCACCATAGCT-frozen_3T3_PEG_100_4cycles,3199,2086
TCAGGCTCTATCGGTT-frozen_3T3_PEG_100_4cycles,2967,1856
GAAGTGTCTTGCATGT-frozen_3T3_PEG_100_4cycles,3091,2012
TGAGCCCGACATGATC-frozen_3T3_PEG_100_4cycles,3435,2200
GCAAACTACATCCGTA-frozen_3T3_PEG_100_4cycles,3136,2045
TGAGGGATGTATCTGG-frozen_3T3_PEG_100_4cycles,3383,2193
ACCCGAGACGGTTGAG-frozen_3T3_PEG_100_4cycles,2890,1846
CCGAACTCTAATGCGG-frozen_3T3_PEG_100_4cycles,2678,1729
CATTACACTTCTGTGA-frozen_3T3_PEG_100_4cycles,2979,1932
TCCAAAGTGATGTCCA-frozen_3T3_PEG_100_4cycles,3433,2120
CATCGAAACGGACTGA-frozen_3T3_PEG_100_4cycles,2995,1947
CGAGCACTGATCGGTT-frozen_3T3_PEG_100_4cycles,2381,1521
CTAATCACTCAGCACC-frozen_3T3_PEG_100_4cycles,2760,1743
TAAGCTGTGTAGCTTG-frozen_3T3_PEG_100_4cycles,3238,2058
GAACCATACTCGGGCT-frozen_3T3_PEG_100_4cycles,2995,2060
GCTTCGGGAGGCCAAA-frozen_3T3_PEG_100_4cycles,3059,2011
GAAGGACACCGTGCAC-frozen_3T3_PEG_100_4cycles,2863,1873
GTATCACGATGCGTGC-frozen_3T3_PEG_100_4cycles,2578,1729
ATTCAGGTGTCCTACC-frozen_3T3_PEG_100_4cycles,3274,2023
GATCCAAACTGACTCA-frozen_3T3_PEG_100_4cycles,1912,1328
GAAGTTCTGAGGACCA-frozen_3T3_PEG_100_4cycles,3000,2025
ATGACAAGAATGGCCC-frozen_3T3_PEG_100_4cycles,2270,1482
GTTGAGTTGTGGCAAG-frozen_3T3_PEG_100_4cycles,2567,1692
TGCCGTTACCGATCGC-frozen_3T3_PEG_100_4cycles,3063,1924
ACACTCCACGCGAGTA-frozen_3T3_PEG_100_4cycles,3075,1957
GTTGAAGCTTACTTTC-frozen_3T3_PEG_100_4cycles,2928,1915
TTCAAGTCTCCTAGTA-frozen_3T3_PEG_100_4cycles,2753,1784
TCAGTCCTGGAATTGA-frozen_3T3_PEG_100_4cycles,3061,2009
GCTATTGGACTTTGTT-frozen_3T3_PEG_100_4cycles,2919,1853
AGGTAGGTGAATCGAA-frozen_3T3_PEG_100_4cycles,2413,1570
GTTTCCCGATAGGCGA-frozen_3T3_PEG_100_4cycles,2178,1384
GATCGCGTGTATGACC-frozen_3T3_PEG_100_4cycles,2758,1807
TCTTATGACAGGACAC-frozen_3T3_PEG_100_4cycles,3271,1935
GTGGTTAACAGCAAGC-frozen_3T3_PEG_100_4cycles,2966,1890
CGCTTACTGCATCCTC-frozen_3T3_PEG_100_4cycles,2880,1772
TCGCACGGAGACACCC-frozen_3T3_PEG_100_4cycles,3033,1969
GACCGACACAGGCATG-frozen_3T3_PEG_100_4cycles,2533,1757
CGACAATACTCATGTG-frozen_3T3_PEG_100_4cycles,2667,1689
GGACTTAACCTGGGTC-frozen_3T3_PEG_100_4cycles,2577,1713
ATAAGACGATTAGAAG-frozen_3T3_PEG_100_4cycles,2585,1652
TATTGGTCTGGGACTA-frozen_3T3_PEG_100_4cycles,2775,1822
CGGATGAGAAGTACGG-frozen_3T3_PEG_100_4cycles,3118,1928
TACTGTTTGCCACTTC-frozen_3T3_PEG_100_4cycles,3182,2056
CGGTCGATGTACGTTG-frozen_3T3_PEG_100_4cycles,2097,1334
CACGATTGACTTCAAG-frozen_3T3_PEG_100_4cycles,2475,1641
GTAGTTGACGCCACGT-frozen_3T3_PEG_100_4cycles,2654,1677
TAAACGCACAAATGCA-frozen_3T3_PEG_100_4cycles,2839,1565
GGCTTACCTCATGCTA-frozen_3T3_PEG_100_4cycles,2332,1565
AAATGCCTGCGATTCA-frozen_3T3_PEG_100_4cycles,2267,1427
GGCTCAGACTCGGGCT-frozen_3T3_PEG_100_4cycles,3121,1983
TCGGCTTACATGAATG-frozen_3T3_PEG_100_4cycles,2837,1844
CAAGATAGATCCCAGG-frozen_3T3_PEG_100_4cycles,2819,1782
GAGAGCCCTGAATTGA-frozen_3T3_PEG_100_4cycles,2881,1799
CACATTACTCGATGGA-frozen_3T3_PEG_100_4cycles,1723,1109
TACCTGCTGGTTAGTC-frozen_3T3_PEG_100_4cycles,2514,1621
CTTCGCCCTCCTAACA-frozen_3T3_PEG_100_4cycles,2753,1745
AGAGTACCTGTTGGTT-frozen_3T3_PEG_100_4cycles,2683,1737
ATGCAAAGACACCTAA-frozen_3T3_PEG_100_4cycles,2804,1769
GACGCACACCGAATCT-frozen_3T3_PEG_100_4cycles,2571,1701
CGTAGCTCTGGTGCAA-frozen_3T3_PEG_100_4cycles,2633,1706
CGATGATTGGTCTGGC-frozen_3T3_PEG_100_4cycles,2751,1770
TCCATTCCTAATGCGG-frozen_3T3_PEG_100_4cycles,2320,1400
CCGTTACTGCCTGCGA-frozen_3T3_PEG_100_4cycles,2089,1409
TGGGCGTACAACGTGG-frozen_3T3_PEG_100_4cycles,2433,1516
TCAGACCCTTGCCACG-frozen_3T3_PEG_100_4cycles,2297,1396
AGGGAGTTGCACTCAA-frozen_3T3_PEG_100_4cycles,2642,1571
CTATAGCGAAATCGCT-frozen_3T3_PEG_100_4cycles,1847,1242
GAAAGTAACGGAATAT-frozen_3T3_PEG_100_4cycles,2173,1492
CAGGGCACTAGGCGTA-frozen_3T3_PEG_100_4cycles,2430,1569
GTACCCTTGTTCCATT-frozen_3T3_PEG_100_4cycles,2655,1728
ATGTTTCACCGGCTCA-frozen_3T3_PEG_100_4cycles,2666,1719
ACACTCCACTCATGCA-frozen_3T3_PEG_100_4cycles,2425,1610
GGAAGCCCTTCGTCAA-frozen_3T3_PEG_100_4cycles,2289,1498
AATAAGGACTACAGCT-frozen_3T3_PEG_100_4cycles,2232,1472
TCCTCATCTACGCGAA-frozen_3T3_PEG_100_4cycles,2348,1523
GAACTACTGATGTGGG-frozen_3T3_PEG_100_4cycles,2548,1698
GGCACTGACCTTTAGG-frozen_3T3_PEG_100_4cycles,2502,1643
CTACCTGTGGCGGTAA-frozen_3T3_PEG_100_4cycles,2786,1745
CATTGGAACTTAGCTG-frozen_3T3_PEG_100_4cycles,2696,1502
CTTGCGTTGCAGGTGA-frozen_3T3_PEG_100_4cycles,2888,1810
GCTGAATTGTAGGCGA-frozen_3T3_PEG_100_4cycles,2199,1290
GACAATAGATGGCTTA-frozen_3T3_PEG_100_4cycles,2249,1550
CGATATTCTATGTCAC-frozen_3T3_PEG_100_4cycles,2320,1532
AAGGCGATGTCAGGTT-frozen_3T3_PEG_100_4cycles,2222,1449
GATATCGTGGACAAAT-frozen_3T3_PEG_100_4cycles,2651,1758
CAGCTCACTGGATGGT-frozen_3T3_PEG_100_4cycles,2460,1571
AATCCAGACTCGTACA-frozen_3T3_PEG_100_4cycles,2307,1532
TGACCCTACTCGCTAA-frozen_3T3_PEG_100_4cycles,2472,1610
ACCTCGTTGTAACCCA-frozen_3T3_PEG_100_4cycles,2379,1542
GGATCCCGATGTGGGA-frozen_3T3_PEG_100_4cycles,2339,1510
ATTGCTACTGGGTAGT-frozen_3T3_PEG_100_4cycles,2515,1594
ATCAATCCTTACGATC-frozen_3T3_PEG_100_4cycles,2624,1709
GAGTTGACTTAGGTTC-frozen_3T3_PEG_100_4cycles,2546,1671
TGATATCCTTAACCCA-frozen_3T3_PEG_100_4cycles,1575,1022
TGTTAACCTGTTAGTC-frozen_3T3_PEG_100_4cycles,1944,1299
CAGGACCTGCCTGTGG-frozen_3T3_PEG_100_4cycles,1969,1258
ACCTCGTTGAAATGCA-frozen_3T3_PEG_100_4cycles,2494,1629
AACTCGATGGACTGTT-frozen_3T3_PEG_100_4cycles,2337,1551
TCTACGCTGAAGTTCC-frozen_3T3_PEG_100_4cycles,2284,1477
GACACCGTGCGTAGAG-frozen_3T3_PEG_100_4cycles,1962,1392
CGAGCAGCTCGACTAT-frozen_3T3_PEG_100_4cycles,2057,1373
AGATATGGAGACAAAT-frozen_3T3_PEG_100_4cycles,1801,1205
GAAGAATACCCTTTGC-frozen_3T3_PEG_100_4cycles,2225,1466
CATCGCGGAAATACAG-frozen_3T3_PEG_100_4cycles,1804,1109
GAGTCTCCTACGCCAC-frozen_3T3_PEG_100_4cycles,1824,1262
CCCACAGGAGGAATGC-frozen_3T3_PEG_100_4cycles,2081,1314
TCCGTTGTGAGGACAC-frozen_3T3_PEG_100_4cycles,2447,1535
GAGTCATTGTGAGCAG-frozen_3T3_PEG_100_4cycles,2320,1438
ATACAGGCTTGGCAAG-frozen_3T3_PEG_100_4cycles,2261,1471
GCTGGACACCGATTAC-frozen_3T3_PEG_100_4cycles,2076,1294
GGCGTACACGCTCAGC-frozen_3T3_PEG_100_4cycles,2172,1424
CGCTTAAGAGGCAGTA-frozen_3T3_PEG_100_4cycles,2082,1305
GAATTCTCTCAGGGAT-frozen_3T3_PEG_100_4cycles,2121,1386
TGGACAACTGATGGAC-frozen_3T3_PEG_100_4cycles,1943,1282
CATAGCATGGCTTTGA-frozen_3T3_PEG_100_4cycles,2143,1345
TCCTGTGACGATCATC-frozen_3T3_PEG_100_4cycles,2285,1288
TGAGGTACTAATCGCT-frozen_3T3_PEG_100_4cycles,2067,1323
ACGGTTCCTTAACGAA-frozen_3T3_PEG_100_4cycles,2284,1508
CTTAGATCTAGGTGCA-frozen_3T3_PEG_100_4cycles,2246,1412
ATTCCAGGAGCGGTAA-frozen_3T3_PEG_100_4cycles,1989,1226
ATCTCTAACGGCCTTG-frozen_3T3_PEG_100_4cycles,2074,1360
GCTTACCACGCAGTTT-frozen_3T3_PEG_100_4cycles,1522,1015
GCGTCGATGAGCAATA-frozen_3T3_PEG_100_4cycles,2067,1348
GGGAACCCTTTTGGGT-frozen_3T3_PEG_100_4cycles,2107,1386
CTCTGGACTCCAGCTG-frozen_3T3_PEG_100_4cycles,1921,1223
TCAGCTAGACCAGCTG-frozen_3T3_PEG_100_4cycles,2015,1347
GCACAATTGGGGACTA-frozen_3T3_PEG_100_4cycles,2122,1399
CCTACGTTGGCTGGCT-frozen_3T3_PEG_100_4cycles,2143,1401
GACCGCTGATTCGTTT-frozen_3T3_PEG_100_4cycles,1891,1306
TCCTGTGACATCAGGG-frozen_3T3_PEG_100_4cycles,1408,955
AGCTCGGACTGACTCA-frozen_3T3_PEG_100_4cycles,1576,1045
TATAGCCGAAAAGCTA-frozen_3T3_PEG_100_4cycles,1782,1188
GAACGCGCTATCACAC-frozen_3T3_PEG_100_4cycles,2146,1409
CGTTTGCTGCGGCTCA-frozen_3T3_PEG_100_4cycles,1780,1150
TCGTATACTCATCCTC-frozen_3T3_PEG_100_4cycles,2180,1413
GTTTCCCGACTGCCAG-frozen_3T3_PEG_100_4cycles,1560,1052
ATATTCGCTGAACAGC-frozen_3T3_PEG_100_4cycles,1419,863
GAATCGGGAAATGCTC-frozen_3T3_PEG_100_4cycles,1611,1065
GGTAGCAGAGCTACGC-frozen_3T3_PEG_100_4cycles,1980,1276
AATTGCCGAGGCCATC-frozen_3T3_PEG_100_4cycles,1849,1213
TGTTCCTCTCCAGCAC-frozen_3T3_PEG_100_4cycles,1952,1276
TAACTCACTTTCGCAA-frozen_3T3_PEG_100_4cycles,1594,1082
GACAATCTGTTGACCA-frozen_3T3_PEG_100_4cycles,1841,1251
ACGTGTTGAAAGGTGC-frozen_3T3_PEG_100_4cycles,2034,1277
AAGTGGCGAGGAATAT-frozen_3T3_PEG_100_4cycles,1746,1124
TCTCTCTACCGGTACC-frozen_3T3_PEG_100_4cycles,2072,1349
GATAGGTCTCTGGGTC-frozen_3T3_PEG_100_4cycles,1930,1270
CAGTAGTTGCCCGCAA-frozen_3T3_PEG_100_4cycles,1976,1330
CAACCCTACTTGCGTA-frozen_3T3_PEG_100_4cycles,2137,1358
AATTACCCTATACGCT-frozen_3T3_PEG_100_4cycles,1809,1169
GATCCAAACAATGCTC-frozen_3T3_PEG_100_4cycles,1611,1102
TTTCTGATGATGAATG-frozen_3T3_PEG_100_4cycles,1782,1159
CAAGGCCACTCTATCT-frozen_3T3_PEG_100_4cycles,1975,1132
GCGTCGATGGCGAGTA-frozen_3T3_PEG_100_4cycles,1527,990
ATCAAAGGACTCATTT-frozen_3T3_PEG_100_4cycles,1799,1158
TGAATGGCTGTTGACT-frozen_3T3_PEG_100_4cycles,1719,1077
ATCTATCACACAGGTG-frozen_3T3_PEG_100_4cycles,1890,1263
ACGGTTAACGCACTTA-frozen_3T3_PEG_100_4cycles,1810,1120
CTCAAACGAAATCGCT-frozen_3T3_PEG_100_4cycles,1415,880
TCAGACCCTCGAGTGA-frozen_3T3_PEG_100_4cycles,1483,972
CCAAGGAGACAGGCCT-frozen_3T3_PEG_100_4cycles,1704,1071
ACCTACCTGCAATGAA-frozen_3T3_PEG_100_4cycles,1144,689
GGTCTGGACACCCGGT-frozen_3T3_PEG_100_4cycles,1389,931
GTCCGTTACAAGCTAA-frozen_3T3_PEG_100_4cycles,1789,1130
GCAATCATGCGACTAT-frozen_3T3_PEG_100_4cycles,1660,998
TCGAAGTACTGGCATT-frozen_3T3_PEG_100_4cycles,1733,1136
GCACAATACGCCGCTA-frozen_3T3_PEG_100_4cycles,1359,837
GTCTAATCTGCAGGAT-frozen_3T3_PEG_100_4cycles,1551,1055
GACTCCTTGCTATCTT-frozen_3T3_PEG_100_4cycles,1535,1048
GTTATCACTATCACAC-frozen_3T3_PEG_100_4cycles,1597,1074
AGCTATCGATATTGCG-frozen_3T3_PEG_100_4cycles,1656,1012
ATAAGACGATCTGTAG-frozen_3T3_PEG_100_4cycles,1768,1090
AAGCATCACCAGTCCG-frozen_3T3_PEG_100_4cycles,1801,1137
ACTCGCTACCTTAAGC-frozen_3T3_PEG_100_4cycles,1175,816
GGCGTAGCTAATGCTC-frozen_3T3_PEG_100_4cycles,2088,1177
GGTCAGAGACACTCAA-frozen_3T3_PEG_100_4cycles,1515,1029
GCATGATACATAGCAA-frozen_3T3_PEG_100_4cycles,1434,956
AGAGAATACGTTAGAA-frozen_3T3_PEG_100_4cycles,1666,930
GCATCTCTGCCTAGGC-frozen_3T3_PEG_100_4cycles,1374,938
ATTCCAGGACAAGTAA-frozen_3T3_PEG_100_4cycles,1676,1013
AAGTGACCTACTAGTC-frozen_3T3_PEG_100_4cycles,1213,800
GGGTAGAACTGCTGTA-frozen_3T3_PEG_100_4cycles,1407,918
TGAGACTTGAAACTGA-frozen_3T3_PEG_100_4cycles,1468,835
GCAACTTGACTATCTT-frozen_3T3_PEG_100_4cycles,1360,844
GCTCCTAACGGGTTCC-frozen_3T3_PEG_100_4cycles,1443,967
CAACCCTACCGTACAT-frozen_3T3_PEG_100_4cycles,1280,824
TGCGAATACGATTAAG-frozen_3T3_PEG_100_4cycles,1009,683
AGTCCCACTAATGCTC-frozen_3T3_PEG_100_4cycles,1664,1083
TGGCCTGGAGCACCCA-frozen_3T3_PEG_100_4cycles,1634,1122
CCAAGGAGACCAGCAC-frozen_3T3_PEG_100_4cycles,1882,1075
TCCCAGACTCGCAACC-frozen_3T3_PEG_100_4cycles,1443,947
TGCCGTTACTATGACC-frozen_3T3_PEG_100_4cycles,1395,927
CTTCCACGATGTCACA-frozen_3T3_PEG_100_4cycles,1009,624
ACTCGGGACAGGTAAT-frozen_3T3_PEG_100_4cycles,1403,911
GATGCATTGTCTGGGC-frozen_3T3_PEG_100_4cycles,1392,975
ACGTGTTGACAGATTC-frozen_3T3_PEG_100_4cycles,1585,979
TCAGCGCGACGTGCAC-frozen_3T3_PEG_100_4cycles,1060,727
TATAGCCGAACAACAA-frozen_3T3_PEG_100_4cycles,1322,838
CCGCTATTGAGTACGG-frozen_3T3_PEG_100_4cycles,1740,1131
TCGCGTACTTAGGAGC-frozen_3T3_PEG_100_4cycles,1527,1002
GCCTCTTGAATTAAGG-frozen_3T3_PEG_100_4cycles,1387,902
GTTTCCCGAATGTGGG-frozen_3T3_PEG_100_4cycles,1655,927
CGTGCAGACCAGGCCT-frozen_3T3_PEG_100_4cycles,1807,1006
TCCATTCCTTGAGCAG-frozen_3T3_PEG_100_4cycles,1459,969
GTCCGAGTGGAGTGAC-frozen_3T3_PEG_100_4cycles,1115,708
GAAGGACACTACGTTG-frozen_3T3_PEG_100_4cycles,1365,912
TCCCACATGCCTAGCG-frozen_3T3_PEG_100_4cycles,1043,681
TCAAAGCACTAACTCG-frozen_3T3_PEG_100_4cycles,1128,758
TGCTAGTGATTGTGAC-frozen_3T3_PEG_100_4cycles,1104,712
GACTCTCACAATCTGC-frozen_3T3_PEG_100_4cycles,1449,937
ATTTCGACTGCACTTA-frozen_3T3_PEG_100_4cycles,1258,833
GCAGACCTGAAGGCCA-frozen_3T3_PEG_100_4cycles,1426,929
GTCACAAACAAAGTAC-frozen_3T3_PEG_100_4cycles,1155,769
CGACAGCACTGCTGTA-frozen_3T3_PEG_100_4cycles,1164,743
TCGATGATGCGACTAT-frozen_3T3_PEG_100_4cycles,1294,859
TGTCGAAACCAGCAAG-frozen_3T3_PEG_100_4cycles,1145,740
ACCTACCTGCCACATA-frozen_3T3_PEG_100_4cycles,946,627
GTTGTTGGACCACTTC-frozen_3T3_PEG_100_4cycles,1331,864
AATGGGTCTTAATGCC-frozen_3T3_PEG_100_4cycles,1070,692
GATAACCTGAGCGCTC-frozen_3T3_PEG_100_4cycles,1133,777
CTGCTGGGACCAGCAC-frozen_3T3_PEG_100_4cycles,1013,621
TCAACATCTAGTCTAC-frozen_3T3_PEG_100_4cycles,1347,909
CGCATTCTGTCTGGGC-frozen_3T3_PEG_100_4cycles,1017,616
CGGATGAGAGGCATTT-frozen_3T3_PEG_100_4cycles,1319,775
GAGGTGCCTATGTCAC-frozen_3T3_PEG_100_4cycles,1202,793
AGCGTATACGGCCTTG-frozen_3T3_PEG_100_4cycles,1032,623
GAGCATACTATCGGTT-frozen_3T3_PEG_100_4cycles,1269,845
CGATCGGTGCCTACGG-frozen_3T3_PEG_100_4cycles,1379,778
CGTCTTGACTAACCCA-frozen_3T3_PEG_100_4cycles,668,416
GACCCATCTAGTACGG-frozen_3T3_PEG_100_4cycles,906,653
AAGGCTTACTCCCAGG-frozen_3T3_PEG_100_4cycles,1230,846
TGATATCCTTTCCATT-frozen_3T3_PEG_100_4cycles,1080,709
CGTATCGCTTCGTCAA-frozen_3T3_PEG_100_4cycles,1279,794
CAACAACACGTCCCAG-frozen_3T3_PEG_100_4cycles,1041,652
GGACCACTGCATGCGC-frozen_3T3_PEG_100_4cycles,1110,691
TGCCGTGGATCGTACA-frozen_3T3_PEG_100_4cycles,900,596
TAAGCTGACAGCCCTG-frozen_3T3_PEG_100_4cycles,767,499
TAATGGGCTTTGTGAC-frozen_3T3_PEG_100_4cycles,847,543
GTTGATGACCAGGTGA-frozen_3T3_PEG_100_4cycles,1182,664
GGATTAAGATAAGTAG-frozen_3T3_PEG_100_4cycles,955,636
GCTTTAGGATAATCGC-frozen_3T3_PEG_100_4cycles,1150,643
GTCACAAACTCATTGG-frozen_3T3_PEG_100_4cycles,798,526
ATGCCCGGATCAATGC-frozen_3T3_PEG_100_4cycles,1224,701
ATGTTTCACCAACGCC-frozen_3T3_PEG_100_4cycles,973,660
TACAACGTGCTGATCA-frozen_3T3_PEG_100_4cycles,709,456
TGCGCCAGAGCCAGCT-frozen_3T3_PEG_100_4cycles,856,554
ATAGGAAACGCCGCTA-frozen_3T3_PEG_100_4cycles,1195,685
GCACGGACTGCAGGAT-frozen_3T3_PEG_100_4cycles,1062,666
ATGCCCGGATAACTCG-frozen_3T3_PEG_100_4cycles,657,445
CCATGATGAAAGGTGC-frozen_3T3_PEG_100_4cycles,1049,595
TAATTGCCTTGTGGGA-frozen_3T3_PEG_100_4cycles,753,496
AACAGCTACGATCATC-frozen_3T3_PEG_100_4cycles,812,543
AATCTCTTGCCTCCTA-frozen_3T3_PEG_100_4cycles,655,409
CGTTGCACTGTCTTGA-frozen_3T3_PEG_100_4cycles,994,576
AAGACGGTGACGCGAA-frozen_3T3_noPEG_100_4cycles,15802,8866
TACTGGCCTGCCCAAC-frozen_3T3_noPEG_100_4cycles,17234,9438
CGCAATCCTACACCTA-frozen_3T3_noPEG_100_4cycles,11759,7005
CGTCGTACTCTTCAAG-frozen_3T3_noPEG_100_4cycles,14006,8036
CAACACCCTCCGTTAA-frozen_3T3_noPEG_100_4cycles,9935,6088
CTTATTGTGAAGGCTG-frozen_3T3_noPEG_100_4cycles,11639,6799
CAGGGCTTGCGAGTTT-frozen_3T3_noPEG_100_4cycles,10317,6189
TGGGCGTACAGCAATA-frozen_3T3_noPEG_100_4cycles,11012,6304
CAACCCTACACGCCAC-frozen_3T3_noPEG_100_4cycles,10283,5987
GCTGAATTGATAGGTA-frozen_3T3_noPEG_100_4cycles,9525,5506
TGCCGTTACTCTTTGT-frozen_3T3_noPEG_100_4cycles,7802,4766
TGCCGGAACCGTTAGT-frozen_3T3_noPEG_100_4cycles,9062,5248
GCAGACCTGATCCTTT-frozen_3T3_noPEG_100_4cycles,8206,4935
CATCGCGGACGATTCA-frozen_3T3_noPEG_100_4cycles,8576,5173
ACGAGGCCTTCTATCT-frozen_3T3_noPEG_100_4cycles,8399,5106
GCGTTTAGAAATCCGT-frozen_3T3_noPEG_100_4cycles,10108,5811
AGCTGCTCTAAGGTGC-frozen_3T3_noPEG_100_4cycles,7841,4729
AGCTGCTCTTCGTACA-frozen_3T3_noPEG_100_4cycles,8857,5235
GCCAGTCGATACCTGA-frozen_3T3_noPEG_100_4cycles,7397,4449
TATCAGCGACGAGTGA-frozen_3T3_noPEG_100_4cycles,7547,4572
CCTGCCTCTAGGACCA-frozen_3T3_noPEG_100_4cycles,7195,4440
CTATTGGGAACCGTTA-frozen_3T3_noPEG_100_4cycles,7819,4693
GTACATCGACCAAGTT-frozen_3T3_noPEG_100_4cycles,7710,4653
ACTGTCCACCGTTAGT-frozen_3T3_noPEG_100_4cycles,8783,5168
AACTCACGAACACCGC-frozen_3T3_noPEG_100_4cycles,8141,4739
TACATTGCTCTTAGTG-frozen_3T3_noPEG_100_4cycles,7089,4338
TTCGCCAACGAGCTGA-frozen_3T3_noPEG_100_4cycles,9174,5315
ACACTGCCTAGGACCA-frozen_3T3_noPEG_100_4cycles,7596,4616
ACCCTTGTGACTCGAT-frozen_3T3_noPEG_100_4cycles,7298,4175
TAAGGGCGAACGCCAC-frozen_3T3_noPEG_100_4cycles,8120,4681
CTCTGGACTGCTAGAG-frozen_3T3_noPEG_100_4cycles,6261,3858
AAATGCCTGCTTCACC-frozen_3T3_noPEG_100_4cycles,6843,4140
GCTTTCCGAGTTAGAA-frozen_3T3_noPEG_100_4cycles,7425,4462
CTCTGAAGATGGCAAG-frozen_3T3_noPEG_100_4cycles,8053,4786
TCAAACTCTCTGTGCG-frozen_3T3_noPEG_100_4cycles,7300,4486
ATTTCGACTGCTAGAG-frozen_3T3_noPEG_100_4cycles,6762,4052
CAAGAATGATTGCAGT-frozen_3T3_noPEG_100_4cycles,7334,4388
CCTATCCGACTCATCC-frozen_3T3_noPEG_100_4cycles,6363,3817
GGAAGGACTTGGCATT-frozen_3T3_noPEG_100_4cycles,7651,4468
CAAGGGAACCGAAGCA-frozen_3T3_noPEG_100_4cycles,6851,4136
GGTGTAACTTCTGTAG-frozen_3T3_noPEG_100_4cycles,5995,3703
GGTCAAGGAATCAGCT-frozen_3T3_noPEG_100_4cycles,7315,4384
AACGCGAGAATCCTCC-frozen_3T3_noPEG_100_4cycles,6017,3753
CGCTTCCCTCGCAAAG-frozen_3T3_noPEG_100_4cycles,7126,4268
CACATATCTCTCTGGG-frozen_3T3_noPEG_100_4cycles,4446,2802
CCCAATGCTCCGTGAC-frozen_3T3_noPEG_100_4cycles,6899,4126
AAGGTGCGAGAACAGC-frozen_3T3_noPEG_100_4cycles,7946,4599
CGGATAGGATTCGGGC-frozen_3T3_noPEG_100_4cycles,6091,3623
CTGCTGGGAATTAAGG-frozen_3T3_noPEG_100_4cycles,6681,4015
TACCACCTGCGCAAAG-frozen_3T3_noPEG_100_4cycles,7152,4283
CCCACCTCTCGTTCTC-frozen_3T3_noPEG_100_4cycles,6650,3989
GGGTGAAACTGCAAGG-frozen_3T3_noPEG_100_4cycles,6634,4040
AAACGCTACCCGGCTA-frozen_3T3_noPEG_100_4cycles,7221,4306
CCAGGCAACGATTAAG-frozen_3T3_noPEG_100_4cycles,5763,3496
GGCTTCTACCGACACC-frozen_3T3_noPEG_100_4cycles,7386,4386
GGATTTGACGATAGCG-frozen_3T3_noPEG_100_4cycles,6010,3673
TCCGAGTCTCACTCAA-frozen_3T3_noPEG_100_4cycles,6609,4087
GTAATCGACAGTAGGC-frozen_3T3_noPEG_100_4cycles,6978,4182
TGTAACGTGAACGCAG-frozen_3T3_noPEG_100_4cycles,7025,4360
GTGGCAGCTTGCATCA-frozen_3T3_noPEG_100_4cycles,6578,4073
TATGCTTTGTTGACCA-frozen_3T3_noPEG_100_4cycles,6438,3883
CCAACGGTGTAATAGG-frozen_3T3_noPEG_100_4cycles,6605,3903
GGTTGGAGATGGCTGC-frozen_3T3_noPEG_100_4cycles,6348,3810
AAGGGCATGGTTCTCC-frozen_3T3_noPEG_100_4cycles,6299,3854
CGCTTGTACTGAGCAG-frozen_3T3_noPEG_100_4cycles,6423,3817
ACTTCCTCTAGTTGAA-frozen_3T3_noPEG_100_4cycles,5872,3644
TAAGTGCACCTTGTGA-frozen_3T3_noPEG_100_4cycles,6975,4257
GTTGTTGGAGCTTCGG-frozen_3T3_noPEG_100_4cycles,7092,4083
CGTAATCGATTTCCGC-frozen_3T3_noPEG_100_4cycles,6205,3683
AATAAGGACAGCAATA-frozen_3T3_noPEG_100_4cycles,6145,3724
GAGCCTCGATTGTGAC-frozen_3T3_noPEG_100_4cycles,5320,3398
AGCAGAGACGTCAATC-frozen_3T3_noPEG_100_4cycles,6364,3821
TACCACCACTGCTGGC-frozen_3T3_noPEG_100_4cycles,6111,3815
CATTCCTCTAGTCTGT-frozen_3T3_noPEG_100_4cycles,6083,3679
CGAGGACCTCGACAAG-frozen_3T3_noPEG_100_4cycles,6546,3983
CCTACGGGAGGACAGT-frozen_3T3_noPEG_100_4cycles,2976,1875
CAGGCTTCTAGTAGGC-frozen_3T3_noPEG_100_4cycles,6515,3895
TTCCAAACTTCTGTGA-frozen_3T3_noPEG_100_4cycles,6349,3928
CGTAGCGACGACTGTT-frozen_3T3_noPEG_100_4cycles,6099,3753
TGGACAACTAAAGTAC-frozen_3T3_noPEG_100_4cycles,5601,3509
GGTAGCAGAGCATGAG-frozen_3T3_noPEG_100_4cycles,5629,3480
GGGTGAATGTTATGGC-frozen_3T3_noPEG_100_4cycles,6018,3496
AAAGGGAGATTCGGGC-frozen_3T3_noPEG_100_4cycles,6701,3933
CTACCTCGACTCCTAC-frozen_3T3_noPEG_100_4cycles,5488,3310
AAGCGCCACCATGCGC-frozen_3T3_noPEG_100_4cycles,6283,3806
GAGAGTGACCATCCTC-frozen_3T3_noPEG_100_4cycles,5494,3368
AGTACGACTGCCAGCT-frozen_3T3_noPEG_100_4cycles,6036,3606
GGCAGTAGAGAACAGC-frozen_3T3_noPEG_100_4cycles,5453,3302
CATAGTCGAGCCAGCT-frozen_3T3_noPEG_100_4cycles,5547,3403
ATGACAAGAATGGCCC-frozen_3T3_noPEG_100_4cycles,5037,3087
TAAACGCACGATCATC-frozen_3T3_noPEG_100_4cycles,6301,3732
CCTACGTTGGCCCTAG-frozen_3T3_noPEG_100_4cycles,5636,3455
TGGACCTCTCGTAACT-frozen_3T3_noPEG_100_4cycles,5467,3338
TCCAAAGTGCCGTGAC-frozen_3T3_noPEG_100_4cycles,5677,3518
TCAGCCGGATGGTGAG-frozen_3T3_noPEG_100_4cycles,5916,3549
GGCAACGCTGACACCC-frozen_3T3_noPEG_100_4cycles,5476,3256
CGTGTACCTCATAGCT-frozen_3T3_noPEG_100_4cycles,5847,3521
TTGTGCCTGACAGATA-frozen_3T3_noPEG_100_4cycles,4442,2825
TTACGGATGTTGGCGC-frozen_3T3_noPEG_100_4cycles,5572,3272
CAGGAGCCTGAGCCTC-frozen_3T3_noPEG_100_4cycles,5358,3327
ACCCTTGTGCCAAACT-frozen_3T3_noPEG_100_4cycles,5731,3505
AACCTATCTTTATGGC-frozen_3T3_noPEG_100_4cycles,5315,3254
AGGTAGGTGGAGAGGG-frozen_3T3_noPEG_100_4cycles,5868,3535
ACATGTGTGTTTGGGT-frozen_3T3_noPEG_100_4cycles,5321,3225
GGTATGACTTAGGAGC-frozen_3T3_noPEG_100_4cycles,5949,3507
CTAATCTTGTTTCTGT-frozen_3T3_noPEG_100_4cycles,5427,3350
GTCGAAGGAGCCAGCT-frozen_3T3_noPEG_100_4cycles,5995,3527
CGATCGGTGAGCGCTC-frozen_3T3_noPEG_100_4cycles,5517,3332
CCACTAAGAATTCTGG-frozen_3T3_noPEG_100_4cycles,6098,3610
CCCTATCGAGTGAGCA-frozen_3T3_noPEG_100_4cycles,5832,3475
CAAGAGTCTTCTGGGC-frozen_3T3_noPEG_100_4cycles,5293,3158
AGGTTACTGGCCAGCT-frozen_3T3_noPEG_100_4cycles,5941,3463
GCAGTATTGAGTAGGC-frozen_3T3_noPEG_100_4cycles,5622,3307
AAGTGGCGACGCAAAG-frozen_3T3_noPEG_100_4cycles,6175,3609
TCCATTCCTCGGCTCA-frozen_3T3_noPEG_100_4cycles,5480,3324
TGAGAATGAGTGAGCA-frozen_3T3_noPEG_100_4cycles,5632,3465
GGTCTGGACGCTTTGA-frozen_3T3_noPEG_100_4cycles,6440,3799
AGAACGCGAACACCGC-frozen_3T3_noPEG_100_4cycles,6193,3575
CCATCCATGTAGCTTG-frozen_3T3_noPEG_100_4cycles,5723,3403
CATGTCAGACCCGCAA-frozen_3T3_noPEG_100_4cycles,5986,3648
CTCAATGGACTGTGCG-frozen_3T3_noPEG_100_4cycles,4983,3128
CTGCCTTGACAGCTGC-frozen_3T3_noPEG_100_4cycles,5571,3328
CCTGCCTCTCGGAAGT-frozen_3T3_noPEG_100_4cycles,5072,3087
TCTGAGCCTGGTTGAG-frozen_3T3_noPEG_100_4cycles,4485,2855
GCTTCTGACTAACGGG-frozen_3T3_noPEG_100_4cycles,4636,2929
CCACGGATGCCTCCTA-frozen_3T3_noPEG_100_4cycles,5463,3306
ACTTCCTCTGAACCTT-frozen_3T3_noPEG_100_4cycles,5187,3184
TCACGGGACCGACACC-frozen_3T3_noPEG_100_4cycles,5076,3082
AAGACGGTGTGTCACA-frozen_3T3_noPEG_100_4cycles,5212,3174
CTGGGACACGGCCATC-frozen_3T3_noPEG_100_4cycles,5735,3461
CCCTTGCCTCGAACAG-frozen_3T3_noPEG_100_4cycles,5997,3614
GTCGAAGGAAACGTGG-frozen_3T3_noPEG_100_4cycles,5358,3332
ACAATGCACTAGGAGC-frozen_3T3_noPEG_100_4cycles,5318,3249
GCATCCTTGAAGCTAA-frozen_3T3_noPEG_100_4cycles,5487,3390
ATTTCTGACGCAGGAT-frozen_3T3_noPEG_100_4cycles,4936,3036
TGTCGCTTGAGTACGG-frozen_3T3_noPEG_100_4cycles,6003,3644
CGTACAAACGAACAGC-frozen_3T3_noPEG_100_4cycles,3394,2075
CCTGATCACTCGTACA-frozen_3T3_noPEG_100_4cycles,5163,3240
GGTATGACTGGTGCAA-frozen_3T3_noPEG_100_4cycles,5070,3065
TTGCAGATGGGACAGT-frozen_3T3_noPEG_100_4cycles,5221,3280
TTCAAGCGACAATAGA-frozen_3T3_noPEG_100_4cycles,4743,2814
CCACTCTGAGAGCTGA-frozen_3T3_noPEG_100_4cycles,5312,3147
ATGGGACGAATCAGCT-frozen_3T3_noPEG_100_4cycles,5296,3165
CAGTTGATGTCATTTC-frozen_3T3_noPEG_100_4cycles,4761,2965
TAGCTGATGGAAGGCT-frozen_3T3_noPEG_100_4cycles,5109,3006
AACCCTCACACACAAA-frozen_3T3_noPEG_100_4cycles,4991,3090
TTGTAACCTTTTCCGC-frozen_3T3_noPEG_100_4cycles,5250,3213
AAACTCCGAGGTAGAC-frozen_3T3_noPEG_100_4cycles,4666,2841
TGCCATCTGTGAACAA-frozen_3T3_noPEG_100_4cycles,5123,3221
CGCAAAGGATCGTACA-frozen_3T3_noPEG_100_4cycles,5087,3053
GGTTTAGTGAGCAGGT-frozen_3T3_noPEG_100_4cycles,3896,2449
GGCACTGACAGTCGGA-frozen_3T3_noPEG_100_4cycles,4951,3071
TGCGCAGACACAGGCA-frozen_3T3_noPEG_100_4cycles,5361,3309
GGTCAGAGACGTAACT-frozen_3T3_noPEG_100_4cycles,4696,2868
AAGACGGTGCTCACGG-frozen_3T3_noPEG_100_4cycles,5393,3257
ACTAACCGACTGAGAG-frozen_3T3_noPEG_100_4cycles,4318,2739
TTACCATTGAAGTTAG-frozen_3T3_noPEG_100_4cycles,5245,3178
TTTGCGGCTCATGCTA-frozen_3T3_noPEG_100_4cycles,5010,3114
CAGTAGTTGTTCTGGA-frozen_3T3_noPEG_100_4cycles,4466,2785
GTAATCGACGCACCCA-frozen_3T3_noPEG_100_4cycles,5321,3149
TTGTCAACTGAATAAC-frozen_3T3_noPEG_100_4cycles,5084,3118
CAACCCTACCCACAAT-frozen_3T3_noPEG_100_4cycles,5304,3173
TAACGTTCTTGTGCTA-frozen_3T3_noPEG_100_4cycles,5289,3240
CCATCCATGTGCTGGC-frozen_3T3_noPEG_100_4cycles,3877,2387
CATTTGTACATAGGTA-frozen_3T3_noPEG_100_4cycles,4933,3047
GCGCAGTTGAGCTGAG-frozen_3T3_noPEG_100_4cycles,4966,2977
CGCTTCCCTGGGATTG-frozen_3T3_noPEG_100_4cycles,5052,3038
AGCCGGTACGAACCTT-frozen_3T3_noPEG_100_4cycles,4903,3030
TTAGACCGAGGCCTTG-frozen_3T3_noPEG_100_4cycles,5111,3054
GAAGGACACTACTTTC-frozen_3T3_noPEG_100_4cycles,3544,2261
AACCCTCACTGATCAC-frozen_3T3_noPEG_100_4cycles,4692,2902
TGTCGCTTGTGCATGT-frozen_3T3_noPEG_100_4cycles,5075,3100
ATAGGGTCTCGTGCAC-frozen_3T3_noPEG_100_4cycles,5459,3209
TCCTACCGATGCTACA-frozen_3T3_noPEG_100_4cycles,4655,2857
AAAGCGGACGTTGTCA-frozen_3T3_noPEG_100_4cycles,4931,2989
GTGCTAATGCACAGTT-frozen_3T3_noPEG_100_4cycles,4389,2676
CCACAGGTGAGGACAC-frozen_3T3_noPEG_100_4cycles,5031,3065
CGAGAGATGCGTTATG-frozen_3T3_noPEG_100_4cycles,4974,3080
TGCCTACTGAATCCTG-frozen_3T3_noPEG_100_4cycles,5320,3337
TGAGGTACTTCCCAGG-frozen_3T3_noPEG_100_4cycles,4440,2817
GGCTTGCGAAAGGCTG-frozen_3T3_noPEG_100_4cycles,4991,2968
CAATCAGTGATCAGCT-frozen_3T3_noPEG_100_4cycles,5348,3212
GGGTTGCTGCGTGCAC-frozen_3T3_noPEG_100_4cycles,5037,2987
ATTGTGTCTATTCTGG-frozen_3T3_noPEG_100_4cycles,4427,2730
CGGTTCACTTGCCACG-frozen_3T3_noPEG_100_4cycles,5143,3164
AGGTATGCTAGGTGCA-frozen_3T3_noPEG_100_4cycles,4750,2760
CAACCCTACGTCCCGA-frozen_3T3_noPEG_100_4cycles,5042,3106
CCGCAAGTGAGGTGCA-frozen_3T3_noPEG_100_4cycles,4738,2938
GCGTAAGGAAGCCTAT-frozen_3T3_noPEG_100_4cycles,4624,2769
GCGAGAATGGACCGAA-frozen_3T3_noPEG_100_4cycles,4813,2948
GGTTGAACTCGATTAC-frozen_3T3_noPEG_100_4cycles,4429,2742
GTGATAAGATAGCTTG-frozen_3T3_noPEG_100_4cycles,4937,3056
GTAGCATACGGGACTA-frozen_3T3_noPEG_100_4cycles,5489,3240
CGGTTGGACCGGCACT-frozen_3T3_noPEG_100_4cycles,4331,2722
TCCGGGAACTAGCAGG-frozen_3T3_noPEG_100_4cycles,4618,2819
AACTCACGATCTTTGT-frozen_3T3_noPEG_100_4cycles,5204,3249
ATGCAAAGACCGCAGT-frozen_3T3_noPEG_100_4cycles,4226,2660
TGGGCGTACCACCTAA-frozen_3T3_noPEG_100_4cycles,5747,3355
AGGTATAGAACCAAGG-frozen_3T3_noPEG_100_4cycles,4439,2713
AGGGTTTACAAGGCCA-frozen_3T3_noPEG_100_4cycles,4507,2746
GCGTAAACTAGATTCC-frozen_3T3_noPEG_100_4cycles,3470,2121
ACCTGCTACACCAGTT-frozen_3T3_noPEG_100_4cycles,2478,1573
CAAAGACCTTTAGCTG-frozen_3T3_noPEG_100_4cycles,4817,3009
GGCGTAGCTCGGAATG-frozen_3T3_noPEG_100_4cycles,4772,2837
ATTGCTACTTTTGGGT-frozen_3T3_noPEG_100_4cycles,4327,2704
ATCTTACTGGATTAAG-frozen_3T3_noPEG_100_4cycles,5245,3269
ACGGGAATGTAGGTTC-frozen_3T3_noPEG_100_4cycles,4409,2739
TACGCCTTGAAGCTAA-frozen_3T3_noPEG_100_4cycles,5067,3097
GCGAAGCCTCAGGGTA-frozen_3T3_noPEG_100_4cycles,5220,3067
TTGCGATGAAAAGGTT-frozen_3T3_noPEG_100_4cycles,4521,2762
ACCGGAGCTTAGACAA-frozen_3T3_noPEG_100_4cycles,4672,2883
TCGGGTCGACGACATT-frozen_3T3_noPEG_100_4cycles,4624,2832
TTTCGCTCTAGTAGGC-frozen_3T3_noPEG_100_4cycles,4547,2846
CTTCCTTTGCGAACAG-frozen_3T3_noPEG_100_4cycles,4615,2818
AAGGCGATGCCACTTC-frozen_3T3_noPEG_100_4cycles,4782,2889
CGCTTCAACTGATCAC-frozen_3T3_noPEG_100_4cycles,4486,2756
CAGCCGATGCGATCGC-frozen_3T3_noPEG_100_4cycles,4422,2707
TCGCCGAGAGCTAGAG-frozen_3T3_noPEG_100_4cycles,4616,2830
CCTCCTGCTTATGACC-frozen_3T3_noPEG_100_4cycles,4836,2978
TGTGTAGTGGCTCCTT-frozen_3T3_noPEG_100_4cycles,5015,3060
CTTCCTTTGAAGTAAC-frozen_3T3_noPEG_100_4cycles,3846,2396
ACAGACTTGAGGTGAC-frozen_3T3_noPEG_100_4cycles,4332,2686
TTGGCGCGAGTCTTGA-frozen_3T3_noPEG_100_4cycles,4476,2705
ACGGTTCCTAATGCTC-frozen_3T3_noPEG_100_4cycles,4701,2843
CTTAGATCTCCTCAAA-frozen_3T3_noPEG_100_4cycles,4261,2669
GTTCCCATGAATAGCA-frozen_3T3_noPEG_100_4cycles,4237,2722
ACAGACTACGCGCTGT-frozen_3T3_noPEG_100_4cycles,3695,2306
AGTCGCGTGGGCCTTG-frozen_3T3_noPEG_100_4cycles,4821,2949
CTTGCGGGAAATCCGT-frozen_3T3_noPEG_100_4cycles,4517,2815
AGGAGGTTGAATCCGT-frozen_3T3_noPEG_100_4cycles,3784,2376
TAAGCTGTGGATGGAC-frozen_3T3_noPEG_100_4cycles,3962,2438
CTGGGACACGCCCTAG-frozen_3T3_noPEG_100_4cycles,4627,2849
TGCGCCAGAGCTCTTC-frozen_3T3_noPEG_100_4cycles,4623,2843
CTAACTGGATTGACAC-frozen_3T3_noPEG_100_4cycles,4503,2795
TGGCAATTGGGATGGT-frozen_3T3_noPEG_100_4cycles,4134,2537
GGCGTTTCTCGATGGA-frozen_3T3_noPEG_100_4cycles,4741,2859
GGTTTAGTGCCCGCAA-frozen_3T3_noPEG_100_4cycles,4624,2800
CACCAGGTGTACGATC-frozen_3T3_noPEG_100_4cycles,4211,2584
ACGAGGATGCAGCACC-frozen_3T3_noPEG_100_4cycles,4439,2755
CCCATGTACCGGCACT-frozen_3T3_noPEG_100_4cycles,4794,2867
TTGGCTCTGGCGCACT-frozen_3T3_noPEG_100_4cycles,4841,2951
CCATGATGAGCCCTTT-frozen_3T3_noPEG_100_4cycles,5018,3012
CTTAGAGACTCGGGCT-frozen_3T3_noPEG_100_4cycles,5036,3013
CTCTATATGTGCATCA-frozen_3T3_noPEG_100_4cycles,4657,2843
AAGGTAATGAATCGAA-frozen_3T3_noPEG_100_4cycles,3881,2382
GACGCACACCGAATCT-frozen_3T3_noPEG_100_4cycles,4622,2795
CGTTGCACTGTTTACG-frozen_3T3_noPEG_100_4cycles,3448,2131
TAGTACCGAGCGCTGT-frozen_3T3_noPEG_100_4cycles,4430,2719
CTCTCTGGAGTTGGTT-frozen_3T3_noPEG_100_4cycles,4117,2512
AAGCCTAACTGCCACG-frozen_3T3_noPEG_100_4cycles,4302,2604
GCGGTTCGACTCATCC-frozen_3T3_noPEG_100_4cycles,4014,2442
CAGGGCACTCCGCTAG-frozen_3T3_noPEG_100_4cycles,4231,2604
CAACGCGTGCGCAACC-frozen_3T3_noPEG_100_4cycles,4354,2663
GTTGAGTTGATGAATG-frozen_3T3_noPEG_100_4cycles,4505,2880
GTAATCGTGGGACAGT-frozen_3T3_noPEG_100_4cycles,4857,2971
GGTCGCATGAGACTTC-frozen_3T3_noPEG_100_4cycles,4613,2780
GTAAACAGATCGCTAA-frozen_3T3_noPEG_100_4cycles,4274,2657
CCAACTCACGCCCTTT-frozen_3T3_noPEG_100_4cycles,3904,2401
TCCATGGCTATTCGGT-frozen_3T3_noPEG_100_4cycles,4124,2606
TGGACTATGCTTTGTT-frozen_3T3_noPEG_100_4cycles,5182,3067
ATGATAGGATCGCTAA-frozen_3T3_noPEG_100_4cycles,4666,2758
CTATGTTACCCTCAAA-frozen_3T3_noPEG_100_4cycles,4489,2671
TGCGAATACCGACTAT-frozen_3T3_noPEG_100_4cycles,4558,2808
TAGTTGCGAACAGGCA-frozen_3T3_noPEG_100_4cycles,4244,2594
AAACCGTACGTGGTGA-frozen_3T3_noPEG_100_4cycles,4296,2665
AGAACATGAAGCGCTC-frozen_3T3_noPEG_100_4cycles,3689,2284
AAGCCTAACTTGTTTC-frozen_3T3_noPEG_100_4cycles,4034,2517
TAGTACCGACCAGCAC-frozen_3T3_noPEG_100_4cycles,4183,2508
AGCTATGACGCTAATC-frozen_3T3_noPEG_100_4cycles,4444,2749
AGCTCGGACGAACCTT-frozen_3T3_noPEG_100_4cycles,3920,2514
AGTTTGCGATGTTCCC-frozen_3T3_noPEG_100_4cycles,4302,2655
TGAGGAGTGTGTTGTG-frozen_3T3_noPEG_100_4cycles,4668,2920
GTCGACCGATCGTAAC-frozen_3T3_noPEG_100_4cycles,4373,2662
CGTTACCTGAGTCTAC-frozen_3T3_noPEG_100_4cycles,4269,2584
TTCGACCACTCATGCA-frozen_3T3_noPEG_100_4cycles,4484,2799
CAGTCGTCTCCGCTAG-frozen_3T3_noPEG_100_4cycles,3521,2214
TGTTAACCTAGTCTAC-frozen_3T3_noPEG_100_4cycles,4308,2650
GCTGACCGAGGCCTTG-frozen_3T3_noPEG_100_4cycles,4291,2656
CAGTGTAACTCTATCT-frozen_3T3_noPEG_100_4cycles,4506,2748
CTAGGGCACTCGACAT-frozen_3T3_noPEG_100_4cycles,4369,2630
GTTCCCATGCCAGCTG-frozen_3T3_noPEG_100_4cycles,4516,2721
ACGGCCTGACGTTATG-frozen_3T3_noPEG_100_4cycles,3722,2306
TACCAGTGACAATAGA-frozen_3T3_noPEG_100_4cycles,3680,2295
TGTTTGTTGTGTTCCC-frozen_3T3_noPEG_100_4cycles,4196,2623
TAGGATAGAACAGATA-frozen_3T3_noPEG_100_4cycles,4070,2542
GGAAGCCCTTCGTCAA-frozen_3T3_noPEG_100_4cycles,4304,2633
CTTTAACTGCTTTAGG-frozen_3T3_noPEG_100_4cycles,4179,2494
ATAAGACGATTAGAAG-frozen_3T3_noPEG_100_4cycles,4484,2701
CCTACGTACGGCCATC-frozen_3T3_noPEG_100_4cycles,4380,2666
CAGTGTAACACAACAA-frozen_3T3_noPEG_100_4cycles,3979,2402
GCCCATACTGAAGGCT-frozen_3T3_noPEG_100_4cycles,4119,2572
CCACATGCTTAGACAA-frozen_3T3_noPEG_100_4cycles,3791,2337
GTCGAAGGACTCATTT-frozen_3T3_noPEG_100_4cycles,4857,2908
GGCGTGACTAATGCGG-frozen_3T3_noPEG_100_4cycles,3961,2470
GAAGCAGTGGTACGTT-frozen_3T3_noPEG_100_4cycles,4467,2695
ATAAGACGATCGTCCT-frozen_3T3_noPEG_100_4cycles,3782,2307
CTGCTAGCTGACATAA-frozen_3T3_noPEG_100_4cycles,4537,2791
AACATCCGACGCCACA-frozen_3T3_noPEG_100_4cycles,3761,2289
TACCGACCTGGAATAT-frozen_3T3_noPEG_100_4cycles,4214,2572
TAGGATAGATGCATCA-frozen_3T3_noPEG_100_4cycles,3728,2358
CCAGGCAACCAGTCTA-frozen_3T3_noPEG_100_4cycles,4032,2432
AGCTTCCACAAGTCTC-frozen_3T3_noPEG_100_4cycles,3871,2383
TGCGCAGACGACAAAT-frozen_3T3_noPEG_100_4cycles,4164,2538
GGTAGTTTGTGCTTGA-frozen_3T3_noPEG_100_4cycles,3250,2046
TTTGACGGATACCAAC-frozen_3T3_noPEG_100_4cycles,3310,2048
GGCGTAGCTAGGTGCA-frozen_3T3_noPEG_100_4cycles,3487,2102
TAGACCTGACGAATCT-frozen_3T3_noPEG_100_4cycles,3689,2300
GTCGCATCTCTTTGTT-frozen_3T3_noPEG_100_4cycles,4122,2427
AGCCCAGTGGCTAGAG-frozen_3T3_noPEG_100_4cycles,3108,1974
GTAAACAGATCATTGG-frozen_3T3_noPEG_100_4cycles,4050,2470
TCGAAGTACGGCCTGT-frozen_3T3_noPEG_100_4cycles,3891,2410
TGGAGTTACCTGTGCG-frozen_3T3_noPEG_100_4cycles,3857,2439
CTTAGGCCTGGCAGTA-frozen_3T3_noPEG_100_4cycles,4318,2616
ATTGTGTCTCTCATTT-frozen_3T3_noPEG_100_4cycles,3990,2474
ACTCCGTACCTTCAAG-frozen_3T3_noPEG_100_4cycles,3696,2279
CACATCCTGCGGTACC-frozen_3T3_noPEG_100_4cycles,3676,2250
CCAAGGAGAAAAGGTT-frozen_3T3_noPEG_100_4cycles,3825,2370
CACTATTTGCGATTAC-frozen_3T3_noPEG_100_4cycles,4001,2471
TCGACCTTGTGATCAC-frozen_3T3_noPEG_100_4cycles,4326,2635
CGTGTAATGTGGAACG-frozen_3T3_noPEG_100_4cycles,3549,2220
TACGTTTACTCAGGTT-frozen_3T3_noPEG_100_4cycles,4024,2482
TACGCCTTGAATCTGC-frozen_3T3_noPEG_100_4cycles,3814,2370
AGAGAATTGCAGGGTA-frozen_3T3_noPEG_100_4cycles,3888,2359
CGTGTACCTATGGCCC-frozen_3T3_noPEG_100_4cycles,4316,2617
CAGTGATTGGTTGGTT-frozen_3T3_noPEG_100_4cycles,3981,2465
GCATCACCTATACGCT-frozen_3T3_noPEG_100_4cycles,3985,2461
TGCGAATACGTTGACT-frozen_3T3_noPEG_100_4cycles,3895,2375
ACTTCCTCTGTTCTCC-frozen_3T3_noPEG_100_4cycles,3025,1906
GTTTCATTGTTGTACG-frozen_3T3_noPEG_100_4cycles,3949,2405
TGGAACACTGGAATAT-frozen_3T3_noPEG_100_4cycles,4098,2520
CAATCAGACCCTTTGC-frozen_3T3_noPEG_100_4cycles,3878,2401
TTGTTAGCTATGGCCC-frozen_3T3_noPEG_100_4cycles,2716,1696
CGACCTGGATGGCAAG-frozen_3T3_noPEG_100_4cycles,3881,2415
CTGCGACGATAGGCGA-frozen_3T3_noPEG_100_4cycles,4145,2493
CCCTGAACTAGCCCTG-frozen_3T3_noPEG_100_4cycles,4385,2648
CAGTGGAGAGGCCAAA-frozen_3T3_noPEG_100_4cycles,4050,2509
CCCATGTACAGGACCA-frozen_3T3_noPEG_100_4cycles,4119,2484
CGCTTAAGACAGATTC-frozen_3T3_noPEG_100_4cycles,3987,2444
ACACATCGAAAGCTAA-frozen_3T3_noPEG_100_4cycles,4270,2634
GCGTATATGGGGATTG-frozen_3T3_noPEG_100_4cycles,4341,2593
AGCGTATACGCTTCGG-frozen_3T3_noPEG_100_4cycles,3898,2418
TGTCCGTTGACACCGC-frozen_3T3_noPEG_100_4cycles,4033,2434
TGGTAGGGACCGCTAG-frozen_3T3_noPEG_100_4cycles,3091,1960
AAGTACCACCCAGCAC-frozen_3T3_noPEG_100_4cycles,4087,2467
CCTGCCTCTAAACATG-frozen_3T3_noPEG_100_4cycles,2968,1902
ATACCACGACCTATCC-frozen_3T3_noPEG_100_4cycles,4305,2603
AGCGCAAGAGACACCC-frozen_3T3_noPEG_100_4cycles,3537,2181
TGGGTTTGAAGGACAC-frozen_3T3_noPEG_100_4cycles,3809,2359
AAGTACCACCGAACGA-frozen_3T3_noPEG_100_4cycles,4329,2586
GGCTGCAACGGGATTG-frozen_3T3_noPEG_100_4cycles,4863,2836
AAATAGGTGATCATCG-frozen_3T3_noPEG_100_4cycles,3249,2082
GGATACTACCTCTGGG-frozen_3T3_noPEG_100_4cycles,3410,2245
CATCCGTACCGGGTAA-frozen_3T3_noPEG_100_4cycles,3888,2420
TGTACTGGATACCTGA-frozen_3T3_noPEG_100_4cycles,3434,2171
CGTTGCTTGAATCCAC-frozen_3T3_noPEG_100_4cycles,3792,2331
ATGGGTTACCTAACGT-frozen_3T3_noPEG_100_4cycles,3550,2242
TCTTGAGGAGAGAGGG-frozen_3T3_noPEG_100_4cycles,3583,2271
AGTAAGTGAAACGTTC-frozen_3T3_noPEG_100_4cycles,4154,2574
CTGAGCGTGTACTTTC-frozen_3T3_noPEG_100_4cycles,4035,2552
GTAAGGCGAAGGGAGG-frozen_3T3_noPEG_100_4cycles,3864,2393
GGGAGCTCTAGTGGTG-frozen_3T3_noPEG_100_4cycles,4063,2508
ATGCTCCTGTTAGCTG-frozen_3T3_noPEG_100_4cycles,4201,2612
CAAGGGAACAGCTTGT-frozen_3T3_noPEG_100_4cycles,4201,2581
TCCGTTGACATGTCCA-frozen_3T3_noPEG_100_4cycles,3759,2352
GCAACTTGAAGGTCCC-frozen_3T3_noPEG_100_4cycles,3513,2201
GGTATCTGAGAACAGC-frozen_3T3_noPEG_100_4cycles,3966,2353
GAAATGAACTAAGTAG-frozen_3T3_noPEG_100_4cycles,3141,2001
CCTTGGTACTAACGAA-frozen_3T3_noPEG_100_4cycles,3880,2455
ACGAGGATGTCGTAAC-frozen_3T3_noPEG_100_4cycles,3852,2349
CACCCATACCCAGCAC-frozen_3T3_noPEG_100_4cycles,3619,2208
CCTTCCAGAGAACCTT-frozen_3T3_noPEG_100_4cycles,4076,2432
CAGTAGTTGAATGCTC-frozen_3T3_noPEG_100_4cycles,3965,2423
GCGTCTTTGCTCATTT-frozen_3T3_noPEG_100_4cycles,3637,2237
GCATAGTACTGCATGT-frozen_3T3_noPEG_100_4cycles,3814,2430
AGTACGACTCCCGCAA-frozen_3T3_noPEG_100_4cycles,4056,2439
TATGCTTTGAGGACAC-frozen_3T3_noPEG_100_4cycles,3833,2421
TCCATATACGGCCTTG-frozen_3T3_noPEG_100_4cycles,3571,2185
CGAGTTAACGAATTGA-frozen_3T3_noPEG_100_4cycles,3671,2300
CTGTAACGATAATCGC-frozen_3T3_noPEG_100_4cycles,3678,2252
GGGCTGACTGTTAGAA-frozen_3T3_noPEG_100_4cycles,3871,2360
CATTAGTCTCCTAGCG-frozen_3T3_noPEG_100_4cycles,3522,2215
CAAAGGGACGTTGACT-frozen_3T3_noPEG_100_4cycles,4250,2561
TAGTACCGAACCAAGG-frozen_3T3_noPEG_100_4cycles,3530,2234
GTAGGTTTGCGACAAG-frozen_3T3_noPEG_100_4cycles,3631,2260
TTCGCCAACGACTCGC-frozen_3T3_noPEG_100_4cycles,3743,2293
AAGAACCCTTGCGGCT-frozen_3T3_noPEG_100_4cycles,3789,2350
CAATCAGTGTTCTCGC-frozen_3T3_noPEG_100_4cycles,3753,2279
GTGGTTAACGAAGGTC-frozen_3T3_noPEG_100_4cycles,3771,2401
ACGTGTTGACAGATTC-frozen_3T3_noPEG_100_4cycles,3156,1961
GAGAGCCCTTTACGAC-frozen_3T3_noPEG_100_4cycles,3843,2398
TAGACCTGATTCTGGA-frozen_3T3_noPEG_100_4cycles,3956,2406
TGCTAAGACGCGAGTA-frozen_3T3_noPEG_100_4cycles,4059,2477
CCGATTCACTGGTCCG-frozen_3T3_noPEG_100_4cycles,3950,2424
TCAACAGACAGGCGTA-frozen_3T3_noPEG_100_4cycles,3037,1983
CCAGGCAACCAGGCCT-frozen_3T3_noPEG_100_4cycles,3735,2255
CTGGTGGACGAATAAC-frozen_3T3_noPEG_100_4cycles,3719,2299
TTATGGTCTCGATGTT-frozen_3T3_noPEG_100_4cycles,3784,2402
CTGGCCAGAACCTGCG-frozen_3T3_noPEG_100_4cycles,3974,2379
CTACCTGTGGCTTCGG-frozen_3T3_noPEG_100_4cycles,3801,2339
TCCGACACTTCGACAT-frozen_3T3_noPEG_100_4cycles,3709,2280
TCAGGCTCTCAAGTTC-frozen_3T3_noPEG_100_4cycles,3554,2199
AGGAGGTTGGGTGCAA-frozen_3T3_noPEG_100_4cycles,3758,2333
CCACATCACCGAACGA-frozen_3T3_noPEG_100_4cycles,3538,2163
CATGGAGGATTCTCGC-frozen_3T3_noPEG_100_4cycles,3636,2197
GTGAAGGACTAACTCG-frozen_3T3_noPEG_100_4cycles,3373,2089
GCTTCTCGACGACATT-frozen_3T3_noPEG_100_4cycles,3492,2183
CAGAAACCTCGTGCAC-frozen_3T3_noPEG_100_4cycles,3305,2040
TTCGACCACCCACTTC-frozen_3T3_noPEG_100_4cycles,3819,2286
TAACGCATGCCTCGTT-frozen_3T3_noPEG_100_4cycles,3622,2262
CCTTCCAGAGACGCCT-frozen_3T3_noPEG_100_4cycles,3779,2272
CATGTTACTAGCCATT-frozen_3T3_noPEG_100_4cycles,3595,2177
CGCGTTGGAAAATCGA-frozen_3T3_noPEG_100_4cycles,3756,2305
TCTGAGCCTTCCGTAA-frozen_3T3_noPEG_100_4cycles,3173,1994
TGCCACTTGATGGCCC-frozen_3T3_noPEG_100_4cycles,3824,2374
TTGTCAACTCGTTAGT-frozen_3T3_noPEG_100_4cycles,2562,1635
CATTGGCCTCCATAAC-frozen_3T3_noPEG_100_4cycles,3007,1843
CAGCTGTCTAATCCAC-frozen_3T3_noPEG_100_4cycles,3028,1910
TACCCGTTGGCGAGTA-frozen_3T3_noPEG_100_4cycles,3699,2341
TTTGGGATGATTGCCA-frozen_3T3_noPEG_100_4cycles,3703,2285
TGAGGAGTGTGCTGGC-frozen_3T3_noPEG_100_4cycles,3624,2294
TACACAGACGGTGCAA-frozen_3T3_noPEG_100_4cycles,3296,2139
TGAGGTACTAGTTGAA-frozen_3T3_noPEG_100_4cycles,3599,2265
ACTTGCCTGTACGTTG-frozen_3T3_noPEG_100_4cycles,3789,2340
CTATCTATGGCACCCA-frozen_3T3_noPEG_100_4cycles,3136,2038
TGGAAGTCTTATCTGG-frozen_3T3_noPEG_100_4cycles,3477,2139
GCAATCATGCGACACC-frozen_3T3_noPEG_100_4cycles,2704,1656
GGCGCAACTTGGGCAA-frozen_3T3_noPEG_100_4cycles,3340,2114
AACTCACGAAGGACCA-frozen_3T3_noPEG_100_4cycles,3977,2381
GAGCGATGATGGCTTA-frozen_3T3_noPEG_100_4cycles,3648,2219
AGTACAAGAGCTCAGC-frozen_3T3_noPEG_100_4cycles,3568,2163
ATCTCTTGAACCGTGC-frozen_3T3_noPEG_100_4cycles,3257,2014
GGATACTACCTCCTAC-frozen_3T3_noPEG_100_4cycles,3441,2250
TTTCATCGAAGTAGGC-frozen_3T3_noPEG_100_4cycles,3002,1850
TCTGGCTTGTTCCATT-frozen_3T3_noPEG_100_4cycles,3238,2040
TCAGCGCGAAGGTGCA-frozen_3T3_noPEG_100_4cycles,3899,2385
GCATAGTACTGCAAGG-frozen_3T3_noPEG_100_4cycles,3361,2129
TCCTTCACTCAGCACC-frozen_3T3_noPEG_100_4cycles,3213,1988
TTTGGGAACCAGGCCT-frozen_3T3_noPEG_100_4cycles,3459,2176
TATGGGTACTAACTCG-frozen_3T3_noPEG_100_4cycles,3375,2111
CGCCCTTCTAACCAAA-frozen_3T3_noPEG_100_4cycles,3479,2021
GCCTAGTCTTGGCATT-frozen_3T3_noPEG_100_4cycles,2964,1850
TACCCGTTGGAAGGTC-frozen_3T3_noPEG_100_4cycles,2962,1841
TGGTTTGGATGTGCTA-frozen_3T3_noPEG_100_4cycles,3505,2156
CAAAGCTTGCTCTGGG-frozen_3T3_noPEG_100_4cycles,3171,1968
CTTTATGTGTTGCGTA-frozen_3T3_noPEG_100_4cycles,3653,2157
GGCGTGACTGCGCACT-frozen_3T3_noPEG_100_4cycles,3124,2022
CATGGATTGTGCTGTA-frozen_3T3_noPEG_100_4cycles,3300,2072
ACGAGGATGGCACGCT-frozen_3T3_noPEG_100_4cycles,3357,2172
GTCAACTGACTCCTAC-frozen_3T3_noPEG_100_4cycles,2519,1639
GTCTACCACGAATAGT-frozen_3T3_noPEG_100_4cycles,3272,2093
ATTACTCACAGACAAT-frozen_3T3_noPEG_100_4cycles,3037,1923
CCCACAGGAACCAGTT-frozen_3T3_noPEG_100_4cycles,3542,2171
GTTATGCGAAAGTAAC-frozen_3T3_noPEG_100_4cycles,3598,2236
GGATCCCGAGGACCTC-frozen_3T3_noPEG_100_4cycles,3299,2025
GGAAGAAGACCTACGG-frozen_3T3_noPEG_100_4cycles,3202,2017
ACACACTGACTTGAAC-frozen_3T3_noPEG_100_4cycles,3911,2336
TCCTTGGTGCCGGACT-frozen_3T3_noPEG_100_4cycles,2977,1914
AAGCCATTGGCAGGAT-frozen_3T3_noPEG_100_4cycles,3692,2228
ATCGGCGTGCATCTTT-frozen_3T3_noPEG_100_4cycles,2931,1842
GCAGGTCTGACCTGCG-frozen_3T3_noPEG_100_4cycles,2852,1788
CGAGGACCTACCATGT-frozen_3T3_noPEG_100_4cycles,3501,2191
CCTCTTGGACGGAATG-frozen_3T3_noPEG_100_4cycles,3578,2230
CTATGCCACGGCCATC-frozen_3T3_noPEG_100_4cycles,3358,2065
ATATTCGCTATAACCC-frozen_3T3_noPEG_100_4cycles,3364,2077
CGGTTCACTTGCTCAA-frozen_3T3_noPEG_100_4cycles,3256,2066
TGGACCTCTCAGTCTA-frozen_3T3_noPEG_100_4cycles,3413,2138
TTCCTAAACGAGAGGG-frozen_3T3_noPEG_100_4cycles,3417,2150
CGATGATTGGGTTTGT-frozen_3T3_noPEG_100_4cycles,3485,2166
CAACCCTACAACGTTC-frozen_3T3_noPEG_100_4cycles,3473,2128
ACTGGGCACCCACATA-frozen_3T3_noPEG_100_4cycles,3432,2103
CTGATTACTGGTTTGT-frozen_3T3_noPEG_100_4cycles,3019,1892
TGGATAGCTCGAACGA-frozen_3T3_noPEG_100_4cycles,3613,2263
CTTATGTTGTGGGCAA-frozen_3T3_noPEG_100_4cycles,3434,2111
TTGGCAAACTGTCACA-frozen_3T3_noPEG_100_4cycles,3393,2115
AAGTGGCGAGAGAGGG-frozen_3T3_noPEG_100_4cycles,2981,1940
GTGGTTAACTGGGCCT-frozen_3T3_noPEG_100_4cycles,3512,2192
GCCCTTAACGAGTGAC-frozen_3T3_noPEG_100_4cycles,3211,1975
AATGGTGCTACACCTA-frozen_3T3_noPEG_100_4cycles,3058,1970
TAACGCATGCATGATC-frozen_3T3_noPEG_100_4cycles,3063,1936
AACATCCGATGAGGCA-frozen_3T3_noPEG_100_4cycles,3068,1886
CTAATCACTTGACCTA-frozen_3T3_noPEG_100_4cycles,2544,1587
TGATAGAGATAAGTAG-frozen_3T3_noPEG_100_4cycles,2486,1612
GTCGTGGTGGTCGGTC-frozen_3T3_noPEG_100_4cycles,3331,2085
TTTACCATGGAGCTGA-frozen_3T3_noPEG_100_4cycles,3252,2042
GACGCACTGCGCTCGA-frozen_3T3_noPEG_100_4cycles,2858,1765
AAATGCGCTCCGTTAA-frozen_3T3_noPEG_100_4cycles,3120,1924
GGTATACTGCAGACCC-frozen_3T3_noPEG_100_4cycles,4068,2382
CAAGGGATGTCTGTGA-frozen_3T3_noPEG_100_4cycles,3576,2198
CATTGCGCTTAGCGAG-frozen_3T3_noPEG_100_4cycles,2921,1800
TACCAGTGAAACTAGA-frozen_3T3_noPEG_100_4cycles,3400,2054
CGTTGCACTTCTGGAT-frozen_3T3_noPEG_100_4cycles,3275,2010
ATGCCCGGACTCGATA-frozen_3T3_noPEG_100_4cycles,3729,2263
GCCTAAATGTCGAGAG-frozen_3T3_noPEG_100_4cycles,3552,2148
TAGAGCGGACTTGAAC-frozen_3T3_noPEG_100_4cycles,3448,2154
TTGGTATCTGCTTTGA-frozen_3T3_noPEG_100_4cycles,2543,1596
GTCACAAACTGCCACG-frozen_3T3_noPEG_100_4cycles,2670,1712
ATAGGAAACTGTGGGA-frozen_3T3_noPEG_100_4cycles,2636,1680
CCGTTGTACCCTTCCA-frozen_3T3_noPEG_100_4cycles,3314,2086
GCATGATACTGGTCCG-frozen_3T3_noPEG_100_4cycles,3355,2033
GGTAGTTTGCTAACGT-frozen_3T3_noPEG_100_4cycles,3333,2070
TGGACTATGTTCAGTG-frozen_3T3_noPEG_100_4cycles,2817,1774
CCTACGTACCGATGGA-frozen_3T3_noPEG_100_4cycles,2785,1808
ATGCAAAGATGCTGTA-frozen_3T3_noPEG_100_4cycles,2863,1810
TAAGCTGACGCTTCGG-frozen_3T3_noPEG_100_4cycles,3254,2009
ATCGCAAACCCGCTAG-frozen_3T3_noPEG_100_4cycles,3251,2051
AAAGTCAGAGACAAAT-frozen_3T3_noPEG_100_4cycles,3233,1996
AACTCCCTGCATGCGC-frozen_3T3_noPEG_100_4cycles,3082,1932
ACGGTTCCTTAACGAA-frozen_3T3_noPEG_100_4cycles,3327,2100
CCTGTTGACATTCGGT-frozen_3T3_noPEG_100_4cycles,2568,1589
CTAAGTCGAACGTGCC-frozen_3T3_noPEG_100_4cycles,2944,1829
AGCCAATTGCCTAGTA-frozen_3T3_noPEG_100_4cycles,3507,2139
TGTGGCTCTACCATGT-frozen_3T3_noPEG_100_4cycles,2634,1703
AGTGTGACTTTGACCA-frozen_3T3_noPEG_100_4cycles,3552,2140
GAAGTAATGAACCCGC-frozen_3T3_noPEG_100_4cycles,3372,2048
ACAGTTGACTCTGGAT-frozen_3T3_noPEG_100_4cycles,3247,2066
CTACATTACCTGCCAG-frozen_3T3_noPEG_100_4cycles,3193,2028
GTTGATTCTCGATGTT-frozen_3T3_noPEG_100_4cycles,2837,1834
GAATCAGCTGGAATTA-frozen_3T3_noPEG_100_4cycles,3365,2105
CGCACTTACGCTGAGA-frozen_3T3_noPEG_100_4cycles,2641,1678
CTCTATATGAAAGTAC-frozen_3T3_noPEG_100_4cycles,3631,2201
CCTCATGACAATCCAC-frozen_3T3_noPEG_100_4cycles,3656,2271
GATAAGAACGGTGCAA-frozen_3T3_noPEG_100_4cycles,3047,1947
TCAGGCTCTATCGGTT-frozen_3T3_noPEG_100_4cycles,3165,1929
TGGAAGTCTTAAGCAA-frozen_3T3_noPEG_100_4cycles,3217,1960
TTGATTCACCCGCTAG-frozen_3T3_noPEG_100_4cycles,2958,1879
ACACTCCACTTGCAGT-frozen_3T3_noPEG_100_4cycles,3217,1970
AAAGTCAGAGGGACTA-frozen_3T3_noPEG_100_4cycles,3103,1859
GTTGAGTTGTGGTCCG-frozen_3T3_noPEG_100_4cycles,2042,1299
TGCCAAATGCCGGACT-frozen_3T3_noPEG_100_4cycles,2483,1638
TAAGGCTTGAAGTAAC-frozen_3T3_noPEG_100_4cycles,3843,2257
CTTTCTGCTTAAGTAG-frozen_3T3_noPEG_100_4cycles,3327,2080
CTCTGGACTTAGCAGG-frozen_3T3_noPEG_100_4cycles,3153,1963
CCACATGCTACAACAA-frozen_3T3_noPEG_100_4cycles,3210,1923
ATCGGGCACCGAGTGA-frozen_3T3_noPEG_100_4cycles,2945,1854
TTCTTAGACCAGGGAT-frozen_3T3_noPEG_100_4cycles,2931,1862
TCCCAGACTTCTTTGT-frozen_3T3_noPEG_100_4cycles,2935,1857
GCCGAACTGTCCCAGG-frozen_3T3_noPEG_100_4cycles,2867,1797
CAAACCTGACAGCAAG-frozen_3T3_noPEG_100_4cycles,2046,1319
AAACGCTACAAGTCTC-frozen_3T3_noPEG_100_4cycles,2912,1810
AGATATGGAACCTAGT-frozen_3T3_noPEG_100_4cycles,3102,1940
TTCCGTCGATGACCTA-frozen_3T3_noPEG_100_4cycles,3044,1868
GTCGATAACTCGTCAA-frozen_3T3_noPEG_100_4cycles,3659,2191
CTACATTACAAATCGA-frozen_3T3_noPEG_100_4cycles,3150,1966
CAACACCCTCGACTAT-frozen_3T3_noPEG_100_4cycles,3645,2232
TATTGGTCTTGTTGTG-frozen_3T3_noPEG_100_4cycles,2779,1755
CTCTCTGGAGTCCCAG-frozen_3T3_noPEG_100_4cycles,2843,1787
CGAGAGATGCTGTGCG-frozen_3T3_noPEG_100_4cycles,3361,2070
TAAGTGCACTTCGTTT-frozen_3T3_noPEG_100_4cycles,3060,1883
TCGGCTTACCCACAAT-frozen_3T3_noPEG_100_4cycles,2886,1807
ACGTAGGGACGATTGT-frozen_3T3_noPEG_100_4cycles,2822,1781
TTCGATGGACCAGGCT-frozen_3T3_noPEG_100_4cycles,3457,2145
CGCGTTGGAGCGCAAA-frozen_3T3_noPEG_100_4cycles,3283,1956
TGCAGATACAACGCAG-frozen_3T3_noPEG_100_4cycles,2843,1771
TTGTCAACTGCTTTGA-frozen_3T3_noPEG_100_4cycles,2793,1688
GCACGACACGGCCAAA-frozen_3T3_noPEG_100_4cycles,3172,1944
TCGGCTTACACCTGCG-frozen_3T3_noPEG_100_4cycles,2941,1871
CAAGAAATGTCCCGTT-frozen_3T3_noPEG_100_4cycles,2973,1856
CCACAACCTTCCCGTT-frozen_3T3_noPEG_100_4cycles,3357,2011
GAATCAGCTGACTCGC-frozen_3T3_noPEG_100_4cycles,2602,1716
GGTCTGGACAGGCGTA-frozen_3T3_noPEG_100_4cycles,3476,2038
CAATGTGTGGGTGTCC-frozen_3T3_noPEG_100_4cycles,2824,1734
GAGACTTACGAATCTC-frozen_3T3_noPEG_100_4cycles,3018,1898
AGTACGTTGAGCCTAT-frozen_3T3_noPEG_100_4cycles,2752,1694
CGTACAAACTTGGTTG-frozen_3T3_noPEG_100_4cycles,2843,1780
TTCTCTCTGCTTGAAC-frozen_3T3_noPEG_100_4cycles,3211,1991
TTGCATTACCCTAGCG-frozen_3T3_noPEG_100_4cycles,3013,1924
TACCGCTACAGGTGCA-frozen_3T3_noPEG_100_4cycles,3222,2025
TTGATTCACTTCTGGA-frozen_3T3_noPEG_100_4cycles,2892,1845
CAATCGCCTAGTGAGC-frozen_3T3_noPEG_100_4cycles,2522,1577
TGCGCAGACAAAGGTT-frozen_3T3_noPEG_100_4cycles,3224,1947
AGCCTACCTGCTAGAG-frozen_3T3_noPEG_100_4cycles,2761,1738
GGCTGACTGAGGGAGG-frozen_3T3_noPEG_100_4cycles,3269,2027
ACTGGGCACCATGCGC-frozen_3T3_noPEG_100_4cycles,2894,1844
GTTCCCAACCCTAACA-frozen_3T3_noPEG_100_4cycles,3228,1979
CCGCAAGTGGTGGTGA-frozen_3T3_noPEG_100_4cycles,2661,1652
CGCTTCCCTACCTGCG-frozen_3T3_noPEG_100_4cycles,3231,1992
GGACATTTGCCATAAC-frozen_3T3_noPEG_100_4cycles,2907,1838
TCCGTTGTGCTGGCAC-frozen_3T3_noPEG_100_4cycles,2590,1618
TGGACCCGATTCTGGA-frozen_3T3_noPEG_100_4cycles,3135,1935
ACTTATCTGCCGGCTA-frozen_3T3_noPEG_100_4cycles,3351,2081
CCAGGCAACCTCCTAC-frozen_3T3_noPEG_100_4cycles,2794,1741
ACGCTCTTGCAATGAA-frozen_3T3_noPEG_100_4cycles,2990,1872
TGCTCGACTCAACGCC-frozen_3T3_noPEG_100_4cycles,2771,1784
TCTTTCAGAAGGCGTA-frozen_3T3_noPEG_100_4cycles,3375,2047
GCGAAGCCTAACGTAA-frozen_3T3_noPEG_100_4cycles,2769,1735
CCAAGTTGAATCAGGG-frozen_3T3_noPEG_100_4cycles,2670,1653
TATTCAGCTTACAGAA-frozen_3T3_noPEG_100_4cycles,1648,1084
TGGTTAGACCGAGTTT-frozen_3T3_noPEG_100_4cycles,3160,1954
CACAGCGTGTTCTGGA-frozen_3T3_noPEG_100_4cycles,3353,2060
CCTGCTATGTGGCATT-frozen_3T3_noPEG_100_4cycles,3201,2015
GTAGAGCGAGGTGTCC-frozen_3T3_noPEG_100_4cycles,3131,1916
TGGACCTCTGGTGCAA-frozen_3T3_noPEG_100_4cycles,2477,1561
CTTCGCCCTGAACCTT-frozen_3T3_noPEG_100_4cycles,3011,1896
AGAACAATGTCGTAAC-frozen_3T3_noPEG_100_4cycles,3299,1978
TAAGGCTTGCTTAGTG-frozen_3T3_noPEG_100_4cycles,3081,1865
CAATAGAGAAGGGCTA-frozen_3T3_noPEG_100_4cycles,3063,1945
GCAGTATTGGTCCCGA-frozen_3T3_noPEG_100_4cycles,3294,2035
TGACTTGGATATTGCG-frozen_3T3_noPEG_100_4cycles,3068,1880
CAACGCGTGAAATCGA-frozen_3T3_noPEG_100_4cycles,2590,1622
AAGCATCACTAAAGCA-frozen_3T3_noPEG_100_4cycles,2760,1779
GCCATAATGCATCTTT-frozen_3T3_noPEG_100_4cycles,3045,1885
TACCTCTCTGATTAAG-frozen_3T3_noPEG_100_4cycles,2864,1797
ATAAGACGATCCAATG-frozen_3T3_noPEG_100_4cycles,2480,1543
GACGCGACTCTCACGG-frozen_3T3_noPEG_100_4cycles,2925,1832
AGATACGCTGCTACGC-frozen_3T3_noPEG_100_4cycles,2662,1723
AATCGGACTAGTACGG-frozen_3T3_noPEG_100_4cycles,2223,1439
TCTGAACGAACCTGCG-frozen_3T3_noPEG_100_4cycles,2902,1814
TCAAAGGCTTGGTGAG-frozen_3T3_noPEG_100_4cycles,3054,1891
ACTCTAGGACTCTGGG-frozen_3T3_noPEG_100_4cycles,2674,1729
GTCCGTTACTACAGCT-frozen_3T3_noPEG_100_4cycles,2908,1813
CCTGATCACTCTGTAG-frozen_3T3_noPEG_100_4cycles,2916,1847
CAACAACACGCCGCTA-frozen_3T3_noPEG_100_4cycles,3129,1939
GGCTGACTGTCGTAAC-frozen_3T3_noPEG_100_4cycles,3147,1880
AATCAGCTGGGCAGTA-frozen_3T3_noPEG_100_4cycles,2511,1618
CCCATTTCTAGTCTAC-frozen_3T3_noPEG_100_4cycles,3271,1953
CAAAGAATGAATCTGC-frozen_3T3_noPEG_100_4cycles,2982,1800
AGGGTTTACAACCAAA-frozen_3T3_noPEG_100_4cycles,1989,1261
GGTGTAACTTTACGAC-frozen_3T3_noPEG_100_4cycles,2741,1700
CCGCTATTGTAAGTAG-frozen_3T3_noPEG_100_4cycles,2797,1766
TGTTTGTTGGACAAAT-frozen_3T3_noPEG_100_4cycles,2046,1341
TTGTTTGTGATCCTTT-frozen_3T3_noPEG_100_4cycles,3120,1960
CCTTACTCTGTTAGTC-frozen_3T3_noPEG_100_4cycles,2684,1710
TCCGTAAGAGAACGTG-frozen_3T3_noPEG_100_4cycles,2620,1680
ATCCCGACTCATGATC-frozen_3T3_noPEG_100_4cycles,2655,1675
ACTCGGGACTAGACAA-frozen_3T3_noPEG_100_4cycles,2869,1807
GTGGTAACTGAACATA-frozen_3T3_noPEG_100_4cycles,3290,2023
CAGAAACCTTGCTTGA-frozen_3T3_noPEG_100_4cycles,2892,1803
GAAAGTCCTGCGCACT-frozen_3T3_noPEG_100_4cycles,2920,1858
TCACACAGAAACCAAA-frozen_3T3_noPEG_100_4cycles,2773,1745
ACAGACTACGAGCCTC-frozen_3T3_noPEG_100_4cycles,1718,1107
TAGAGCGGACCATAAC-frozen_3T3_noPEG_100_4cycles,3247,1979
ACTTCATACTGCATGT-frozen_3T3_noPEG_100_4cycles,2825,1775
GGCACTGACTGTTGTG-frozen_3T3_noPEG_100_4cycles,2996,1863
GTAGTTGACCGCCACA-frozen_3T3_noPEG_100_4cycles,2948,1814
GCGGCAACTTCATGCA-frozen_3T3_noPEG_100_4cycles,2691,1684
AAGAATGTGTAATAGG-frozen_3T3_noPEG_100_4cycles,2283,1464
CAGACTCCTGGTTTGT-frozen_3T3_noPEG_100_4cycles,2527,1565
ACCGGAGCTGTTAGAA-frozen_3T3_noPEG_100_4cycles,2616,1599
GGACACCTGCGATTGT-frozen_3T3_noPEG_100_4cycles,2761,1734
TGTACGATGAAGTTAG-frozen_3T3_noPEG_100_4cycles,2759,1750
ATCGTTTACATGGCCC-frozen_3T3_noPEG_100_4cycles,3017,1916
TCTTTCAGAGTTAGGG-frozen_3T3_noPEG_100_4cycles,2495,1614
GTAAACAGAGAGCTGA-frozen_3T3_noPEG_100_4cycles,2857,1768
TCTATGGGAAGGCATG-frozen_3T3_noPEG_100_4cycles,2690,1731
TTACTGGGACAGTCTA-frozen_3T3_noPEG_100_4cycles,2739,1679
TGGACATACTTGTACG-frozen_3T3_noPEG_100_4cycles,2342,1491
CGTGTCTTGTTGTTTC-frozen_3T3_noPEG_100_4cycles,2611,1562
TTTCGGCTGGTTAGTC-frozen_3T3_noPEG_100_4cycles,2950,1830
ACGAACTTGGCTACGC-frozen_3T3_noPEG_100_4cycles,3205,1954
CGATCAAACTCTGCAA-frozen_3T3_noPEG_100_4cycles,2723,1730
TTAGACCGAGTCTTGA-frozen_3T3_noPEG_100_4cycles,2973,1857
GTTCTTCCTTGCCACG-frozen_3T3_noPEG_100_4cycles,1945,1256
ATCGGGCACTTGGTTG-frozen_3T3_noPEG_100_4cycles,2843,1749
TCGACTCTGCGACAAG-frozen_3T3_noPEG_100_4cycles,2658,1693
AAGCCTAACCGAGGAT-frozen_3T3_noPEG_100_4cycles,2602,1646
GCTTCGGGAATCATCG-frozen_3T3_noPEG_100_4cycles,2727,1689
TCAGACCCTTGTGCTA-frozen_3T3_noPEG_100_4cycles,2712,1735
ATGATGCACCTGGAAG-frozen_3T3_noPEG_100_4cycles,3028,1880
AGCTATCGAGGTGTCC-frozen_3T3_noPEG_100_4cycles,2779,1731
GTATGAAGAATGTCCA-frozen_3T3_noPEG_100_4cycles,3282,2028
CATGCAAACAACTAGA-frozen_3T3_noPEG_100_4cycles,2596,1632
ATCGAGACTCTTAAGC-frozen_3T3_noPEG_100_4cycles,2519,1615
CTTTATGTGACCAAGG-frozen_3T3_noPEG_100_4cycles,3073,1879
CGGTCTACTAATCCGT-frozen_3T3_noPEG_100_4cycles,2454,1531
GAACTAGCTGAGTAAT-frozen_3T3_noPEG_100_4cycles,2588,1642
GGACCACTGCAATGAA-frozen_3T3_noPEG_100_4cycles,2665,1698
TGTGTTACTCATGCTA-frozen_3T3_noPEG_100_4cycles,2190,1416
CAACGAACTCGATGGA-frozen_3T3_noPEG_100_4cycles,3002,1827
TCAGACCCTCCTCAAA-frozen_3T3_noPEG_100_4cycles,2591,1662
AATGGGTCTGGTGCAA-frozen_3T3_noPEG_100_4cycles,2903,1823
AGGGACCCTAAGTCTC-frozen_3T3_noPEG_100_4cycles,2223,1397
GCGAGAATGATCGGTT-frozen_3T3_noPEG_100_4cycles,2511,1597
CAGCTCACTGAACCTT-frozen_3T3_noPEG_100_4cycles,2557,1630
GATAGGTCTCAAGGTG-frozen_3T3_noPEG_100_4cycles,2336,1536
TCTTGAGGACCTGCGA-frozen_3T3_noPEG_100_4cycles,2247,1462
GCCTCTTGACATGATC-frozen_3T3_noPEG_100_4cycles,2703,1626
ATCGCAATGAAGACAT-frozen_3T3_noPEG_100_4cycles,2821,1734
CGGTCGATGTCGTAAC-frozen_3T3_noPEG_100_4cycles,2141,1381
TGTCCCATGCCATGTA-frozen_3T3_noPEG_100_4cycles,2833,1810
TGAGACTTGCCAGAGA-frozen_3T3_noPEG_100_4cycles,2725,1732
CGTAGCGACGCACGCT-frozen_3T3_noPEG_100_4cycles,2048,1280
CCAGGACTGGAAGGTC-frozen_3T3_noPEG_100_4cycles,3023,1873
AAAGGATACCTGGAAG-frozen_3T3_noPEG_100_4cycles,1740,1140
GGGATTGGACGATGTT-frozen_3T3_noPEG_100_4cycles,2652,1669
CAACTGAACTAGGTTC-frozen_3T3_noPEG_100_4cycles,2129,1351
ACCTCACACTACCTGA-frozen_3T3_noPEG_100_4cycles,1333,871
CTCCTAGTGTCGAGAG-frozen_3T3_noPEG_100_4cycles,2847,1810
CGACCTACTTCATTTC-frozen_3T3_noPEG_100_4cycles,2464,1510
GCTATACGACAATGAA-frozen_3T3_noPEG_100_4cycles,2491,1572
ACAAGACCTGCCCTGA-frozen_3T3_noPEG_100_4cycles,2720,1697
TTGGCAAACGCTCTTC-frozen_3T3_noPEG_100_4cycles,2512,1583
ATAGATGGATCGTCAA-frozen_3T3_noPEG_100_4cycles,2802,1737
ATTTAGCCTACGTAAA-frozen_3T3_noPEG_100_4cycles,2544,1592
TAGAGCGGAATAGCAA-frozen_3T3_noPEG_100_4cycles,2656,1667
AACACTCGACGCACTG-frozen_3T3_noPEG_100_4cycles,1934,1248
CTAACAGTGCCACTTC-frozen_3T3_noPEG_100_4cycles,2876,1730
CAACCCTACTTATGGC-frozen_3T3_noPEG_100_4cycles,2926,1806
GTCTCGTACAGGTGAC-frozen_3T3_noPEG_100_4cycles,1277,842
AATGGCTACATCACAC-frozen_3T3_noPEG_100_4cycles,2336,1452
CTCGAACCTGCGCTGT-frozen_3T3_noPEG_100_4cycles,2969,1820
CTCTCTGGAGGTGCAA-frozen_3T3_noPEG_100_4cycles,2696,1614
AACACACACAGTGAGC-frozen_3T3_noPEG_100_4cycles,2703,1725
ATCTTACTGGCGCAAA-frozen_3T3_noPEG_100_4cycles,2698,1647
AACGAACCTGCTCAGC-frozen_3T3_noPEG_100_4cycles,3003,1807
CGATACAACGGTGTCC-frozen_3T3_noPEG_100_4cycles,2565,1636
CGAGTCTCTCCCGCAA-frozen_3T3_noPEG_100_4cycles,2893,1795
TCGTATACTCATCCTC-frozen_3T3_noPEG_100_4cycles,2028,1311
GCTTACCACAGTCTGT-frozen_3T3_noPEG_100_4cycles,2524,1643
CCGTTCTGATCGCTAA-frozen_3T3_noPEG_100_4cycles,2366,1500
TTAGCCAGAGAATAAC-frozen_3T3_noPEG_100_4cycles,2385,1461
AGTGCATTGGGTATGG-frozen_3T3_noPEG_100_4cycles,1799,1147
TAATGGGCTGTCTTGA-frozen_3T3_noPEG_100_4cycles,3104,1893
AGCAGAGACGAACGTG-frozen_3T3_noPEG_100_4cycles,2570,1608
TACTGTACTAAACTGA-frozen_3T3_noPEG_100_4cycles,2579,1646
TCGGCTTACCCATAAC-frozen_3T3_noPEG_100_4cycles,2407,1544
GGACGCTTGTCCCAGG-frozen_3T3_noPEG_100_4cycles,2303,1451
CAAGGGTGAGCTGGCT-frozen_3T3_noPEG_100_4cycles,2796,1745
TCCCAGACTTCTGGGC-frozen_3T3_noPEG_100_4cycles,2374,1487
ACTCGGGACACAGGTG-frozen_3T3_noPEG_100_4cycles,2548,1614
GCAGACGCTCGACAAG-frozen_3T3_noPEG_100_4cycles,2384,1487
CATTACACTGAGTGAC-frozen_3T3_noPEG_100_4cycles,2610,1656
CACACCACTTGCTGTA-frozen_3T3_noPEG_100_4cycles,2573,1624
GGCGACACTTCGTAGT-frozen_3T3_noPEG_100_4cycles,1194,763
AATCACCGACAGATTC-frozen_3T3_noPEG_100_4cycles,1723,1135
GTGTACTGAGCTGAGA-frozen_3T3_noPEG_100_4cycles,2415,1504
GTTCTTCCTAGTGGTG-frozen_3T3_noPEG_100_4cycles,2232,1473
CTCTGGACTGTTGGTT-frozen_3T3_noPEG_100_4cycles,2452,1573
TCGCCGAGACGGCTCA-frozen_3T3_noPEG_100_4cycles,2407,1508
ATCGAGTTGATCAGCT-frozen_3T3_noPEG_100_4cycles,2443,1558
ATCTGTACTGTTTGGT-frozen_3T3_noPEG_100_4cycles,2400,1534
CGTCTTGACCATGCTA-frozen_3T3_noPEG_100_4cycles,1870,1179
GTACATCGAGCCAGCT-frozen_3T3_noPEG_100_4cycles,2273,1388
CGTCTTGACCAATGAA-frozen_3T3_noPEG_100_4cycles,2837,1742
TCCATATACTAACGGG-frozen_3T3_noPEG_100_4cycles,2766,1683
TCGTTCGTGGGCCATC-frozen_3T3_noPEG_100_4cycles,1770,1090
ACCTGCTACTCTGGGC-frozen_3T3_noPEG_100_4cycles,2629,1642
CAATCAGACATGTCCA-frozen_3T3_noPEG_100_4cycles,2608,1648
CTTCCTACTGAACATA-frozen_3T3_noPEG_100_4cycles,2444,1584
AGACCATTGAGGCATG-frozen_3T3_noPEG_100_4cycles,1941,1252
GGGAGAACTTCTGCAA-frozen_3T3_noPEG_100_4cycles,2623,1641
AGAACATGAAGCCATT-frozen_3T3_noPEG_100_4cycles,1674,1078
TCCTTAATGCCTTCCA-frozen_3T3_noPEG_100_4cycles,2466,1561
TCCTCATCTTCGTCCT-frozen_3T3_noPEG_100_4cycles,2248,1444
TCCTTCACTAACCCGC-frozen_3T3_noPEG_100_4cycles,2700,1677
TTGTAACCTCAAGTAA-frozen_3T3_noPEG_100_4cycles,2568,1645
GAACCATACAGGGCTA-frozen_3T3_noPEG_100_4cycles,2344,1481
TAATGAGGACTGGGTC-frozen_3T3_noPEG_100_4cycles,2670,1681
AAACATGGAAGCGCTC-frozen_3T3_noPEG_100_4cycles,2193,1361
AAGAATGTGGATCATC-frozen_3T3_noPEG_100_4cycles,2860,1777
AAACGAAACATTGCCA-frozen_3T3_noPEG_100_4cycles,2444,1516
GCATGATACAACGTAA-frozen_3T3_noPEG_100_4cycles,2368,1461
GGTTCAATGTCCCGTT-frozen_3T3_noPEG_100_4cycles,2469,1561
TTCTAGACTAGTACGG-frozen_3T3_noPEG_100_4cycles,2308,1484
GGTTGGAGAGCTAATC-frozen_3T3_noPEG_100_4cycles,2618,1609
GTTATGCGATGGCTGC-frozen_3T3_noPEG_100_4cycles,2115,1300
TTATCGACTCTGGGTC-frozen_3T3_noPEG_100_4cycles,2658,1703
GCCCTTAACCAGTCCG-frozen_3T3_noPEG_100_4cycles,1857,1241
CAAGGGTGAGCGGTTC-frozen_3T3_noPEG_100_4cycles,2392,1518
CAACTGAACGTTGACT-frozen_3T3_noPEG_100_4cycles,2322,1470
GCGAGCACTCGAGGAT-frozen_3T3_noPEG_100_4cycles,2094,1319
GGGTGAATGCGTACAT-frozen_3T3_noPEG_100_4cycles,2384,1504
CCAAGTTGATGGAACG-frozen_3T3_noPEG_100_4cycles,1954,1212
ACTAACGTGCGTTAGT-frozen_3T3_noPEG_100_4cycles,2415,1551
CCTACGTACTGGAACG-frozen_3T3_noPEG_100_4cycles,2524,1610
CAAGATAGATTTGTCT-frozen_3T3_noPEG_100_4cycles,2528,1562
TGTTCTCCTTCTGTGA-frozen_3T3_noPEG_100_4cycles,2402,1521
ACAAAGAACTGGAACG-frozen_3T3_noPEG_100_4cycles,2355,1489
TGCCGTGGACTGGCAC-frozen_3T3_noPEG_100_4cycles,2280,1480
GCACAATTGTCGCAGC-frozen_3T3_noPEG_100_4cycles,2571,1576
TACATTGCTTTGACCA-frozen_3T3_noPEG_100_4cycles,2412,1527
GGTCTAAACCTGCGGT-frozen_3T3_noPEG_100_4cycles,2421,1578
CCTTGGTACATCCTTT-frozen_3T3_noPEG_100_4cycles,2535,1567
TATCCATACACCGTTA-frozen_3T3_noPEG_100_4cycles,2388,1523
ACTGTGATGTCTGTAG-frozen_3T3_noPEG_100_4cycles,2162,1378
CATTCAACTTAGCAGG-frozen_3T3_noPEG_100_4cycles,2123,1363
AACAATGGAGTCCCGA-frozen_3T3_noPEG_100_4cycles,1601,1036
CGCAATCCTCTGGGTC-frozen_3T3_noPEG_100_4cycles,2507,1581
GGACGAATGGACAAAT-frozen_3T3_noPEG_100_4cycles,2253,1420
TTCTAGTTGTGCGCCA-frozen_3T3_noPEG_100_4cycles,2318,1422
CATCAGAACGGCCTGT-frozen_3T3_noPEG_100_4cycles,2496,1573
GCTAAGACTAGTACGG-frozen_3T3_noPEG_100_4cycles,2351,1471
GGCACACACAGATTCC-frozen_3T3_noPEG_100_4cycles,2167,1405
ATGTACGTGAGTCTGT-frozen_3T3_noPEG_100_4cycles,1905,1209
TAAACGCACTGCGCCA-frozen_3T3_noPEG_100_4cycles,2287,1439
CACAGCGTGTTGCAGT-frozen_3T3_noPEG_100_4cycles,2115,1353
TCCGAGCGACATGCAT-frozen_3T3_noPEG_100_4cycles,2439,1562
AACGAGGTGTCGCTAA-frozen_3T3_noPEG_100_4cycles,2484,1532
TTTACCAACGGCCTTG-frozen_3T3_noPEG_100_4cycles,2080,1288
ATAAGACGATCTGTAG-frozen_3T3_noPEG_100_4cycles,2787,1672
ACCGTGTCTCGAAGCA-frozen_3T3_noPEG_100_4cycles,2664,1631
CGGAATTTGAGCTTGT-frozen_3T3_noPEG_100_4cycles,2160,1352
ACCTATGGACGAACGA-frozen_3T3_noPEG_100_4cycles,2072,1331
TTGCTAACTTGCTACA-frozen_3T3_noPEG_100_4cycles,2182,1403
CGAAATAGAGAACCTT-frozen_3T3_noPEG_100_4cycles,2058,1334
TCGATGATGTACGTTG-frozen_3T3_noPEG_100_4cycles,2140,1375
TGCTGCTACCCGTTAA-frozen_3T3_noPEG_100_4cycles,2178,1431
CGTACAAACCTCTGGG-frozen_3T3_noPEG_100_4cycles,1663,1080
CAAGAGTCTGTACACT-frozen_3T3_noPEG_100_4cycles,2301,1412
ACCTCCAACTTATGGC-frozen_3T3_noPEG_100_4cycles,1937,1237
ATCAAGCACCCTAGCG-frozen_3T3_noPEG_100_4cycles,2022,1351
TGCCGTTACTATGACC-frozen_3T3_noPEG_100_4cycles,2480,1536
TGCATGCCTTCTGGAT-frozen_3T3_noPEG_100_4cycles,2192,1384
GTACTCAGAACTCGAT-frozen_3T3_noPEG_100_4cycles,1791,1168
AAACAACGAGCTTTGA-frozen_3T3_noPEG_100_4cycles,2204,1417
TGTACGATGCACCTAA-frozen_3T3_noPEG_100_4cycles,2217,1380
GGTATACTGCAGGCCT-frozen_3T3_noPEG_100_4cycles,1963,1277
GGGTAGAACCGATTCA-frozen_3T3_noPEG_100_4cycles,2299,1435
CCTGTTGACGTCCCGA-frozen_3T3_noPEG_100_4cycles,2562,1584
TCGTGAATGTAACTCG-frozen_3T3_noPEG_100_4cycles,1807,1186
TAAGGCTTGTAGACAA-frozen_3T3_noPEG_100_4cycles,1792,1155
ACGCAGAGATTGACAC-frozen_3T3_noPEG_100_4cycles,2416,1468
AAGACCTACCAGGGTA-frozen_3T3_noPEG_100_4cycles,2177,1388
TCCGTAAGATCTGCAA-frozen_3T3_noPEG_100_4cycles,2328,1449
TTTCTCGCTTATCTGG-frozen_3T3_noPEG_100_4cycles,2273,1484
TAATGGGCTTGATGAA-frozen_3T3_noPEG_100_4cycles,1765,1162
ACTCGCTACAGTGAGC-frozen_3T3_noPEG_100_4cycles,1351,823
GGGAGAACTTAACCCA-frozen_3T3_noPEG_100_4cycles,2163,1357
ACCTCCATGGAAGGCT-frozen_3T3_noPEG_100_4cycles,2185,1389
ACTGGGCACCAGCACC-frozen_3T3_noPEG_100_4cycles,2238,1431
CCAACACCTTTGGTTG-frozen_3T3_noPEG_100_4cycles,2094,1329
ATAGATGGAACCTTGA-frozen_3T3_noPEG_100_4cycles,2547,1608
TCAAAGCACAAGGTGC-frozen_3T3_noPEG_100_4cycles,2346,1442
GTCTACAGACAGACCC-frozen_3T3_noPEG_100_4cycles,2174,1364
GGACGAATGTAATAGG-frozen_3T3_noPEG_100_4cycles,2056,1296
GGCGTACACTTACGAC-frozen_3T3_noPEG_100_4cycles,2269,1455
GTTGACTGACTGTACA-frozen_3T3_noPEG_100_4cycles,2077,1350
CATCCGTACGCAGTTT-frozen_3T3_noPEG_100_4cycles,1735,1134
GCTTCTCGAATAACCC-frozen_3T3_noPEG_100_4cycles,1957,1250
CGGATGAGAAGTACGG-frozen_3T3_noPEG_100_4cycles,2290,1413
AGGCATTACTCGAGAG-frozen_3T3_noPEG_100_4cycles,2111,1338
CAATCAGTGTTACGCA-frozen_3T3_noPEG_100_4cycles,2137,1331
TAACTCACTTTCGCAA-frozen_3T3_noPEG_100_4cycles,2062,1322
TCGGCTTACGGCCATC-frozen_3T3_noPEG_100_4cycles,1701,1086
AAGTTTCCTAAAGCTA-frozen_3T3_noPEG_100_4cycles,971,642
GGTTGAACTGCCCAAC-frozen_3T3_noPEG_100_4cycles,2354,1457
GAACTAGCTTAGGAGC-frozen_3T3_noPEG_100_4cycles,2266,1435
GATAGGTCTGAACGTG-frozen_3T3_noPEG_100_4cycles,1432,959
TGTCGCTTGTCGCAGC-frozen_3T3_noPEG_100_4cycles,2540,1577
AAAGATCGATCTGCAA-frozen_3T3_noPEG_100_4cycles,2166,1396
CTACCTCGACGATCGC-frozen_3T3_noPEG_100_4cycles,1487,924
ATAGGGTCTGGCATTT-frozen_3T3_noPEG_100_4cycles,1834,1138
ATTGCTACTGGGTAGT-frozen_3T3_noPEG_100_4cycles,2194,1402
AGAGACCGATTGCGCG-frozen_3T3_noPEG_100_4cycles,2122,1366
GCCATAATGGATCATC-frozen_3T3_noPEG_100_4cycles,1410,903
CAACACCCTACAGGTG-frozen_3T3_noPEG_100_4cycles,1835,1192
TATCACTACCGAAGCA-frozen_3T3_noPEG_100_4cycles,2193,1382
TTCCCAGACTTGCGCG-frozen_3T3_noPEG_100_4cycles,2010,1279
AGGCGATGATCGTAGT-frozen_3T3_noPEG_100_4cycles,2136,1334
GCTTCTGACCGAAAGC-frozen_3T3_noPEG_100_4cycles,2123,1368
GCCATTCACGCTGAGA-frozen_3T3_noPEG_100_4cycles,2067,1311
TACAACCGAGGCCTGT-frozen_3T3_noPEG_100_4cycles,2144,1292
GGCTTAAACTTGGTTG-frozen_3T3_noPEG_100_4cycles,1933,1223
CCATGCTACCCTAGTA-frozen_3T3_noPEG_100_4cycles,2070,1331
TGAGCCCGAATGAATG-frozen_3T3_noPEG_100_4cycles,1968,1280
TTCAGTTACCGCACTG-frozen_3T3_noPEG_100_4cycles,2201,1407
CAAGCAACTTTCAGTG-frozen_3T3_noPEG_100_4cycles,2073,1289
TACCTGCTGAATCCTG-frozen_3T3_noPEG_100_4cycles,1915,1197
CACCGTTACTTTCTTG-frozen_3T3_noPEG_100_4cycles,1802,1152
GCTATCCTGAAGGTGC-frozen_3T3_noPEG_100_4cycles,1920,1223
GTGCTCACTTCTGGAT-frozen_3T3_noPEG_100_4cycles,1545,1038
GAACTAGCTCGAGGAT-frozen_3T3_noPEG_100_4cycles,2031,1341
GTTATCACTAGTGGTG-frozen_3T3_noPEG_100_4cycles,2111,1337
TCAGTCCACTACAGAA-frozen_3T3_noPEG_100_4cycles,2125,1371
GTCTGGCGATCGTACA-frozen_3T3_noPEG_100_4cycles,2020,1263
GAGAGGTTGCGCAAAG-frozen_3T3_noPEG_100_4cycles,1979,1306
CGTTACCTGTGGGCCT-frozen_3T3_noPEG_100_4cycles,2133,1328
TAGGATAGACTGTACA-frozen_3T3_noPEG_100_4cycles,2013,1273
TTTACGTACGGCAGTA-frozen_3T3_noPEG_100_4cycles,1710,1113
GGCTTACCTCCGGCTA-frozen_3T3_noPEG_100_4cycles,2019,1261
AGACCATTGTTGCGCG-frozen_3T3_noPEG_100_4cycles,1853,1255
CTCAATTTGGGCAGTA-frozen_3T3_noPEG_100_4cycles,2396,1445
TACATTCACGGGTTCC-frozen_3T3_noPEG_100_4cycles,2068,1302
TCAAGCAACCCTGCGA-frozen_3T3_noPEG_100_4cycles,1915,1230
AGCCGAGCTGAATGTA-frozen_3T3_noPEG_100_4cycles,1967,1244
GGTAAGCGACTTTGTT-frozen_3T3_noPEG_100_4cycles,2151,1307
ACCGTGTCTATTAAGG-frozen_3T3_noPEG_100_4cycles,2080,1321
ATACATCCTGCGGTAA-frozen_3T3_noPEG_100_4cycles,2071,1313
GCTAGATACCGTTAGT-frozen_3T3_noPEG_100_4cycles,2509,1539
GTTCTGGCTCTTCACC-frozen_3T3_noPEG_100_4cycles,1704,1059
TAGTCGCCTTGAGTAA-frozen_3T3_noPEG_100_4cycles,2082,1312
CTTCTAAACTTGCGTA-frozen_3T3_noPEG_100_4cycles,2292,1466
TGAGGGATGCGAAGCA-frozen_3T3_noPEG_100_4cycles,2223,1416
CAGTCGTCTCTTCAAG-frozen_3T3_noPEG_100_4cycles,2296,1415
TTGTTTGACCTGGAAG-frozen_3T3_noPEG_100_4cycles,2355,1451
GAGAGCCCTGACAAAT-frozen_3T3_noPEG_100_4cycles,2224,1439
GCTCCTAACGGGTTCC-frozen_3T3_noPEG_100_4cycles,1821,1156
TCCCAGACTACCTGCG-frozen_3T3_noPEG_100_4cycles,1999,1284
AGTAGAAACGACTCGC-frozen_3T3_noPEG_100_4cycles,1929,1206
CGTGAATACAATCTGC-frozen_3T3_noPEG_100_4cycles,2091,1312
TGAGAACCTGACTCGC-frozen_3T3_noPEG_100_4cycles,2009,1261
GAACTAGCTTCAATGC-frozen_3T3_noPEG_100_4cycles,2168,1348
GCCCTTAACCCTGAGC-frozen_3T3_noPEG_100_4cycles,1903,1210
TTCCAAACTCATTCAG-frozen_3T3_noPEG_100_4cycles,2308,1443
GTTCGGCGAGGAGTCA-frozen_3T3_noPEG_100_4cycles,1692,1093
GGCTCAGACCCTCAAA-frozen_3T3_noPEG_100_4cycles,1358,830
CATTCAACTACCAAGG-frozen_3T3_noPEG_100_4cycles,1916,1230
AGAATCCACATAGGTA-frozen_3T3_noPEG_100_4cycles,1796,1152
GTACTGCCTTTCCATT-frozen_3T3_noPEG_100_4cycles,2208,1381
CGCTTAAGAGAGTGAC-frozen_3T3_noPEG_100_4cycles,1785,1129
CTATCTATGGCCGTTG-frozen_3T3_noPEG_100_4cycles,1647,1061
CTCGGTTACACCAGTT-frozen_3T3_noPEG_100_4cycles,2139,1357
TGGATCCCTCGATTGT-frozen_3T3_noPEG_100_4cycles,1989,1285
CCTTCTTTGAGCAAGC-frozen_3T3_noPEG_100_4cycles,1578,1009
TACCCGGGAAAGGTGC-frozen_3T3_noPEG_100_4cycles,2130,1358
CTCGAACCTATCAGGG-frozen_3T3_noPEG_100_4cycles,1983,1268
TCTACTCCTCGCACTG-frozen_3T3_noPEG_100_4cycles,1593,1042
AAACTCTCTCTGAGAG-frozen_3T3_noPEG_100_4cycles,2013,1314
AGACGCAGAAAACATG-frozen_3T3_noPEG_100_4cycles,2044,1259
ACGGTTCCTTAGACAA-frozen_3T3_noPEG_100_4cycles,1938,1218
ATACAGGCTCGAAGCA-frozen_3T3_noPEG_100_4cycles,1327,865
GCCCTTAACAGCAATA-frozen_3T3_noPEG_100_4cycles,2015,1293
CTGTTGCACTCTGTAG-frozen_3T3_noPEG_100_4cycles,1692,1102
AGGGTTTACCAAGGTG-frozen_3T3_noPEG_100_4cycles,2013,1280
TACAACGTGAGACAAT-frozen_3T3_noPEG_100_4cycles,2117,1290
AGGACGCCTTGCTCAA-frozen_3T3_noPEG_100_4cycles,2084,1289
AGAATCCACGAATCTC-frozen_3T3_noPEG_100_4cycles,1540,999
TGCCACTTGATCAGGG-frozen_3T3_noPEG_100_4cycles,1928,1181
TCAAAGGCTAAAGTAC-frozen_3T3_noPEG_100_4cycles,2204,1383
AGGTCGAGAGGCAGTA-frozen_3T3_noPEG_100_4cycles,1901,1192
AACCGGCACTCATTTC-frozen_3T3_noPEG_100_4cycles,2000,1252
TGCTGAAACTCGGGCT-frozen_3T3_noPEG_100_4cycles,1653,1067
TCAGGCTCTAGGTGCA-frozen_3T3_noPEG_100_4cycles,2183,1379
ACAGTTGACGGACACA-frozen_3T3_noPEG_100_4cycles,2032,1311
TGACTCAGAACCTTGA-frozen_3T3_noPEG_100_4cycles,2139,1374
GACCCACGACGATCGC-frozen_3T3_noPEG_100_4cycles,1694,1156
GATGGTTACAGGTCCC-frozen_3T3_noPEG_100_4cycles,1825,1190
GATATGAGAAGACAAT-frozen_3T3_noPEG_100_4cycles,1971,1297
GACACGCACCCAACGC-frozen_3T3_noPEG_100_4cycles,2039,1309
GACAATAGACTGGAAG-frozen_3T3_noPEG_100_4cycles,1670,1074
GGGAACCCTTGAAAGT-frozen_3T3_noPEG_100_4cycles,1996,1298
TTGTTTGACCCTAGGC-frozen_3T3_noPEG_100_4cycles,1892,1254
GTTACAGTGCCGGACT-frozen_3T3_noPEG_100_4cycles,1689,1109
TGCAATGTGCAGTCCG-frozen_3T3_noPEG_100_4cycles,1574,1017
CAAGCAACTTGAGCAG-frozen_3T3_noPEG_100_4cycles,1828,1151
TGTTGACGAGAGCCTC-frozen_3T3_noPEG_100_4cycles,1851,1178
GCTCCTAACCATGATC-frozen_3T3_noPEG_100_4cycles,1342,832
AGATATGGAGGACTGA-frozen_3T3_noPEG_100_4cycles,1857,1205
GGACATTTGAACCAAA-frozen_3T3_noPEG_100_4cycles,1547,1009
CCGACAGTGAAAGTAC-frozen_3T3_noPEG_100_4cycles,1917,1205
ACTTGCCTGAGACTTC-frozen_3T3_noPEG_100_4cycles,1741,1110
AACTACGACATTGGTC-frozen_3T3_noPEG_100_4cycles,1886,1177
CAGTCGTCTTAGCAGG-frozen_3T3_noPEG_100_4cycles,1706,1105
GTCCTGACTGTACGTT-frozen_3T3_noPEG_100_4cycles,1877,1174
GTGTACTGACAAGTTC-frozen_3T3_noPEG_100_4cycles,1722,1129
CTAATCACTTGTTGTG-frozen_3T3_noPEG_100_4cycles,1901,1212
TTAGCCAGACCTAGCG-frozen_3T3_noPEG_100_4cycles,1709,1099
ATCCTCGACGGAATAT-frozen_3T3_noPEG_100_4cycles,1914,1210
AGTTTGCGAAGCAGGT-frozen_3T3_noPEG_100_4cycles,1791,1155
AGCCGGTACATGAATG-frozen_3T3_noPEG_100_4cycles,1722,1077
TCTACGAGAGGCCAAA-frozen_3T3_noPEG_100_4cycles,1510,959
ATTCCAACTCTTTGTT-frozen_3T3_noPEG_100_4cycles,1676,1087
TGTTTGTTGCCCGAGT-frozen_3T3_noPEG_100_4cycles,1820,1131
CTGTGCACTCCTGAGC-frozen_3T3_noPEG_100_4cycles,1741,1102
AACTGTGACTACACTG-frozen_3T3_noPEG_100_4cycles,1510,978
AGATACGCTGGAATGC-frozen_3T3_noPEG_100_4cycles,1679,1057
TGCTAAGACCCAGCAC-frozen_3T3_noPEG_100_4cycles,2121,1314
GCTTCTGTGACAACAA-frozen_3T3_noPEG_100_4cycles,1548,1030
TGAGCTAACGGAATTA-frozen_3T3_noPEG_100_4cycles,1682,1088
CTTGACGCTCGCCACA-frozen_3T3_noPEG_100_4cycles,2065,1265
GACACCGTGCGTAGAG-frozen_3T3_noPEG_100_4cycles,1884,1199
AGGGACCCTGAGAGGG-frozen_3T3_noPEG_100_4cycles,1743,1147
TATTGCTTGTGAGGCA-frozen_3T3_noPEG_100_4cycles,1980,1241
TGGACCTCTTCATGCA-frozen_3T3_noPEG_100_4cycles,1815,1176
TTCTAGTTGCCACAAT-frozen_3T3_noPEG_100_4cycles,1723,1141
GGAACATCTCGGTTTA-frozen_3T3_noPEG_100_4cycles,1847,1239
GTTTCATTGTTTCTTG-frozen_3T3_noPEG_100_4cycles,1971,1240
TAGAGAAACAATCGAA-frozen_3T3_noPEG_100_4cycles,1868,1187
CACCGTTACCATGCTA-frozen_3T3_noPEG_100_4cycles,1700,1088
CGTGTCTACCCAGCTG-frozen_3T3_noPEG_100_4cycles,1390,908
GCTCGTGGATTAGCTG-frozen_3T3_noPEG_100_4cycles,1310,820
GCGTAAACTTGCATGT-frozen_3T3_noPEG_100_4cycles,1491,933
TTCGACCACTACCAAC-frozen_3T3_noPEG_100_4cycles,1794,1122
GCTTCCTGAGACCGAA-frozen_3T3_noPEG_100_4cycles,1067,672
GTCACAATGTGATCAC-frozen_3T3_noPEG_100_4cycles,1962,1253
TTCGTCGTGGTTGGTT-frozen_3T3_noPEG_100_4cycles,2122,1307
GATATGAGAGGGACTA-frozen_3T3_noPEG_100_4cycles,1743,1143
TTCTACATGTGCATCA-frozen_3T3_noPEG_100_4cycles,1778,1130
TCATTGGGACGGTTGC-frozen_3T3_noPEG_100_4cycles,1648,1059
GACACATTGGGCCTGT-frozen_3T3_noPEG_100_4cycles,1725,1106
CCCATGTACGGTTTGT-frozen_3T3_noPEG_100_4cycles,1750,1105
TCACTATTGTAATGCC-frozen_3T3_noPEG_100_4cycles,2036,1346
TAGTGAAGAGCTGTTA-frozen_3T3_noPEG_100_4cycles,1722,1078
TGCGCAGACTGCCACG-frozen_3T3_noPEG_100_4cycles,1868,1154
CCACGGATGTGTTCCC-frozen_3T3_noPEG_100_4cycles,1954,1222
GGGAACCCTGCAGTTT-frozen_3T3_noPEG_100_4cycles,1637,1021
TGGTCCTTGAACGTTC-frozen_3T3_noPEG_100_4cycles,992,645
GAAAGTAACGGAATAT-frozen_3T3_noPEG_100_4cycles,1592,1045
AACACTCGACCGCAGT-frozen_3T3_noPEG_100_4cycles,1747,1123
TGAGATAGAAGGGCTA-frozen_3T3_noPEG_100_4cycles,1666,1051
TGTACTGGACGAATCT-frozen_3T3_noPEG_100_4cycles,1747,1124
GCTGAATTGTAAGCAA-frozen_3T3_noPEG_100_4cycles,1802,1143
GGCACAAGAGGGACTA-frozen_3T3_noPEG_100_4cycles,1542,1022
GAAGCTTTGGGCCAAA-frozen_3T3_noPEG_100_4cycles,1687,1090
TAACGTTCTTGCTACA-frozen_3T3_noPEG_100_4cycles,859,555
AAGTGACCTCGGGTAA-frozen_3T3_noPEG_100_4cycles,1629,1017
ACGAGGATGCGAACAG-frozen_3T3_noPEG_100_4cycles,1576,1013
CGGTTGGACAAGTTCC-frozen_3T3_noPEG_100_4cycles,1453,946
ATTACTCACCGAGGTA-frozen_3T3_noPEG_100_4cycles,1740,1108
AACAGCTACGAAGGCT-frozen_3T3_noPEG_100_4cycles,1725,1087
ACTTGCCTGGTACTAC-frozen_3T3_noPEG_100_4cycles,1434,933
AGTTTGCGAACCTAGT-frozen_3T3_noPEG_100_4cycles,1422,952
CTAATCTACGAATGTA-frozen_3T3_noPEG_100_4cycles,1526,1017
GGCTCAGACGAATCTC-frozen_3T3_noPEG_100_4cycles,1346,900
GTTCTCGACCCTCGTT-frozen_3T3_noPEG_100_4cycles,1566,1042
CTAACAGTGCAGGTGA-frozen_3T3_noPEG_100_4cycles,1665,1053
GTAATCGACGGAATGC-frozen_3T3_noPEG_100_4cycles,1029,665
GACCCGTGAGACATAA-frozen_3T3_noPEG_100_4cycles,1635,1080
CAGATTTCTCATGCAT-frozen_3T3_noPEG_100_4cycles,1826,1218
ATGCAACTGTGCATGT-frozen_3T3_noPEG_100_4cycles,1565,981
ACTTGCCTGGTCCCGA-frozen_3T3_noPEG_100_4cycles,1495,946
GCAGACCTGGTTGGTT-frozen_3T3_noPEG_100_4cycles,1573,988
TTGTGCCTGCGCCACA-frozen_3T3_noPEG_100_4cycles,1677,1052
AGGAACCGAGCCACGT-frozen_3T3_noPEG_100_4cycles,1497,995
GGCTTCTACCTGTGCG-frozen_3T3_noPEG_100_4cycles,1629,1031
AACCGCTCTCAACGCC-frozen_3T3_noPEG_100_4cycles,1556,980
GAACAAATGAGGGAGG-frozen_3T3_noPEG_100_4cycles,1681,1098
ATCGTTTACTTGACCA-frozen_3T3_noPEG_100_4cycles,1513,972
AACTCCCTGCGTAACT-frozen_3T3_noPEG_100_4cycles,1589,1020
AAGAGAGGAGGCAGTA-frozen_3T3_noPEG_100_4cycles,1914,1196
CAGATTTCTGACGCCT-frozen_3T3_noPEG_100_4cycles,1492,935
TGCGCATCTTGGCAAG-frozen_3T3_noPEG_100_4cycles,1335,866
GATAGCGGAACTAGGG-frozen_3T3_noPEG_100_4cycles,1577,1038
AGGTTACTGACCCGGT-frozen_3T3_noPEG_100_4cycles,1285,817
GTGCATTGACGTTATG-frozen_3T3_noPEG_100_4cycles,1578,1025
TTGTACTACAGCAGGT-frozen_3T3_noPEG_100_4cycles,1742,1115
TCCTTAAACCTTTGTT-frozen_3T3_noPEG_100_4cycles,1638,1010
CTTCTAAACAGACAAT-frozen_3T3_noPEG_100_4cycles,1566,998
TGTGGCTCTTAATGCC-frozen_3T3_noPEG_100_4cycles,1464,927
GTTCGCTTGGAACCTT-frozen_3T3_noPEG_100_4cycles,1089,685
GTTCTGGCTTAACGAA-frozen_3T3_noPEG_100_4cycles,1465,979
GATGGTTACAATCCTG-frozen_3T3_noPEG_100_4cycles,1482,964
AGGAGTTCTCGTTCTC-frozen_3T3_noPEG_100_4cycles,1553,967
GACGCACACGTCGGTC-frozen_3T3_noPEG_100_4cycles,1378,883
ACGTAGGGAGACACCC-frozen_3T3_noPEG_100_4cycles,1323,850
CAACCCTACTTGCGTA-frozen_3T3_noPEG_100_4cycles,1585,983
AGCTCTGCTTAGCGAG-frozen_3T3_noPEG_100_4cycles,1591,984
TAGACCTGACCACATA-frozen_3T3_noPEG_100_4cycles,1350,868
TCTACTAACAAAGTAC-frozen_3T3_noPEG_100_4cycles,1441,946
ACTCGCTACAATCCAC-frozen_3T3_noPEG_100_4cycles,1381,873
CGTGTACCTAACGTGG-frozen_3T3_noPEG_100_4cycles,872,564
GCACGGACTGAGTAAT-frozen_3T3_noPEG_100_4cycles,1751,1094
GGATTTGACTCTGTAG-frozen_3T3_noPEG_100_4cycles,1273,831
TTCCACTCTCAATAGA-frozen_3T3_noPEG_100_4cycles,1630,1052
CGAGTCTCTCTCGAGC-frozen_3T3_noPEG_100_4cycles,1609,1021
GGTACGCTGAAGCTAA-frozen_3T3_noPEG_100_4cycles,1370,900
GTGCAGAGATCTGTAG-frozen_3T3_noPEG_100_4cycles,1272,829
GATACGTACCGCACTG-frozen_3T3_noPEG_100_4cycles,1283,873
GATAACCTGCGGCTCA-frozen_3T3_noPEG_100_4cycles,1039,690
GTTAGTTCTTGGAACG-frozen_3T3_noPEG_100_4cycles,1475,955
TTCGCACTGCAAGGTG-frozen_3T3_noPEG_100_4cycles,1466,927
GCCATTCACCATAGCT-frozen_3T3_noPEG_100_4cycles,1185,780
AATCTGCGACGGTACC-frozen_3T3_noPEG_100_4cycles,1441,936
GACACATTGTAATCGC-frozen_3T3_noPEG_100_4cycles,1366,929
GGGTTGCTGAATCCAC-frozen_3T3_noPEG_100_4cycles,1482,945
CTCAGCACTGGCATTT-frozen_3T3_noPEG_100_4cycles,1070,687
GAGAGTGACTTGTACG-frozen_3T3_noPEG_100_4cycles,1329,864
CAGTGGAGAGCGCAAA-frozen_3T3_noPEG_100_4cycles,1050,689
CCTGCTATGCTGGCAC-frozen_3T3_noPEG_100_4cycles,1231,785
ACTAGTGTGTACGTTG-frozen_3T3_noPEG_100_4cycles,761,497
AATCCAGACTCATGCA-frozen_3T3_noPEG_100_4cycles,1439,955
TGCCGGAACAAACATG-frozen_3T3_noPEG_100_4cycles,1266,836
GGGTCGTACACGAGCA-frozen_3T3_noPEG_100_4cycles,1312,853
GACGCACACTGTTGTG-frozen_3T3_noPEG_100_4cycles,1441,965
TGAGGAGTGTTCTGGA-frozen_3T3_noPEG_100_4cycles,1492,938
GATGAATGACCTAGCG-frozen_3T3_noPEG_100_4cycles,1307,860
ACTAACGTGCGCAACC-frozen_3T3_noPEG_100_4cycles,1455,892
GACCCACGAACACAAA-frozen_3T3_noPEG_100_4cycles,1462,996
GAACAACCTATCATCG-frozen_3T3_noPEG_100_4cycles,1468,981
ATGCCGCGAGCAGTTT-frozen_3T3_noPEG_100_4cycles,1349,846
GCCGTTTACTCGTAAC-frozen_3T3_noPEG_100_4cycles,1425,917
CACTATTTGGACACCC-frozen_3T3_noPEG_100_4cycles,1337,866
AAGAAACACTTTGTCT-frozen_3T3_noPEG_100_4cycles,1323,856
TGCGGGACTGACATAA-frozen_3T3_noPEG_100_4cycles,1428,929
GATTCTGGACTCATTT-frozen_3T3_noPEG_100_4cycles,1485,985
ATTTAGCCTCATAGCT-frozen_3T3_noPEG_100_4cycles,1428,917
TACCTCTCTCAACGCC-frozen_3T3_noPEG_100_4cycles,1519,973
CCACAGGTGTTGCAGT-frozen_3T3_noPEG_100_4cycles,1617,992
ATGTGTGTGCTACTCC-frozen_3T3_noPEG_100_4cycles,1371,859
GAAGGACACCGTTAGT-frozen_3T3_noPEG_100_4cycles,1044,706
CCTCACAACGTACACT-frozen_3T3_noPEG_100_4cycles,1399,905
TAACTCACTCTCACGG-frozen_3T3_noPEG_100_4cycles,1325,859
TGTGGTAACCGTTAGT-frozen_3T3_noPEG_100_4cycles,981,616
AGAGAATACACAGGTG-frozen_3T3_noPEG_100_4cycles,1412,910
AGAATCCACGCGCTGT-frozen_3T3_noPEG_100_4cycles,1276,837
GCACGACACAAGGCCA-frozen_3T3_noPEG_100_4cycles,1252,805
GGCGTGACTAACGTGG-frozen_3T3_noPEG_100_4cycles,1322,845
CCTACGGGAATCCTTT-frozen_3T3_noPEG_100_4cycles,938,609
GTCATATCTCGAGGAT-frozen_3T3_noPEG_100_4cycles,1508,963
TCTAACGGAGCTTCGG-frozen_3T3_noPEG_100_4cycles,956,642
CCTAGCACTGCTGTTA-frozen_3T3_noPEG_100_4cycles,1432,921
GGCCTTTACAGTAGGC-frozen_3T3_noPEG_100_4cycles,1265,831
AGGACAGACTAATAGG-frozen_3T3_noPEG_100_4cycles,1050,659
ATAGGGTCTAATCCGT-frozen_3T3_noPEG_100_4cycles,1124,702
TGGCCTTTGCCTTCCA-frozen_3T3_noPEG_100_4cycles,1462,940
GGTCTAAACGGAATTA-frozen_3T3_noPEG_100_4cycles,1141,772
TAACAGAGATGAAAGT-frozen_3T3_noPEG_100_4cycles,1079,704
TAATGAGGAAGTGAGC-frozen_3T3_noPEG_100_4cycles,1281,803
TTCGTCGTGTGCTTGA-frozen_3T3_noPEG_100_4cycles,1153,720
TCCTGTGACGATCATC-frozen_3T3_noPEG_100_4cycles,1100,721
TTGTTTGACCCATAAC-frozen_3T3_noPEG_100_4cycles,976,663
TAACGAAGACGATGTT-frozen_3T3_noPEG_100_4cycles,1266,806
AATGTGCACCTTAAGC-frozen_3T3_noPEG_100_4cycles,1287,822
TCGCGTACTTAGGAGC-frozen_3T3_noPEG_100_4cycles,1148,759
TTTCTGAACTCCAGCG-frozen_3T3_noPEG_100_4cycles,1061,686
TGCGAATACCATGATC-frozen_3T3_noPEG_100_4cycles,1146,752
GTACTGAACATTCTGG-frozen_3T3_noPEG_100_4cycles,1256,809
ACCTACCTGCCACATA-frozen_3T3_noPEG_100_4cycles,1199,779
CCGCTATTGTTGTTTC-frozen_3T3_noPEG_100_4cycles,1379,870
ATGATGCACGAATCTC-frozen_3T3_noPEG_100_4cycles,1391,909
GACCAGGCTAACGTTC-frozen_3T3_noPEG_100_4cycles,1232,817
ATCGCAATGCCCGAGT-frozen_3T3_noPEG_100_4cycles,906,596
TGGATTGACCGATGGA-frozen_3T3_noPEG_100_4cycles,1028,669
CAGTGATTGGCATGAG-frozen_3T3_noPEG_100_4cycles,1020,673
GTCCGTTACCCTCAAA-frozen_3T3_noPEG_100_4cycles,1358,885
GGCACACACCTCATCC-frozen_3T3_noPEG_100_4cycles,837,538
GAGCATTTGAAGCTAA-frozen_3T3_noPEG_100_4cycles,973,649
GACTCCTTGGAACAGC-frozen_3T3_noPEG_100_4cycles,1117,732
CAGATGACTAGGGAGG-frozen_3T3_noPEG_100_4cycles,1181,765
CCTAGCACTTTTCTGT-frozen_3T3_noPEG_100_4cycles,1086,704
GTCACGCGACGTAGAG-frozen_3T3_noPEG_100_4cycles,853,521
GACAAGGTGAAAGTAC-frozen_3T3_noPEG_100_4cycles,1252,800
GACCTATGACAGCAAG-frozen_3T3_noPEG_100_4cycles,933,656
ATCTGCCTGCGGCACT-frozen_3T3_noPEG_100_4cycles,1397,889
CACTATACTATCTGTG-frozen_3T3_noPEG_100_4cycles,1041,671
TATCCATACAGCTTGT-frozen_3T3_noPEG_100_4cycles,1427,873
CTTAGGCCTATCAGCT-frozen_3T3_noPEG_100_4cycles,1256,793
GAACGTTTGCCAACGC-frozen_3T3_noPEG_100_4cycles,909,629
GACACGCACCGTACAT-frozen_3T3_noPEG_100_4cycles,1239,771
TGCATGCCTAAGGCTG-frozen_3T3_noPEG_100_4cycles,878,578
CCTACTGTGAAGACAT-frozen_3T3_noPEG_100_4cycles,967,634
AGCTGCTCTAAAGGTT-frozen_3T3_noPEG_100_4cycles,959,611
CGCTAGTCTGGGACTA-frozen_3T3_noPEG_100_4cycles,1239,795
TGGATTGACATTGGTC-frozen_3T3_noPEG_100_4cycles,987,630
GAACTACTGATGTGGG-frozen_3T3_noPEG_100_4cycles,1076,700
TGTAAGCACTTGCGCG-frozen_3T3_noPEG_100_4cycles,858,572
GCGAAGCCTCCACTTC-frozen_3T3_noPEG_100_4cycles,1092,680
CTTGCGTTGCCGCAGT-frozen_3T3_noPEG_100_4cycles,766,503
CTCAGCACTCCTCCTA-frozen_3T3_noPEG_100_4cycles,1016,665
GCCGTTTACCTCGAGC-frozen_3T3_noPEG_100_4cycles,1096,699
GAAATGAACGCTCAGC-frozen_3T3_noPEG_100_4cycles,999,641
GGACCACTGCTGCGGT-frozen_3T3_noPEG_100_4cycles,915,611
GTAAAGCCTGTTAGAA-frozen_3T3_noPEG_100_4cycles,805,531
GAGGGATACACAGGTG-frozen_3T3_noPEG_100_4cycles,932,615
GTGCTAATGGGACAGT-frozen_3T3_noPEG_100_4cycles,1054,680
TTTACCATGTTCGCAA-frozen_3T3_noPEG_100_4cycles,1069,705
GCACAATTGTGTGGGA-frozen_3T3_noPEG_100_4cycles,924,603
ACACGTTGACCGCTAG-frozen_3T3_noPEG_100_4cycles,1098,670
TAACCAGACGCCCTGA-frozen_3T3_noPEG_100_4cycles,1268,704
ACCTCAGCTTTAGAAG-frozen_3T3_noPEG_100_4cycles,697,439
GTAGGTTTGATGAATG-frozen_3T3_noPEG_100_4cycles,1042,664
AGGAAGCACTGAGTAA-frozen_3T3_noPEG_100_4cycles,889,578
GACCGTGTGAATCCAC-frozen_3T3_noPEG_100_4cycles,1048,737
GTCTACAGACATTCAG-frozen_3T3_noPEG_100_4cycles,1002,664
ACACAGACTAAGTCTC-frozen_3T3_noPEG_100_4cycles,1019,652
GGCGCAACTGGGTTCC-frozen_3T3_noPEG_100_4cycles,890,599
CGTTTGCTGTACCAAC-frozen_3T3_noPEG_100_4cycles,771,507
CTGGTGGACTGCTGGC-frozen_3T3_noPEG_100_4cycles,635,419
TTCTAGACTTCAGGTT-frozen_3T3_noPEG_100_4cycles,986,627
TAAGCACACTTACGAC-frozen_3T3_noPEG_100_4cycles,996,640
CTCTCTTTGACAGGTG-frozen_3T3_noPEG_100_4cycles,880,551
ATAGAACGACCTCGTT-frozen_3T3_noPEG_100_4cycles,771,516
GCTTGTCACGAATGTA-frozen_3T3_noPEG_100_4cycles,931,594
CCTTGGTACTAATCGC-frozen_3T3_noPEG_100_4cycles,1011,644
TGGCAATTGCACTCAA-frozen_3T3_noPEG_100_4cycles,619,416
ACAGACTACCAAGGTG-frozen_3T3_noPEG_100_4cycles,1003,654
GCTAAGACTCATGCTA-frozen_3T3_noPEG_100_4cycles,1019,649
TTCACGCTGCGTAACT-frozen_3T3_noPEG_100_4cycles,838,542
GTTACAGTGGTTGACT-frozen_3T3_noPEG_100_4cycles,951,632
CAATCAGTGATGTCAC-frozen_3T3_noPEG_100_4cycles,898,598
CACTTTATGGTACGTT-frozen_3T3_PEG_200_4cycles,11552,6813
CGACGACACCCTCAAA-frozen_3T3_PEG_200_4cycles,9574,5485
CTGCCTTGATACTTTC-frozen_3T3_PEG_200_4cycles,9887,5652
TTGTATCTGTTGCGTA-frozen_3T3_PEG_200_4cycles,8480,4967
TACGTGTGACTCACGG-frozen_3T3_PEG_200_4cycles,8528,5023
CTCAATTTGATCCTCC-frozen_3T3_PEG_200_4cycles,7331,4314
CTGGCCAGAAGCCCTG-frozen_3T3_PEG_200_4cycles,7033,4302
ATCGCAATGTATCTGG-frozen_3T3_PEG_200_4cycles,7686,4536
TCGACGGACCTGTACA-frozen_3T3_PEG_200_4cycles,6864,4253
CGCAAAGGATACAGCT-frozen_3T3_PEG_200_4cycles,6934,4035
CCCAGGATGCCAAGTT-frozen_3T3_PEG_200_4cycles,6186,3635
AGCGTATACGAAACAT-frozen_3T3_PEG_200_4cycles,7083,4141
CACATGATGGTACGTT-frozen_3T3_PEG_200_4cycles,6243,3845
CATGCAAACTAATAGG-frozen_3T3_PEG_200_4cycles,6749,3949
ACCAAGTTGCCTGAGC-frozen_3T3_PEG_200_4cycles,6985,4090
GTACATCGACCACATA-frozen_3T3_PEG_200_4cycles,6383,3855
CGACAATACTTCCATT-frozen_3T3_PEG_200_4cycles,5531,3409
GTTCGCTTGCGACATT-frozen_3T3_PEG_200_4cycles,6463,3865
GTGATAAGATGCGGCT-frozen_3T3_PEG_200_4cycles,6552,3885
CGACAATACCTGGGTC-frozen_3T3_PEG_200_4cycles,6687,3969
TTAGCCAGAGAATAAC-frozen_3T3_PEG_200_4cycles,5458,3301
TTCGTCCGATCCAGCG-frozen_3T3_PEG_200_4cycles,5557,3313
GTTGAGTTGTAACGGG-frozen_3T3_PEG_200_4cycles,4958,3078
CTGTAAGTGAATCCAC-frozen_3T3_PEG_200_4cycles,5230,3151
AATGATGGATGGTCCG-frozen_3T3_PEG_200_4cycles,5707,3433
CGGTCGATGGCTGAGA-frozen_3T3_PEG_200_4cycles,5303,3145
AAGACGGTGAAACTGA-frozen_3T3_PEG_200_4cycles,5030,3145
CTGCTGGGAGAATAGT-frozen_3T3_PEG_200_4cycles,5018,3027
GCTGTGGTGGGACTGA-frozen_3T3_PEG_200_4cycles,4603,2780
CATGTCAGAAGCTTGT-frozen_3T3_PEG_200_4cycles,4922,2907
CAATGCCCTAACCCGC-frozen_3T3_PEG_200_4cycles,5097,3070
ATCGAGTTGTAGGAGC-frozen_3T3_PEG_200_4cycles,5059,3017
GGAAGCCCTTGAGGCA-frozen_3T3_PEG_200_4cycles,4857,2993
TGGGAGTGAGAGAGGG-frozen_3T3_PEG_200_4cycles,5124,3119
CTTGCGTTGAAGGCCA-frozen_3T3_PEG_200_4cycles,5034,3079
AGGAGGTTGTAGGAGC-frozen_3T3_PEG_200_4cycles,4930,2915
CCAGGCAACCAAGTAA-frozen_3T3_PEG_200_4cycles,4710,2879
TCGTCCAACGAATGTA-frozen_3T3_PEG_200_4cycles,5363,3208
GGTACGCTGAAGTTCC-frozen_3T3_PEG_200_4cycles,4574,2716
CTCTCTGGAGGTGCAA-frozen_3T3_PEG_200_4cycles,4992,2955
GTTACAGTGGCTCAGC-frozen_3T3_PEG_200_4cycles,3841,2317
TGGCTAATGAGTACGG-frozen_3T3_PEG_200_4cycles,4732,2855
GTAAAGCCTACTAGGG-frozen_3T3_PEG_200_4cycles,4529,2866
TGCGCATCTGAATGTA-frozen_3T3_PEG_200_4cycles,4363,2642
AGTCGCGTGGGCCTTG-frozen_3T3_PEG_200_4cycles,4744,2903
CATTGGAACTGTCACA-frozen_3T3_PEG_200_4cycles,4445,2720
GGCTGCAACTTTCTTG-frozen_3T3_PEG_200_4cycles,5209,3047
GTGCATAACTTCGGGC-frozen_3T3_PEG_200_4cycles,4844,2893
TTTACCATGCGATCGC-frozen_3T3_PEG_200_4cycles,4262,2695
ATGGCTATGCGCAAAG-frozen_3T3_PEG_200_4cycles,4500,2656
TTGTGCGCTTATGACC-frozen_3T3_PEG_200_4cycles,4652,2802
GGTAGTTTGTGTGCTA-frozen_3T3_PEG_200_4cycles,4938,2986
CACTTAGGAAGAGGCT-frozen_3T3_PEG_200_4cycles,4405,2777
ACACTCCACGACGCCT-frozen_3T3_PEG_200_4cycles,4524,2770
TTCAAGCGACGCTCGA-frozen_3T3_PEG_200_4cycles,4497,2695
ACTCGGGACATCCTTT-frozen_3T3_PEG_200_4cycles,4230,2646
TCAGTCCACCTAACGT-frozen_3T3_PEG_200_4cycles,4185,2577
CAATCAGACGGTAGAC-frozen_3T3_PEG_200_4cycles,4196,2548
ACTTGAGTGCGATGTT-frozen_3T3_PEG_200_4cycles,4682,2814
TGTGGTAACAGCCATT-frozen_3T3_PEG_200_4cycles,4361,2669
TGACCCTACTGGCTGC-frozen_3T3_PEG_200_4cycles,4713,2832
ACAGACTACTTGTACG-frozen_3T3_PEG_200_4cycles,3847,2350
CGCTTAAGACAGCAAG-frozen_3T3_PEG_200_4cycles,4468,2729
CGTGGAAGATTACGAC-frozen_3T3_PEG_200_4cycles,3507,2106
CAAGGGAACCGAAGCA-frozen_3T3_PEG_200_4cycles,4451,2722
AGCCGGTACTTGACAC-frozen_3T3_PEG_200_4cycles,3937,2390
TGCGACGACTTAGAAG-frozen_3T3_PEG_200_4cycles,4043,2418
GTTAAGAGACAGGGTA-frozen_3T3_PEG_200_4cycles,4042,2464
AGTACAAGAAAGGTGC-frozen_3T3_PEG_200_4cycles,3045,1841
TGTAAGCTGTTGGCGC-frozen_3T3_PEG_200_4cycles,4507,2662
ATGGGACGAACGTAAA-frozen_3T3_PEG_200_4cycles,4071,2446
AGGGTTTACCGTGCAC-frozen_3T3_PEG_200_4cycles,3659,2267
CTTCGCCCTCCTAACA-frozen_3T3_PEG_200_4cycles,4338,2624
CATTGCGCTCGTACAT-frozen_3T3_PEG_200_4cycles,3797,2330
CAATAGAGAAGGACCA-frozen_3T3_PEG_200_4cycles,4176,2463
ACGCCCAGAATAGGTA-frozen_3T3_PEG_200_4cycles,3019,1814
CGGACGTTGTTCTCGC-frozen_3T3_PEG_200_4cycles,3806,2318
AATGTGCTGGAGAGGG-frozen_3T3_PEG_200_4cycles,3723,2282
GACGCGACTACACCGC-frozen_3T3_PEG_200_4cycles,3912,2378
GCGTAAGGAATCAGCT-frozen_3T3_PEG_200_4cycles,4349,2520
TGCAATGTGGCGTATT-frozen_3T3_PEG_200_4cycles,4306,2594
CTCGGATCTTTCTGAG-frozen_3T3_PEG_200_4cycles,3722,2317
GCATCACCTTAAGCAA-frozen_3T3_PEG_200_4cycles,3509,2219
AAACGCTACAACGTAA-frozen_3T3_PEG_200_4cycles,3146,1928
CTTACATTGATGGCCC-frozen_3T3_PEG_200_4cycles,4066,2503
TGCGCAGACTGCCACG-frozen_3T3_PEG_200_4cycles,3998,2391
ACCTCCAACCCAGCTG-frozen_3T3_PEG_200_4cycles,2825,1822
AGTTTGCGAAGCAGGT-frozen_3T3_PEG_200_4cycles,3363,2118
CAAAGGGACTTCGTTT-frozen_3T3_PEG_200_4cycles,3445,2189
CAAGGGTGACCAGCAC-frozen_3T3_PEG_200_4cycles,3761,2322
CTAACAGTGTTCCATT-frozen_3T3_PEG_200_4cycles,3304,2098
GCTGAATTGTAGGCGA-frozen_3T3_PEG_200_4cycles,4307,2557
GAAATGAACTGCTACA-frozen_3T3_PEG_200_4cycles,3789,2314
CAACAACACCGAAGCA-frozen_3T3_PEG_200_4cycles,3535,2211
TCAGCTAGAAAGTAAC-frozen_3T3_PEG_200_4cycles,3838,2374
TAGTGCATGTGTTCCC-frozen_3T3_PEG_200_4cycles,3337,2109
GCGCGATACTTTCTGT-frozen_3T3_PEG_200_4cycles,3842,2376
CTGCACGGACCTAGCG-frozen_3T3_PEG_200_4cycles,3499,2118
CCACTAAGAATTCTGG-frozen_3T3_PEG_200_4cycles,3802,2278
AAGAGAGGATCATTGG-frozen_3T3_PEG_200_4cycles,3449,2186
GCGCAGTTGGACGCCT-frozen_3T3_PEG_200_4cycles,3871,2348
GATGAATGATTATGGC-frozen_3T3_PEG_200_4cycles,3651,2250
AAATGCGCTCGGGTAA-frozen_3T3_PEG_200_4cycles,4139,2465
CTTTCTGCTCCGATTA-frozen_3T3_PEG_200_4cycles,3726,2235
TCAAAGCACAAGGTGC-frozen_3T3_PEG_200_4cycles,3346,2041
TCGGTGCGATCGGGCT-frozen_3T3_PEG_200_4cycles,3775,2341
ACCAATGACGCTTACA-frozen_3T3_PEG_200_4cycles,3757,2323
TACGTTTACCGTAGAG-frozen_3T3_PEG_200_4cycles,3818,2284
CCCTCCTTGTGCGCCA-frozen_3T3_PEG_200_4cycles,3964,2382
TTGTTAGCTATGGCCC-frozen_3T3_PEG_200_4cycles,3367,2129
CATGTTACTCACAGTT-frozen_3T3_PEG_200_4cycles,3300,2035
CAAGAATGAAGTCTAC-frozen_3T3_PEG_200_4cycles,3536,2157
ATCTTACTGGCGCAAA-frozen_3T3_PEG_200_4cycles,3280,2035
TACCGCTTGAATCCAC-frozen_3T3_PEG_200_4cycles,3836,2303
CACGGAAGAGGACCTC-frozen_3T3_PEG_200_4cycles,3898,2363
CCTGCCTCTCCAAACT-frozen_3T3_PEG_200_4cycles,3561,2165
CACCCATACACCTTGA-frozen_3T3_PEG_200_4cycles,3519,2162
ATGACAAGACGTAACT-frozen_3T3_PEG_200_4cycles,3446,2128
AAATGCGCTAGTTGAA-frozen_3T3_PEG_200_4cycles,3649,2227
AAGAAACACTGTTCCC-frozen_3T3_PEG_200_4cycles,3357,2113
ATCAAAGGACAGCTGC-frozen_3T3_PEG_200_4cycles,3713,2300
TTTATCCGAAGGCGTA-frozen_3T3_PEG_200_4cycles,3157,2006
CCGTTACTGGCAGGAT-frozen_3T3_PEG_200_4cycles,3549,2189
CAAGGGTGATGAGTAA-frozen_3T3_PEG_200_4cycles,3036,1921
TCGACTCACACTCGAT-frozen_3T3_PEG_200_4cycles,3563,2121
CAGTTGATGCTGTACA-frozen_3T3_PEG_200_4cycles,3242,1963
AGAACAATGTCGTAAC-frozen_3T3_PEG_200_4cycles,3134,1870
GGTTCATGATGTTCCC-frozen_3T3_PEG_200_4cycles,3656,2234
GGTAGCAGATTTCCGC-frozen_3T3_PEG_200_4cycles,3332,2098
AAGTCTTCTAACGAAT-frozen_3T3_PEG_200_4cycles,3328,2084
TTAGTCTTGTTGGTTG-frozen_3T3_PEG_200_4cycles,3357,2062
AAGCGCCACGAATGTA-frozen_3T3_PEG_200_4cycles,3497,2034
CCTCTTGGACCTATCC-frozen_3T3_PEG_200_4cycles,3292,2035
CTGAGCGTGTACTTTC-frozen_3T3_PEG_200_4cycles,3039,1904
TGGGTTTGACATACTG-frozen_3T3_PEG_200_4cycles,3262,2040
GCTGGAAGAAATCCGT-frozen_3T3_PEG_200_4cycles,3368,2124
GTTGAAGCTTAACGAA-frozen_3T3_PEG_200_4cycles,2951,1806
CTTGCTGACAGGCATG-frozen_3T3_PEG_200_4cycles,3210,2011
CTAACTGGAAATCGAA-frozen_3T3_PEG_200_4cycles,3634,2191
CTGACGTCTGAGCTGA-frozen_3T3_PEG_200_4cycles,3144,1869
ATAGGAAACAGTAGGC-frozen_3T3_PEG_200_4cycles,3282,2034
GGACCACTGTCGTCAA-frozen_3T3_PEG_200_4cycles,3844,2320
ACCTGCTACTCTGGAT-frozen_3T3_PEG_200_4cycles,3076,1924
CCGATTCACTGGTCCG-frozen_3T3_PEG_200_4cycles,3256,1988
TTCCGTCGACTTCACC-frozen_3T3_PEG_200_4cycles,3500,2138
CGATAAAGAAGCAAGC-frozen_3T3_PEG_200_4cycles,3322,2006
CCTTGGTACGGTGCAA-frozen_3T3_PEG_200_4cycles,3202,1962
ATGTCCGCTTTGGTTG-frozen_3T3_PEG_200_4cycles,3620,2158
AGCCAATTGATCACAC-frozen_3T3_PEG_200_4cycles,3214,1963
TGCCACTTGGAGCTGA-frozen_3T3_PEG_200_4cycles,3044,1889
AACTTGGACCCAGGCT-frozen_3T3_PEG_200_4cycles,3147,1970
TTGGCGCGAACTCGAT-frozen_3T3_PEG_200_4cycles,2809,1755
CAACACCCTTTCTGAG-frozen_3T3_PEG_200_4cycles,2941,1873
GGTGGAAACGGTTGAG-frozen_3T3_PEG_200_4cycles,2908,1802
CGAAACGGATGCTCAA-frozen_3T3_PEG_200_4cycles,3401,2079
TACCCGTTGACCTGCG-frozen_3T3_PEG_200_4cycles,3235,2029
CTCATAACTTCTTTGT-frozen_3T3_PEG_200_4cycles,2888,1805
TAAGTGCACTTCGTTT-frozen_3T3_PEG_200_4cycles,2845,1785
ACTGTCCACGCGCTGT-frozen_3T3_PEG_200_4cycles,3545,2167
AAACTCTCTCGAGGAT-frozen_3T3_PEG_200_4cycles,2774,1749
CAACCCTACAACGTTC-frozen_3T3_PEG_200_4cycles,3108,1901
GCTACTGCTCGTTAGT-frozen_3T3_PEG_200_4cycles,2903,1754
CAAAGAATGCCTCAAA-frozen_3T3_PEG_200_4cycles,2594,1583
GCCATAATGATCATGC-frozen_3T3_PEG_200_4cycles,3476,2080
GAGCCTCGATGGGCAA-frozen_3T3_PEG_200_4cycles,2636,1672
GGACCACTGAGGGAGG-frozen_3T3_PEG_200_4cycles,3188,1929
TATTGCTTGAGCTGAG-frozen_3T3_PEG_200_4cycles,3005,1934
CCGTCTATGATCATGC-frozen_3T3_PEG_200_4cycles,2983,1860
ACGGCCATGAGTGGTG-frozen_3T3_PEG_200_4cycles,2774,1746
TCCATGGCTCCGGCTA-frozen_3T3_PEG_200_4cycles,2528,1552
CAGTGTAACACAACAA-frozen_3T3_PEG_200_4cycles,2511,1541
TCCGCCTCTCCACAAT-frozen_3T3_PEG_200_4cycles,2972,1837
ACCTATGGAGGACCAA-frozen_3T3_PEG_200_4cycles,2680,1681
GCATCACCTAGCCTAT-frozen_3T3_PEG_200_4cycles,2851,1784
CTCATAACTGGGTTCC-frozen_3T3_PEG_200_4cycles,2765,1671
AGAGCAGTGAAGGCTG-frozen_3T3_PEG_200_4cycles,2620,1622
TAGCTTTACAGTACGG-frozen_3T3_PEG_200_4cycles,2586,1635
TACCACCACTGAGGCA-frozen_3T3_PEG_200_4cycles,2745,1726
TCAAGCAACAATCCGT-frozen_3T3_PEG_200_4cycles,2613,1718
TACAACCGAGAGTGAC-frozen_3T3_PEG_200_4cycles,3050,1862
ACAAAGAACGGTATGG-frozen_3T3_PEG_200_4cycles,2676,1652
CGCGTTGGAAAATCGA-frozen_3T3_PEG_200_4cycles,2841,1747
TCTGAGCCTAACGAAT-frozen_3T3_PEG_200_4cycles,2934,1797
CGTGTACCTGGAATAT-frozen_3T3_PEG_200_4cycles,2508,1581
CGTTCTCGAGCTGTTA-frozen_3T3_PEG_200_4cycles,2554,1622
AAGGGCATGCCGTGAC-frozen_3T3_PEG_200_4cycles,2674,1679
CAGGCTTCTTTTCTTG-frozen_3T3_PEG_200_4cycles,2654,1586
CCTGAGGACTAGGCGA-frozen_3T3_PEG_200_4cycles,2917,1834
GCAAACTACAAACTGA-frozen_3T3_PEG_200_4cycles,2525,1625
TAGTCCGCTGGTTTGT-frozen_3T3_PEG_200_4cycles,2657,1607
CAACACCCTCCGTTAA-frozen_3T3_PEG_200_4cycles,2643,1658
ACCCTTTCTGAGTGAC-frozen_3T3_PEG_200_4cycles,2531,1594
CGAGAGATGACACCTA-frozen_3T3_PEG_200_4cycles,2556,1577
TCCATATACCCGGACT-frozen_3T3_PEG_200_4cycles,1703,1039
CGTTCTCGATAGCGAG-frozen_3T3_PEG_200_4cycles,2927,1791
CGCAAATACTTTGGGT-frozen_3T3_PEG_200_4cycles,2130,1364
ATCGGTCCTCCTTCCA-frozen_3T3_PEG_200_4cycles,2535,1612
CAGGACCTGAGCTTGT-frozen_3T3_PEG_200_4cycles,2593,1615
CTTTATGTGACCAAGG-frozen_3T3_PEG_200_4cycles,2806,1635
TAACGAGCTTTGCAGT-frozen_3T3_PEG_200_4cycles,2954,1878
CGTATCGCTTCGTCAA-frozen_3T3_PEG_200_4cycles,2874,1791
GAATCGGGATCTGTAG-frozen_3T3_PEG_200_4cycles,2557,1637
TCCATTTGACTGCGGT-frozen_3T3_PEG_200_4cycles,2732,1711
CTACCTCGAAACCCGC-frozen_3T3_PEG_200_4cycles,2627,1613
GGGATTGGAGCGCACT-frozen_3T3_PEG_200_4cycles,2421,1458
CGTGAATACAGTGGTG-frozen_3T3_PEG_200_4cycles,2470,1582
TCCATATACGGCCTTG-frozen_3T3_PEG_200_4cycles,2454,1501
CCTACTGTGCAGCTGC-frozen_3T3_PEG_200_4cycles,2675,1709
GTGCATAACTGGTCCG-frozen_3T3_PEG_200_4cycles,2658,1661
TTGACGTGAACGCCAC-frozen_3T3_PEG_200_4cycles,2338,1507
AGGGACCCTCAGGTGA-frozen_3T3_PEG_200_4cycles,2471,1590
TCCGACACTTGACCTA-frozen_3T3_PEG_200_4cycles,2605,1617
GTTTCCCGAAGATTCC-frozen_3T3_PEG_200_4cycles,2747,1729
GGCTCAGACCAGATTC-frozen_3T3_PEG_200_4cycles,2644,1620
GGTACGCTGCGAAAGC-frozen_3T3_PEG_200_4cycles,2340,1492
CTTTAGGGATTCGGGC-frozen_3T3_PEG_200_4cycles,2266,1409
GTAGGTTTGATGAATG-frozen_3T3_PEG_200_4cycles,2791,1735
TATGGGTACGTTGGTT-frozen_3T3_PEG_200_4cycles,2722,1664
TCGCGTACTGTCCCGA-frozen_3T3_PEG_200_4cycles,2719,1687
GGCGCAACTTGGGCAA-frozen_3T3_PEG_200_4cycles,2454,1516
ACGGTTCCTCATAGCT-frozen_3T3_PEG_200_4cycles,2346,1453
CATCTGAGATTTCTGT-frozen_3T3_PEG_200_4cycles,2774,1719
GAGAGCCCTTTACGAC-frozen_3T3_PEG_200_4cycles,2697,1685
CTCGAACCTATCAGGG-frozen_3T3_PEG_200_4cycles,2441,1536
ATACCTGGATGAAAGT-frozen_3T3_PEG_200_4cycles,2472,1473
GGGTATGGATAGCGAG-frozen_3T3_PEG_200_4cycles,2457,1522
GTAATCTCTCTGAGAG-frozen_3T3_PEG_200_4cycles,2422,1499
GATCGCGTGAGACTTC-frozen_3T3_PEG_200_4cycles,2183,1412
ATGGCTATGCTGGCAC-frozen_3T3_PEG_200_4cycles,2417,1521
GGTGTAACTAGCCTAT-frozen_3T3_PEG_200_4cycles,2668,1671
TCAGCCGGATACGTTG-frozen_3T3_PEG_200_4cycles,2643,1612
CTTAGAGACCCGGACT-frozen_3T3_PEG_200_4cycles,2911,1768
TCACATTACTACACTG-frozen_3T3_PEG_200_4cycles,2510,1521
GGTATCTGATGCATGT-frozen_3T3_PEG_200_4cycles,2498,1554
GTATCACGAAAGGTGC-frozen_3T3_PEG_200_4cycles,2352,1518
TATTCAGCTCAGATTC-frozen_3T3_PEG_200_4cycles,2649,1663
ACTTATCTGAAGGCCA-frozen_3T3_PEG_200_4cycles,2469,1552
CGTAGCTCTCCCGCAA-frozen_3T3_PEG_200_4cycles,2449,1543
GGCGTACACCTAACGT-frozen_3T3_PEG_200_4cycles,2736,1551
TGGTCCTTGTGCATGT-frozen_3T3_PEG_200_4cycles,2369,1511
GTTTCCCGAATGTGGG-frozen_3T3_PEG_200_4cycles,2153,1306
TGTAAGCACGCACCCA-frozen_3T3_PEG_200_4cycles,2654,1604
CCACGGATGTACTTTC-frozen_3T3_PEG_200_4cycles,2556,1584
GGTATTGACCAAGTAA-frozen_3T3_PEG_200_4cycles,2467,1503
TTGTGCCTGCAGGGAT-frozen_3T3_PEG_200_4cycles,2237,1369
ACCCTTGTGACTCGAT-frozen_3T3_PEG_200_4cycles,2437,1481
CGGTTGGACTTGACCA-frozen_3T3_PEG_200_4cycles,2661,1649
TCGACTCACTGAGTAA-frozen_3T3_PEG_200_4cycles,2456,1544
GTCTGGCGACGAGTGA-frozen_3T3_PEG_200_4cycles,2597,1579
TTCCTACCTCCTCGTT-frozen_3T3_PEG_200_4cycles,2368,1471
CTGCCTTGAGCCCTGA-frozen_3T3_PEG_200_4cycles,2352,1419
TGTATTCACGAATAGT-frozen_3T3_PEG_200_4cycles,2426,1518
CAAGCAACTGCAGTTT-frozen_3T3_PEG_200_4cycles,2688,1672
TACAACCGAGGCCTGT-frozen_3T3_PEG_200_4cycles,2374,1440
TCTGAACGAAACGCAG-frozen_3T3_PEG_200_4cycles,2494,1525
GTAAGGCGATCATTGG-frozen_3T3_PEG_200_4cycles,2494,1496
CACCAAATGTGCGCCA-frozen_3T3_PEG_200_4cycles,2326,1465
AACTCCCTGGAACAGC-frozen_3T3_PEG_200_4cycles,2448,1493
GTGGCAGCTTATCTGG-frozen_3T3_PEG_200_4cycles,2245,1421
GTAGTGGGATGGCATT-frozen_3T3_PEG_200_4cycles,2460,1515
AGCTTGTGATCGCAGC-frozen_3T3_PEG_200_4cycles,2180,1320
AGCTTGTGATGCCACG-frozen_3T3_PEG_200_4cycles,2488,1536
GATACGGGAGAACAGC-frozen_3T3_PEG_200_4cycles,2438,1494
GTTGACTGAGACCGAA-frozen_3T3_PEG_200_4cycles,2445,1517
TCAGGAGGACCTACGG-frozen_3T3_PEG_200_4cycles,2487,1543
TGAGCTAACGGACAGT-frozen_3T3_PEG_200_4cycles,2613,1572
ACCTCAGCTCGCTCGA-frozen_3T3_PEG_200_4cycles,2295,1429
CCGCTATTGAGTACGG-frozen_3T3_PEG_200_4cycles,2329,1432
CTCTATAACAACTAGA-frozen_3T3_PEG_200_4cycles,2396,1529
TGGGCGTACAACGCAG-frozen_3T3_PEG_200_4cycles,2239,1444
ACTCCAGCTCGTTAGT-frozen_3T3_PEG_200_4cycles,2555,1591
GTAGTTGACTGTTGTG-frozen_3T3_PEG_200_4cycles,2593,1576
GTCGAAGGAGGCCATC-frozen_3T3_PEG_200_4cycles,2369,1487
CCTACGTTGATCCTTT-frozen_3T3_PEG_200_4cycles,2485,1537
GTACCGGACACACAAA-frozen_3T3_PEG_200_4cycles,2527,1534
TGCGTCTACGAATCTC-frozen_3T3_PEG_200_4cycles,2228,1406
TATTCAGCTGTTAGAA-frozen_3T3_PEG_200_4cycles,2287,1427
TCTATGGGATCGACAT-frozen_3T3_PEG_200_4cycles,2212,1415
TCACACCTGAGGTGAC-frozen_3T3_PEG_200_4cycles,2338,1459
TCCGACACTCAGACCC-frozen_3T3_PEG_200_4cycles,2065,1304
GGATCCCGAACCTTGA-frozen_3T3_PEG_200_4cycles,2054,1321
CTTACATTGGGCCTTG-frozen_3T3_PEG_200_4cycles,1973,1214
GATGCATTGTCTGGGC-frozen_3T3_PEG_200_4cycles,2246,1468
ACACAGACTGCGGTTC-frozen_3T3_PEG_200_4cycles,2258,1436
TGAGCCCGACAGCTGC-frozen_3T3_PEG_200_4cycles,2441,1510
TGGAATCACGGAATTA-frozen_3T3_PEG_200_4cycles,2174,1349
GGGCTTCGATGTCACA-frozen_3T3_PEG_200_4cycles,2054,1291
TTCAGTTACGAAATCA-frozen_3T3_PEG_200_4cycles,2149,1370
CTGTGCACTGACAAAT-frozen_3T3_PEG_200_4cycles,2307,1407
ACTAACGTGCGCAACC-frozen_3T3_PEG_200_4cycles,2433,1481
ACCTAGTGACTCATCC-frozen_3T3_PEG_200_4cycles,2075,1279
GGATCCCGATGTGGGA-frozen_3T3_PEG_200_4cycles,2169,1367
CCGAGACACGTCCCGA-frozen_3T3_PEG_200_4cycles,2230,1338
AGTCGAACTAGGGCTA-frozen_3T3_PEG_200_4cycles,2033,1252
ATGTCCAGACGGTTGC-frozen_3T3_PEG_200_4cycles,2284,1391
TAGGGACGATCGGGCT-frozen_3T3_PEG_200_4cycles,2111,1290
GAAGCGCCTCATACTG-frozen_3T3_PEG_200_4cycles,2116,1342
ATGGCTATGGACAAAT-frozen_3T3_PEG_200_4cycles,2138,1327
CTGAGCGTGTGAAAGT-frozen_3T3_PEG_200_4cycles,2365,1434
GAGCCTGACGAGTGAC-frozen_3T3_PEG_200_4cycles,2149,1378
GTTATGCGATAATCGC-frozen_3T3_PEG_200_4cycles,1777,1133
CAATTCGGATGCATGT-frozen_3T3_PEG_200_4cycles,2191,1347
TGGATCCCTCAGGGTA-frozen_3T3_PEG_200_4cycles,2087,1334
TCGTATACTGCCCAAC-frozen_3T3_PEG_200_4cycles,1674,1069
TCCATGGCTTACCTGA-frozen_3T3_PEG_200_4cycles,2335,1396
GGGTCACACAGCTGAG-frozen_3T3_PEG_200_4cycles,2341,1406
AGCGCCTGACCTCAAA-frozen_3T3_PEG_200_4cycles,2514,1556
GTCACGCGACGTAGAG-frozen_3T3_PEG_200_4cycles,1682,1005
AGTGAAATGTCGACAT-frozen_3T3_PEG_200_4cycles,2224,1363
AACGCGAGACGTACAT-frozen_3T3_PEG_200_4cycles,2252,1387
TCTGGCTTGCAGTCTA-frozen_3T3_PEG_200_4cycles,2008,1281
GTTCTTCCTAGAGGCT-frozen_3T3_PEG_200_4cycles,1968,1281
ACATGTGTGTTGTGAC-frozen_3T3_PEG_200_4cycles,2072,1338
AGTTCACGAACGTGCC-frozen_3T3_PEG_200_4cycles,2204,1416
CCCATTTCTAGTCTAC-frozen_3T3_PEG_200_4cycles,2371,1399
CAGTGTAACAGGACCA-frozen_3T3_PEG_200_4cycles,1869,1181
CAGATTTCTGACGCCT-frozen_3T3_PEG_200_4cycles,1883,1207
AGAATCCACCCAGAGA-frozen_3T3_PEG_200_4cycles,2335,1439
ATGCAAAGACACCTAA-frozen_3T3_PEG_200_4cycles,2056,1280
TGTAACGTGGGCCAAA-frozen_3T3_PEG_200_4cycles,1970,1246
AGGGACATGCCAAACT-frozen_3T3_PEG_200_4cycles,2009,1278
GCTATTGGACAAGTAA-frozen_3T3_PEG_200_4cycles,2110,1316
CCGTTAAGAGCTTCGG-frozen_3T3_PEG_200_4cycles,2285,1389
AACCGCTCTTCGGGCT-frozen_3T3_PEG_200_4cycles,2015,1292
AAGTGCTTGAACGAAT-frozen_3T3_PEG_200_4cycles,2047,1241
TGAAAGAACATAGCAA-frozen_3T3_PEG_200_4cycles,2026,1299
TGGATTGACATTGGTC-frozen_3T3_PEG_200_4cycles,2043,1313
TGCAGATACCTCTGGG-frozen_3T3_PEG_200_4cycles,1878,1205
TAACTCACTAAAGGTT-frozen_3T3_PEG_200_4cycles,1650,1056
AAACGAAACCGTAACT-frozen_3T3_PEG_200_4cycles,2094,1314
AGTGTGACTTGGGCCT-frozen_3T3_PEG_200_4cycles,2185,1360
GCAAATCTGTGCTGTA-frozen_3T3_PEG_200_4cycles,2141,1338
CTGACGTCTCGAATCT-frozen_3T3_PEG_200_4cycles,1777,1123
AATTACCCTTCAGGTT-frozen_3T3_PEG_200_4cycles,1994,1275
GTAAACAGAAGGTAAT-frozen_3T3_PEG_200_4cycles,2003,1281
ATATGCCGATGAGCAG-frozen_3T3_PEG_200_4cycles,2037,1288
AAGACCTACGCCCTAG-frozen_3T3_PEG_200_4cycles,2065,1284
ACGGCCATGGGACAGT-frozen_3T3_PEG_200_4cycles,1889,1216
GCTACGGACTGCTCAA-frozen_3T3_PEG_200_4cycles,1729,1093
ATCGGGCACGCGCACT-frozen_3T3_PEG_200_4cycles,2116,1309
TCGGGTCGACGATTAC-frozen_3T3_PEG_200_4cycles,1851,1195
TCAATCGGAGGACACA-frozen_3T3_PEG_200_4cycles,1940,1233
CAATCAGACAGTGGTG-frozen_3T3_PEG_200_4cycles,1880,1181
ATTGAGAGATGACCTA-frozen_3T3_PEG_200_4cycles,2167,1363
AAACTCTCTGGAATGC-frozen_3T3_PEG_200_4cycles,2145,1281
GACTACTGATATCTGG-frozen_3T3_PEG_200_4cycles,1727,1104
AGCGCCTGAGCTACGC-frozen_3T3_PEG_200_4cycles,1597,1018
TGATATCCTGGACCAA-frozen_3T3_PEG_200_4cycles,1936,1217
CGATGATTGGGTTTGT-frozen_3T3_PEG_200_4cycles,1980,1222
TTCTAGACTCACAGTT-frozen_3T3_PEG_200_4cycles,1845,1152
CGTAGCTCTTGGCTTA-frozen_3T3_PEG_200_4cycles,1808,1160
CTCGGTTACGAACATA-frozen_3T3_PEG_200_4cycles,1850,1155
TTCGACCACCGCCACA-frozen_3T3_PEG_200_4cycles,2088,1208
TTCCCTGGAAACCCGC-frozen_3T3_PEG_200_4cycles,1934,1251
GTTACAGTGAAAGCTA-frozen_3T3_PEG_200_4cycles,1976,1221
AAGTTTCCTCTTGAAC-frozen_3T3_PEG_200_4cycles,1970,1224
CAAAGGGACCTACTCC-frozen_3T3_PEG_200_4cycles,1601,985
GGTTGAACTGCCCAAC-frozen_3T3_PEG_200_4cycles,1834,1150
GGTAGCAGAGCTACGC-frozen_3T3_PEG_200_4cycles,1688,1084
CAGTGTAACACCCGGT-frozen_3T3_PEG_200_4cycles,1941,1202
TCGTGAATGGATAGCG-frozen_3T3_PEG_200_4cycles,1522,970
GCCTAAATGTGGTGAG-frozen_3T3_PEG_200_4cycles,1857,1174
TCGCGGTGACTGTACA-frozen_3T3_PEG_200_4cycles,1846,1160
GAGAAGAGACCGTGAC-frozen_3T3_PEG_200_4cycles,1876,1162
TTCAGTTACAGCCCTG-frozen_3T3_PEG_200_4cycles,1978,1222
CAGCTCACTAGCTTTG-frozen_3T3_PEG_200_4cycles,1688,1074
GAACCATACCCTAGGC-frozen_3T3_PEG_200_4cycles,1796,1179
TAACGTTCTGCTTACA-frozen_3T3_PEG_200_4cycles,1835,1144
GTCCGTTACAAGCTAA-frozen_3T3_PEG_200_4cycles,1563,965
TACGTGAACGAGAGGG-frozen_3T3_PEG_200_4cycles,1653,1041
TATCCATACACCGTTA-frozen_3T3_PEG_200_4cycles,1765,1134
AATGGTGCTGTGAGCA-frozen_3T3_PEG_200_4cycles,1896,1186
AATCCAGACCCAGAGA-frozen_3T3_PEG_200_4cycles,1678,1071
AGGCGATGATCGCAGC-frozen_3T3_PEG_200_4cycles,1780,1074
ATTTAGCCTAATGCTC-frozen_3T3_PEG_200_4cycles,1937,1232
TTGCGGTCTTTTCCGC-frozen_3T3_PEG_200_4cycles,1653,1062
GCTTCCTGAAAGACAT-frozen_3T3_PEG_200_4cycles,1921,1193
GGTATACTGCAGGCCT-frozen_3T3_PEG_200_4cycles,1845,1157
TAAGTGCACGTTTGGT-frozen_3T3_PEG_200_4cycles,2021,1300
CTGCCATTGGAATAGT-frozen_3T3_PEG_200_4cycles,1876,1165
AGGTAGGTGGGACCAA-frozen_3T3_PEG_200_4cycles,1926,1222
TTCACGAGAGGTAGAC-frozen_3T3_PEG_200_4cycles,1742,1100
GTAGGTTTGTTGGTTG-frozen_3T3_PEG_200_4cycles,2099,1257
TCGGACCGATGCAAGG-frozen_3T3_PEG_200_4cycles,1697,1076
TACCCGTTGAACGTTC-frozen_3T3_PEG_200_4cycles,1758,1138
TATCACTACCCTATCC-frozen_3T3_PEG_200_4cycles,1739,1115
ACTCGCTACACCAGTT-frozen_3T3_PEG_200_4cycles,1605,1030
AGACCATTGGGTTGAG-frozen_3T3_PEG_200_4cycles,1778,1105
GCATCCTTGCGGTACC-frozen_3T3_PEG_200_4cycles,1729,1085
GGCAGTAGAACCTTGA-frozen_3T3_PEG_200_4cycles,1837,1138
GAGAGTGACAGTTGAA-frozen_3T3_PEG_200_4cycles,1765,1127
GAGTCTCCTTACGTTG-frozen_3T3_PEG_200_4cycles,1710,1109
CGATATTCTCAGGGAT-frozen_3T3_PEG_200_4cycles,1587,1016
ACCTCCAACTTGGGAG-frozen_3T3_PEG_200_4cycles,1724,1104
AACTCCCTGAGTAGGC-frozen_3T3_PEG_200_4cycles,1638,1033
AAGTACCACGTTAGAA-frozen_3T3_PEG_200_4cycles,1618,980
GTGTGATACTAACCCA-frozen_3T3_PEG_200_4cycles,1785,1108
GAAGTCTTGAATGCTC-frozen_3T3_PEG_200_4cycles,1719,1112
ATCGGTCCTCAGGGAT-frozen_3T3_PEG_200_4cycles,1482,963
TTTACCAACAACCCGC-frozen_3T3_PEG_200_4cycles,1774,1092
AAAGCGGACTCCCGTT-frozen_3T3_PEG_200_4cycles,1588,988
GGATATAGAGCTTACA-frozen_3T3_PEG_200_4cycles,1713,1091
CAACCCTACCGTACAT-frozen_3T3_PEG_200_4cycles,1714,1054
CCTCACAACGAATGTA-frozen_3T3_PEG_200_4cycles,1728,1089
TGCGGGACTGACATAA-frozen_3T3_PEG_200_4cycles,1510,932
ATCGAGACTCATACTG-frozen_3T3_PEG_200_4cycles,1259,829
AGCACATTGGCGGTTC-frozen_3T3_PEG_200_4cycles,1495,971
CGGCTAGTGTCAGGTT-frozen_3T3_PEG_200_4cycles,1740,1084
GACCACTCTCCTAGTA-frozen_3T3_PEG_200_4cycles,1634,1057
AATCAGCTGGGCAGTA-frozen_3T3_PEG_200_4cycles,1503,964
AAATAGGTGCAACGCC-frozen_3T3_PEG_200_4cycles,1612,1050
CCGCTATTGCGTACAT-frozen_3T3_PEG_200_4cycles,1688,1059
ATGGCATTGATCATGC-frozen_3T3_PEG_200_4cycles,1850,1162
TGGATCCCTGCGTATT-frozen_3T3_PEG_200_4cycles,1596,1015
GGGTAGAACTGCTGTA-frozen_3T3_PEG_200_4cycles,1765,1089
TGGTCCTTGAACGTTC-frozen_3T3_PEG_200_4cycles,1573,972
AATGTGCACACGCCAC-frozen_3T3_PEG_200_4cycles,1333,838
GAGTCATTGTGAGCAG-frozen_3T3_PEG_200_4cycles,1632,1023
TCGTAATCTACTAGTC-frozen_3T3_PEG_200_4cycles,992,640
TCCATTTGATAACTCG-frozen_3T3_PEG_200_4cycles,1760,1094
GCATCACCTTGAACAA-frozen_3T3_PEG_200_4cycles,1612,975
GATCATGTGAATGCGG-frozen_3T3_PEG_200_4cycles,1532,1023
TATTGGTCTCGGAATG-frozen_3T3_PEG_200_4cycles,1592,946
GCTCCTAACGGCCATC-frozen_3T3_PEG_200_4cycles,1537,979
AGGAGTTCTAAGCTAA-frozen_3T3_PEG_200_4cycles,1464,932
GCGAGAATGGACCGAA-frozen_3T3_PEG_200_4cycles,1463,914
CTCAATTTGGTACTAC-frozen_3T3_PEG_200_4cycles,1460,902
CTCTGGACTAGTCGGA-frozen_3T3_PEG_200_4cycles,1358,848
GGAACTACTGACGCCT-frozen_3T3_PEG_200_4cycles,1524,960
TACCCGGGAGAGAGGG-frozen_3T3_PEG_200_4cycles,1471,943
TGTCGCTTGCCACAAT-frozen_3T3_PEG_200_4cycles,1350,895
ACTGCTAGACCGCAGT-frozen_3T3_PEG_200_4cycles,1589,994
CGTCTTGACTAACCCA-frozen_3T3_PEG_200_4cycles,1335,871
GGCAACAGAGCTAGAG-frozen_3T3_PEG_200_4cycles,1521,961
TCAGGAGGAGAACCTT-frozen_3T3_PEG_200_4cycles,1980,1263
ACGCAGAGATTGACAC-frozen_3T3_PEG_200_4cycles,1556,963
AAGACCTACGGAGTCA-frozen_3T3_PEG_200_4cycles,1628,1027
CCGCTATTGTGGTGAG-frozen_3T3_PEG_200_4cycles,1425,902
TCGTTGCTGCAGCTGC-frozen_3T3_PEG_200_4cycles,1460,947
GATCGCGTGAGGTAAT-frozen_3T3_PEG_200_4cycles,1215,809
GAGATCACTTGAGTAA-frozen_3T3_PEG_200_4cycles,1494,940
TCCGGGTGAAGGTGCA-frozen_3T3_PEG_200_4cycles,1451,900
AGGGAGTTGCACTCAA-frozen_3T3_PEG_200_4cycles,1485,903
TACTAGCGATGGCTTA-frozen_3T3_PEG_200_4cycles,1220,803
TCGACTCTGTGAGGCA-frozen_3T3_PEG_200_4cycles,1334,840
GCACAATTGGGGACTA-frozen_3T3_PEG_200_4cycles,1440,917
AAAGGATACAGGCGTA-frozen_3T3_PEG_200_4cycles,1494,903
TTCGCACTGCAAGGTG-frozen_3T3_PEG_200_4cycles,1286,843
TAGCTGATGCATGCAT-frozen_3T3_PEG_200_4cycles,1147,764
GAACTCCCTTAATGCC-frozen_3T3_PEG_200_4cycles,1500,960
TGGAATGCTAAGTAAC-frozen_3T3_PEG_200_4cycles,1367,831
ATTCCAGGAATCTGTG-frozen_3T3_PEG_200_4cycles,1526,947
GTTCCCAACGGACTGA-frozen_3T3_PEG_200_4cycles,1400,861
AGCTTGCCTCGGTACC-frozen_3T3_PEG_200_4cycles,1574,985
GTCGATAACGCACGCT-frozen_3T3_PEG_200_4cycles,1348,875
ATCGAGACTGATAGCG-frozen_3T3_PEG_200_4cycles,1390,878
GTATAGGCTCGCACTG-frozen_3T3_PEG_200_4cycles,1495,898
ACTCGCTACACGCGAA-frozen_3T3_PEG_200_4cycles,1314,826
GACCGCTGATTCGTTT-frozen_3T3_PEG_200_4cycles,1234,774
GATGCATTGCCTAGCG-frozen_3T3_PEG_200_4cycles,1361,885
TGAGGTACTGTCCCGA-frozen_3T3_PEG_200_4cycles,1377,848
TGTCCGTTGGGCCAAA-frozen_3T3_PEG_200_4cycles,1254,820
GTACTGCCTATCCGTA-frozen_3T3_PEG_200_4cycles,1204,764
GCTGGACACTGTGCTA-frozen_3T3_PEG_200_4cycles,1268,820
ATCCTCGACTTAGCTG-frozen_3T3_PEG_200_4cycles,1458,904
GCGCGAACTCGGCACT-frozen_3T3_PEG_200_4cycles,1348,859
CATGTCAGACCCGCAA-frozen_3T3_PEG_200_4cycles,1133,709
GTTCCCATGCAGGTGA-frozen_3T3_PEG_200_4cycles,1258,825
CAGGGCACTAGGGCTA-frozen_3T3_PEG_200_4cycles,1295,757
CCGAGACACTGAGGCA-frozen_3T3_PEG_200_4cycles,1228,792
ACACTCCACTATGACC-frozen_3T3_PEG_200_4cycles,1412,887
ACGGAATCTAGGCGTA-frozen_3T3_PEG_200_4cycles,1271,793
CGTCGTACTGGATGGT-frozen_3T3_PEG_200_4cycles,1414,839
AAGTGACCTACTAGTC-frozen_3T3_PEG_200_4cycles,1026,668
TTCTTAGACGCTCAGC-frozen_3T3_PEG_200_4cycles,1215,777
GACCCACGAATAGGTA-frozen_3T3_PEG_200_4cycles,1116,756
GAACAACCTTAACCCA-frozen_3T3_PEG_200_4cycles,1280,846
TACTGGAACTCGTCAA-frozen_3T3_PEG_200_4cycles,1428,894
GTATAGGCTACCTGCG-frozen_3T3_PEG_200_4cycles,1252,830
ATCTTACTGGAGTGAC-frozen_3T3_PEG_200_4cycles,1153,751
GTGCATTGAAGTCTAC-frozen_3T3_PEG_200_4cycles,1473,963
GGCAACAGAGCCCTTT-frozen_3T3_PEG_200_4cycles,1057,672
TTGTCAACTGCCCTGA-frozen_3T3_PEG_200_4cycles,1352,850
TTGCGGTCTCGAGGTA-frozen_3T3_PEG_200_4cycles,1240,760
AAGTGACCTACCATGT-frozen_3T3_PEG_200_4cycles,1447,905
ACCTCCAACAGCTTTG-frozen_3T3_PEG_200_4cycles,1023,655
GTCGGCTGACAGCACC-frozen_3T3_PEG_200_4cycles,1149,728
ACGAGGATGTCGTCAA-frozen_3T3_PEG_200_4cycles,1144,707
GACTATTCTTAAGTAG-frozen_3T3_PEG_200_4cycles,1256,828
TTGGAGACTTGCTGTA-frozen_3T3_PEG_200_4cycles,1361,869
AACCGGCACTGCATGT-frozen_3T3_PEG_200_4cycles,1088,702
AGTTTCACTTTAGCTG-frozen_3T3_PEG_200_4cycles,1153,733
TGAGCTAACCTTCAAG-frozen_3T3_PEG_200_4cycles,1208,751
GATGGTTACAATAGCA-frozen_3T3_PEG_200_4cycles,927,626
AGCTATCGATTCTGAG-frozen_3T3_PEG_200_4cycles,1223,712
TCAATCGGATCATTTC-frozen_3T3_PEG_200_4cycles,1282,778
TAACGTTCTAGGTGAC-frozen_3T3_PEG_200_4cycles,887,585
TAACGAGCTGGCCTGT-frozen_3T3_PEG_200_4cycles,1137,716
ATCGCAAACCTGTACA-frozen_3T3_PEG_200_4cycles,1294,825
GCACTTCTGACGCCAC-frozen_3T3_PEG_200_4cycles,1208,758
CACTATTTGGACTGTT-frozen_3T3_PEG_200_4cycles,1140,731
GCACAATACGCCGCTA-frozen_3T3_PEG_200_4cycles,1127,700
GGACCACTGCATGCGC-frozen_3T3_PEG_200_4cycles,1185,730
AATCCAGACTCATGCA-frozen_3T3_PEG_200_4cycles,1238,813
AGGACAGACTTCGTTT-frozen_3T3_PEG_200_4cycles,1068,666
GGACACCTGTTCCATT-frozen_3T3_PEG_200_4cycles,1047,664
AACTCCCTGCGTAACT-frozen_3T3_PEG_200_4cycles,968,632
TACTGTTTGCCTAGTA-frozen_3T3_PEG_200_4cycles,828,555
TAGCATTCTGGGACTA-frozen_3T3_PEG_200_4cycles,765,503
GTCTGGCGAACCTAGT-frozen_3T3_PEG_200_4cycles,1132,675
GGTAAGCGAGACATAA-frozen_3T3_PEG_200_4cycles,1206,733
AAGACCTACCGAAAGC-frozen_3T3_PEG_200_4cycles,838,516
GTCGGCTGATAGGAGC-frozen_3T3_PEG_200_4cycles,1040,645
GACAATCTGAGCGCTC-frozen_3T3_PEG_200_4cycles,1029,695
GCGTTCTACAAATGCA-frozen_3T3_PEG_200_4cycles,1134,694
GATAAGAACAGGACCA-frozen_3T3_PEG_200_4cycles,1029,680
GTCCTACACAGCGCTC-frozen_3T3_PEG_200_4cycles,995,653
TCGCACGGACTGGAAG-frozen_3T3_PEG_200_4cycles,962,609
GATGGTTACAGTGGTG-frozen_3T3_PEG_200_4cycles,952,620
ACTGGAGGACGGCACT-frozen_3T3_PEG_200_4cycles,981,611
ACGAGGCCTTGCTACA-frozen_3T3_PEG_200_4cycles,974,659
GCCGTTTACTCGTAAC-frozen_3T3_PEG_200_4cycles,873,583
CTCCTAGTGAGGGAGG-frozen_3T3_PEG_200_4cycles,956,569
GAGTTGTTGCCTAGGC-frozen_3T3_PEG_200_4cycles,1008,659
ATCAAAGGAAGCAGGT-frozen_3T3_PEG_200_4cycles,1121,695
CAACAACACGGAATGC-frozen_3T3_PEG_200_4cycles,800,510
ATGTCCGCTCCTGAGC-frozen_3T3_PEG_200_4cycles,863,532
TCACTATTGTTCGCCT-frozen_3T3_PEG_200_4cycles,1064,661
GGATACTACAGGTGCA-frozen_3T3_PEG_200_4cycles,988,630
GGTTCAATGTCCCGTT-frozen_3T3_PEG_200_4cycles,1159,727
TCGATGATGTACGTTG-frozen_3T3_PEG_200_4cycles,869,551
ACGAGGATGTAAGTAG-frozen_3T3_PEG_200_4cycles,611,415
TGCTACCTGGTTGGTT-frozen_3T3_PEG_200_4cycles,948,601
ATCTTACTGACGCCAC-frozen_3T3_PEG_200_4cycles,711,454
CACTATACTATCATCG-frozen_3T3_PEG_200_4cycles,919,570
CTCAGCACTTGGCTTA-frozen_3T3_PEG_200_4cycles,904,560
GGGTGAAACTGACTCA-frozen_3T3_PEG_200_4cycles,785,508
CCTCACATGATGTCAC-frozen_3T3_PEG_200_4cycles,851,553
CAGGAGCCTGTACGTT-frozen_3T3_PEG_200_4cycles,838,520
TACACGTGATGTTCCC-frozen_3T3_PEG_200_4cycles,895,574
GAAGTAATGTACACTG-frozen_3T3_PEG_200_4cycles,912,614
TAGCTCGCTGTTAGGG-frozen_3T3_PEG_200_4cycles,921,572
ATGTTTCACACCGTGC-frozen_3T3_PEG_200_4cycles,920,575
TCGGGTGACACACAAA-frozen_3T3_PEG_200_4cycles,883,573
CACGGAAGACGAATCT-frozen_3T3_PEG_200_4cycles,865,525
GTGTAACTGTTTGGGT-frozen_3T3_PEG_200_4cycles,663,429
ACCGGCTGAATGGCCC-frozen_3T3_PEG_200_4cycles,981,625
TCAATCGGAACCGTTA-frozen_3T3_PEG_200_4cycles,866,525
ACCGTGTCTGCTGAGA-frozen_3T3_PEG_200_4cycles,954,609
GTATTCACTACCTAGT-frozen_3T3_PEG_200_4cycles,889,568
ACTGTGATGGCTTACA-frozen_3T3_PEG_200_4cycles,969,617
TGCCGTGGATTTCTTG-frozen_3T3_PEG_200_4cycles,694,458
GTGGTTAACAGACAAT-frozen_3T3_PEG_200_4cycles,807,505
CTCAGCACTGCCCTGA-frozen_3T3_PEG_200_4cycles,848,550
